MeshGeometry
1
2
3486
12192
13
1
-0.07555826 0.2522848 -0.001037638
-0.07262716 0.2530837 -0.001971857
-0.06994782 0.2556093 -1.646062E-07
-0.06520703 0.06568997 -1.278114E-07
-0.06524902 0.06569035 -5.898838E-05
-0.05854076 0.0614629 -1.279261E-07
-0.06522959 0.06579003 -1.278414E-07
-0.06524902 0.06569035 -5.898838E-05
-0.06520703 0.06568997 -1.278114E-07
-0.06522959 0.06579003 -1.278414E-07
-0.06524902 0.06569035 -5.89888E-05
-0.06390245 0.07242403 -1.305121E-07
-0.06386744 0.07242373 -0.00401232
-0.06053258 0.06564918 -0.006433125
-0.05630529 0.07235774 -0.006396748
-0.0530132 0.06558356 -0.003917077
-0.0517428 0.07231793 -1.334147E-07
-0.05172025 0.07221786 -1.333847E-07
-0.05304738 0.06558385 -1.307141E-07
-0.06520703 0.06568997 -1.278114E-07
-0.05854076 0.0614629 -1.279261E-07
-0.06524902 0.06569035 5.873277E-05
-0.06522959 0.06579003 -1.278414E-07
-0.06520703 0.06568997 -1.278114E-07
-0.06524902 0.06569035 5.873277E-05
-0.06522959 0.06579003 -1.278414E-07
-0.06524902 0.06569035 5.873319E-05
-0.06390245 0.07242403 -1.305121E-07
-0.06386743 0.07242373 0.004012059
-0.06053258 0.06564918 0.006432868
-0.05630529 0.07235774 0.006396484
-0.05301319 0.06558356 0.003916816
-0.0517428 0.07231793 -1.334147E-07
-0.05172025 0.07221786 -1.333847E-07
-0.05304738 0.06558385 -1.307141E-07
-0.06149104 0.251393 0.003000919
-0.06186413 0.2541147 0.003122733
-0.06179575 0.2551368 -1.645499E-07
-0.06179575 0.2551368 -1.645499E-07
-0.06136896 0.2507007 -1.64021E-07
-0.06149104 0.251393 0.003000919
-0.06540637 0.2537563 0.003832087
-0.06179575 0.2551368 -1.645499E-07
-0.06186413 0.2541147 0.003122733
-0.06149104 0.251393 0.003000919
-0.06136896 0.2507007 -1.64021E-07
-0.0642331 0.2522903 0.004106182
-0.06443778 0.2528704 0.004212085
-0.06149104 0.251393 0.003000919
-0.0642331 0.2522903 0.004106182
-0.06149104 0.251393 0.003000919
-0.06443778 0.2528704 0.004212085
-0.06540637 0.2537563 0.003832087
-0.06540637 0.2537563 0.003832087
-0.06186413 0.2541147 0.003122733
-0.06149104 0.251393 0.003000919
-0.07647128 0.2509202 -1.640472E-07
-0.07214431 0.2517343 0.001916329
-0.06817708 0.2508903 -1.640437E-07
-0.06613036 0.2524547 0.003101744
-0.06817708 0.2508903 -1.640437E-07
-0.07214431 0.2517343 0.001916329
-0.06817708 0.2508903 -1.640437E-07
-0.06613036 0.2524547 0.003101744
-0.0642331 0.2522903 0.004106182
-0.0642331 0.2522903 0.004106182
-0.06136896 0.2507007 -1.64021E-07
-0.06817708 0.2508903 -1.640437E-07
-0.06179575 0.2551368 -1.645499E-07
-0.06540637 0.2537563 0.003832087
-0.06948856 0.2535744 0.002558405
-0.06948856 0.2535744 0.002558405
-0.06994782 0.2556093 -1.646062E-07
-0.06179575 0.2551368 -1.645499E-07
-0.07262716 0.2530837 0.001971528
-0.06994782 0.2556093 -1.646062E-07
-0.06948856 0.2535744 0.002558405
-0.06994782 0.2556093 -1.646062E-07
-0.07555826 0.2522848 0.00103731
-0.07899724 0.250876 -1.640419E-07
-0.07899724 0.250876 -1.640419E-07
-0.07124761 0.2549295 -1.645251E-07
-0.06994782 0.2556093 -1.646062E-07
-0.07555826 0.2522848 0.00103731
-0.06994782 0.2556093 -1.646062E-07
-0.07262716 0.2530837 0.001971528
-0.07899724 0.250876 -1.640419E-07
-0.07555826 0.2522848 -0.001037638
-0.06994782 0.2556093 -1.646062E-07
-0.06994782 0.2556093 -1.646062E-07
-0.07124761 0.2549295 -1.645251E-07
-0.07899724 0.250876 -1.640419E-07
-0.06149104 0.251393 -0.003001248
-0.06136896 0.2507007 -1.64021E-07
-0.06179575 0.2551368 -1.645499E-07
-0.07262716 0.2530837 -0.001971857
-0.06948856 0.2535744 -0.002558734
-0.06994782 0.2556093 -1.646062E-07
-0.06179575 0.2551368 -1.645499E-07
-0.06186413 0.2541146 -0.003123061
-0.06149104 0.251393 -0.003001248
-0.06948856 0.2535744 -0.002558734
-0.06540637 0.2537563 -0.003832416
-0.06179575 0.2551368 -1.645499E-07
-0.06540637 0.2537563 -0.003832416
-0.06186413 0.2541146 -0.003123061
-0.06179575 0.2551368 -1.645499E-07
-0.06179575 0.2551368 -1.645499E-07
-0.06994782 0.2556093 -1.646062E-07
-0.06948856 0.2535744 -0.002558734
-0.06149104 0.251393 -0.003001248
-0.0642331 0.2522903 -0.00410651
-0.06136896 0.2507007 -1.64021E-07
-0.0642331 0.2522903 -0.00410651
-0.06613036 0.2524547 -0.003102073
-0.06817708 0.2508903 -1.640437E-07
-0.06443778 0.2528704 -0.004212414
-0.0642331 0.2522903 -0.00410651
-0.06149104 0.251393 -0.003001248
-0.06817708 0.2508903 -1.640437E-07
-0.06136896 0.2507007 -1.64021E-07
-0.0642331 0.2522903 -0.00410651
-0.06149104 0.251393 -0.003001248
-0.06186413 0.2541146 -0.003123061
-0.06540637 0.2537563 -0.003832416
-0.06613036 0.2524547 -0.003102073
-0.07214431 0.2517343 -0.001916658
-0.06817708 0.2508903 -1.640437E-07
-0.06540637 0.2537563 -0.003832416
-0.06443778 0.2528704 -0.004212414
-0.06149104 0.251393 -0.003001248
-0.07647128 0.2509202 -1.640472E-07
-0.06909917 0.2508936 -1.640441E-07
-0.06817708 0.2508903 -1.640437E-07
-0.06817708 0.2508903 -1.640437E-07
-0.06909917 0.2508936 -1.640441E-07
-0.07647128 0.2509202 -1.640472E-07
-0.06817708 0.2508903 -1.640437E-07
-0.07214431 0.2517343 -0.001916658
-0.07647128 0.2509202 -1.640472E-07
-0.0374972 0.269818 -0.01189795
-0.02765048 0.2864417 -0.01015145
-0.02510035 0.2777218 -0.01960962
-0.0416615 0.2764741 -1.670935E-07
-0.03103074 0.2918934 -1.689316E-07
-0.04847075 0.2648893 -0.006570838
-0.04941424 0.2675386 -1.660283E-07
-0.05430475 0.2631562 -0.00249342
-0.0543876 0.2646056 -1.656786E-07
-0.05924667 0.262711 -0.001670531
-0.05955602 0.2631057 -1.654998E-07
-0.06212809 0.2620082 -0.001377429
-0.06317861 0.2610116 -1.652502E-07
-0.06612211 0.2601897 -0.001090055
-0.05896216 0.2629937 -0.002957595
-0.06129918 0.2623428 -0.002926294
-0.0584013 0.262731 -0.004350084
-0.05424991 0.262601 -0.004452669
-0.05419737 0.2607547 -0.005656648
-0.06378055 0.2613679 -0.002824793
-0.06117531 0.2619504 -0.004216916
-0.05804167 0.2607812 -0.005425891
-0.054492 0.2574736 -0.005853652
-0.04731511 0.2609416 -0.007504712
-0.04752631 0.2561676 -0.007875709
-0.03816575 0.2617994 -0.009115636
-0.03641191 0.2569154 -0.01329146
-0.02940386 0.2669614 -0.01397223
-0.02456081 0.2620028 -0.0177102
-0.02654429 0.2789494 -0.02104274
-0.02060927 0.2756048 -0.02486882
-0.02249083 0.2998724 -0.02433784
-0.01818387 0.296239 -0.02917312
-0.01547283 0.3140962 -0.02330386
-0.01198962 0.3094335 -0.0294595
-0.005451302 0.32122 -0.02868907
0.0007107849 0.3079003 -0.0349148
-0.007321663 0.3261496 -0.01533961
0.01598929 0.3277808 -0.02400527
-0.06624764 0.2595046 -1.650705E-07
-0.06317861 0.2610116 -1.652502E-07
-0.06730641 0.2590231 -0.001010639
-0.06733143 0.2591618 -1.650297E-07
-0.06926443 0.2587083 -1.649756E-07
-0.06593964 0.2599128 -0.002595392
-0.06359024 0.26063 -0.003917711
-0.060919 0.2604342 -0.005064941
-0.06899399 0.2582083 -0.00110009
-0.06710905 0.2586544 -0.002389822
-0.07102472 0.2572934 -0.001286398
-0.07165772 0.2579141 -1.648809E-07
-0.0683723 0.2577439 -0.002205185
-0.07016253 0.25565 -0.002415445
-0.07360736 0.2560987 -0.00117707
-0.07401835 0.2567715 -1.647447E-07
-0.06702248 0.2568958 -0.002843418
-0.06644473 0.2580991 -0.00328464
-0.07311562 0.2547136 -0.001743725
-0.0761219 0.2548081 -0.000784692
-0.07646728 0.2553146 -1.645711E-07
-0.07808262 0.2538917 -1.644014E-07
-0.07590865 0.253664 -0.001004393
-0.07897463 0.2520358 -1.641802E-07
-0.07555826 0.2522848 -0.001037638
-0.07899724 0.250876 -1.640419E-07
-0.07262716 0.2530837 -0.001971857
-0.06948856 0.2535744 -0.002558734
-0.06721183 0.2550476 -0.003579314
-0.06540637 0.2537563 -0.003832416
-0.06630777 0.2559831 -0.003540906
-0.06452364 0.254816 -0.004455535
-0.06323285 0.2537292 -0.004848228
-0.06443778 0.2528704 -0.004212414
-0.0642331 0.2522903 -0.00410651
-0.06469846 0.2565399 -0.003855448
-0.06370182 0.2561297 -0.004241211
-0.06505371 0.2573656 -0.003841627
-0.06240137 0.256377 -0.004696368
-0.06444488 0.2582227 -0.004166807
-0.06167161 0.2551554 -0.005309488
-0.06171815 0.2573418 -0.004834892
-0.06541694 0.2590402 -0.003634144
-0.06343926 0.259706 -0.004352588
-0.06339692 0.2586834 -0.004577718
-0.06079803 0.2590651 -0.004940633
-0.06215994 0.258256 -0.004855589
-0.05817571 0.2579851 -0.005488794
-0.05540317 0.2550673 -0.006818225
-0.04621224 0.2547536 -0.009412012
-0.05908079 0.2560534 -0.005881236
-0.06010384 0.2542105 -0.006071808
-0.06123915 0.2524965 -0.005528796
-0.04758552 0.2470682 -0.007304627
-0.03394819 0.2544268 -0.01339143
-0.03480304 0.2433563 -0.01112893
-0.01398327 0.2599086 -0.02689224
-0.02160823 0.243072 -0.01629792
-0.05522076 0.2502716 -0.005539644
-0.05742778 0.2522984 -0.006456421
-0.05906902 0.2501358 -0.00517312
-0.06273507 0.2512755 -0.003952588
-0.06196951 0.2482534 -0.002729736
-0.06550588 0.2511113 -0.003158428
-0.06613036 0.2524547 -0.003102073
-0.06538779 0.249906 -0.002486866
-0.07162208 0.2506869 -0.00171787
-0.07214431 0.2517343 -0.001916658
-0.07541145 0.2504667 -1.639932E-07
-0.07647128 0.2509202 -1.640472E-07
-0.07136299 0.249976 -1.639347E-07
-0.06585885 0.2493535 -1.638605E-07
-0.0626826 0.2477513 -1.636694E-07
-0.05622378 0.2421598 -0.003944816
-0.05906902 0.2501358 -0.00517312
-0.05522076 0.2502716 -0.005539644
-0.0469014 0.2477256 -0.007014879
-0.04953813 0.2538927 -0.006439393
-0.03655796 0.2370196 -0.01078586
-0.04905506 0.2329554 -0.00674012
0.5852227 0.1502235 0.004746844
0.5855144 0.1441727 -1.511094E-07
0.6778374 0.1498863 0.000520415
0.5853496 0.1548595 -5.005324E-05
-0.02914941 0.2656879 -1.41783E-07
-0.03896138 0.2609834 3.607489E-06
-0.02931635 0.2509162 1.74682E-06
-0.01481415 0.2599961 -1.411045E-07
-0.009228935 0.1802094 -1.390566E-07
-0.02185616 0.1872196 1.743424E-06
-0.02106168 0.172886 1.748579E-06
0.001532814 0.2138214 -1.410658E-07
-0.01824839 0.2038051 1.748065E-06
-0.01757095 0.2190707 1.744183E-06
-0.001864288 0.2452824 -1.417689E-07
-0.02191932 0.2372964 1.743745E-06
-0.02931635 0.2509162 1.74682E-06
-0.01481415 0.2599961 -1.411045E-07
0.1423649 0.03887708 0.02202396
0.1049057 0.07432719 0.02262142
0.1425703 0.03980246 0.02457244
0.1386302 0.03617927 0.02113032
0.09781472 0.07041322 0.02038854
0.1367894 0.03284591 0.02392388
0.09363458 0.06927118 0.02236983
-0.02185615 0.1872197 -1.564535E-07
-0.02106167 0.1728861 -1.547448E-07
-0.02449489 0.1721373 -0.008343088
-0.02612511 0.1864315 -0.008137695
-0.03478626 0.1699506 -0.01786088
-0.02270657 0.2031602 -0.007444215
-0.01824837 0.2038052 -1.584307E-07
-0.02170271 0.2182657 -0.006750735
-0.01757105 0.2190708 -1.602505E-07
-0.02543604 0.2355658 -0.005681235
-0.02191931 0.2372964 -1.624231E-07
-0.03164434 0.2491227 -0.005396832
-0.02931635 0.2509162 -1.640467E-07
-0.03981025 0.2584631 -0.0046153
-0.04201374 0.2533607 -0.00652615
-0.03896138 0.2609834 -1.652468E-07
-0.04822338 0.2638504 -1.655886E-07
-0.0370256 0.2451087 -0.007376196
-0.03222645 0.2321211 -0.008163464
-0.03030576 0.2168651 -0.01006692
-0.04856594 0.2627486 -0.004022571
-0.0543876 0.2646056 -1.656786E-07
-0.05430475 0.2631562 -0.00249342
-0.05424991 0.262601 -0.004452669
-0.05419737 0.2607547 -0.005656648
-0.04671156 0.2593659 -0.006058431
-0.054492 0.2574736 -0.005853652
-0.04953815 0.2538927 -0.006439393
-0.05540317 0.2550673 -0.006818225
-0.05522076 0.2502716 -0.005539644
-0.05039924 0.2486246 -0.00439685
-0.05628516 0.2481398 -0.002729735
-0.05074413 0.2466741 -1.63541E-07
-0.0567028 0.2473742 -1.636245E-07
-0.04627308 0.2462158 -0.003391519
-0.04713065 0.2451904 -1.633642E-07
-0.04376803 0.2402043 -1.627698E-07
-0.04170595 0.2414775 -0.004024153
-0.0375618 0.2303005 -0.004731046
-0.03998617 0.2294867 -1.614922E-07
-0.03695337 0.2155963 -0.00576906
-0.04043581 0.2149943 -1.597645E-07
-0.03097806 0.2022885 -0.0114221
-0.03988856 0.2019638 -0.006937472
-0.04328896 0.2019641 -1.582112E-07
-0.03482053 0.1855337 -0.01334469
-0.045261 0.1847501 -0.008105886
-0.04953378 0.1844473 -1.56123E-07
-0.04631185 0.1673297 -0.01649168
-0.03147773 0.1567127 -0.0255122
-0.04726714 0.1527326 -0.0246861
-0.05451255 0.1659732 -0.007877568
-0.05780682 0.1650582 -1.538117E-07
-0.06229334 0.1479269 -0.01414706
-0.06841762 0.1450655 -1.514283E-07
-0.05780682 0.1650582 -1.538117E-07
-0.06841762 0.1450655 -1.514283E-07
-0.06229334 0.1479269 0.01414675
-0.05451255 0.1659732 0.00787726
-0.04953378 0.1844473 -1.56123E-07
-0.04726714 0.1527326 0.0246858
-0.045261 0.1847501 0.008105572
-0.04328896 0.2019641 -1.582112E-07
-0.04631185 0.1673297 0.01649137
-0.03147773 0.1567127 0.0255119
-0.03478626 0.1699506 0.01786057
-0.03988856 0.2019638 0.006937156
-0.04043581 0.2149943 -1.597645E-07
-0.03482053 0.1855337 0.01334438
-0.03695337 0.2155963 0.00576874
-0.03998617 0.2294867 -1.614922E-07
-0.02612511 0.1864315 0.008137382
-0.02449489 0.1721373 0.008342778
-0.03097806 0.2022885 0.01142178
-0.0375618 0.2303005 0.004730723
-0.04376803 0.2402043 -1.627698E-07
-0.02185615 0.1872197 -1.564535E-07
-0.02106167 0.1728861 -1.547448E-07
-0.02270657 0.2031602 0.007443899
-0.01824837 0.2038052 -1.584307E-07
-0.03030576 0.2168651 0.0100666
-0.02170271 0.2182657 0.006750415
-0.01757105 0.2190708 -1.602505E-07
-0.03222645 0.232121 0.008163139
-0.02543604 0.2355658 0.005680911
-0.02191931 0.2372964 -1.624231E-07
-0.04170595 0.2414775 0.004023828
-0.03164434 0.2491227 0.005396505
-0.02931635 0.2509162 -1.640467E-07
-0.0370256 0.2451087 0.00737587
-0.04201374 0.2533607 0.006525822
-0.04627308 0.2462158 0.003391192
-0.04713065 0.2451904 -1.633642E-07
-0.05074413 0.2466741 -1.63541E-07
-0.03981025 0.2584631 0.004614971
-0.03896138 0.2609834 -1.652468E-07
-0.04822338 0.2638504 -1.655886E-07
-0.05039923 0.2486246 0.004396522
-0.04856594 0.2627486 0.004022241
-0.0543876 0.2646056 -1.656786E-07
-0.05430475 0.2631562 0.002493089
-0.05424991 0.262601 0.004452338
-0.05419737 0.2607547 0.005656319
-0.04671156 0.2593659 0.006058098
-0.054492 0.2574736 0.005853322
-0.04953816 0.2538927 0.006439065
-0.05540317 0.2550673 0.006817896
-0.05522074 0.2502716 0.005539319
-0.05628516 0.2481398 0.002729408
-0.0567028 0.2473742 -1.636245E-07
-0.05854076 0.0614629 -1.279261E-07
-0.0530132 0.06558356 -0.003917077
-0.05304738 0.06558385 -1.307141E-07
-0.06053258 0.06564918 -0.006433125
-0.06524902 0.06569035 -5.89888E-05
-0.06520703 0.06568997 -1.278114E-07
-0.01707805 0.1470047 0.01735054
-0.02182633 0.1462387 0.02505111
-0.02625784 0.1553883 0.01910571
-0.03520947 0.1522353 0.02394746
-0.03159722 0.1401439 0.0323791
-0.04646185 0.1483426 0.02318782
-0.04710636 0.1309942 0.03117809
-0.06000854 0.134316 0.02073162
-0.05651395 0.1457313 0.01704491
-0.0598747 0.1199413 0.02618785
-0.06080243 0.1445422 0.009841141
-0.06649036 0.130104 0.01077105
-0.06389842 0.1436455 -1.258863E-07
-0.07048871 0.1120137 0.01387506
-0.06991353 0.1302408 -1.496611E-07
-0.07454734 0.1072344 -1.462535E-07
0.5855144 0.1441727 -1.511094E-07
0.6769362 0.0983718 -2.100962E-07
0.6778374 0.1498863 0.000520415
0.7634634 0.110834 -1.999763E-07
0.765006 0.1493708 0.0007129792
0.8328083 0.1497051 -2.07284E-07
0.765006 0.1889106 -2.026164E-07
0.6778374 0.1913387 -1.78869E-07
0.5853496 0.1548595 -5.005324E-05
-0.03896138 0.2609834 -1.652468E-07
-0.02914941 0.2656879 -1.41783E-07
-0.01481415 0.2599961 -1.411045E-07
-0.02931635 0.2509162 -2.025916E-06
-0.001864288 0.2452824 -1.417689E-07
-0.02191932 0.2372964 -2.023269E-06
-0.01757095 0.2190707 -2.023308E-06
0.001532814 0.2138214 -1.410658E-07
-0.01824839 0.2038051 -2.026102E-06
-0.02185616 0.1872196 -2.019775E-06
-0.009228935 0.1802094 -1.390566E-07
-0.02106168 0.172886 -2.024157E-06
0.09363458 0.06927118 0.02236983
0.1367894 0.03284591 0.02392388
0.1367638 0.03298324 0.02636075
0.09367016 0.06925348 0.0261501
0.1386324 0.03615154 0.02870939
0.09768962 0.07055193 0.02837738
0.1417677 0.03952794 0.027848
0.1048136 0.07442777 0.02655035
0.1425703 0.03980246 0.02457244
0.1049057 0.07432719 0.02262142
-0.02182633 0.1462387 0.02505111
-0.01707805 0.1470047 0.01735054
-0.02623921 0.1554195 0.01914005
-0.03520916 0.152264 0.02398846
-0.03159722 0.1401439 0.0323791
-0.03478626 0.1699506 0.01786057
-0.02123176 0.1583758 0.00890754
-0.02449489 0.1721373 0.008342778
-0.0181428 0.1596753 -1.5317E-07
-0.02106167 0.1728861 -1.547448E-07
-0.04628865 0.1673073 0.01645317
-0.04648161 0.148364 0.02322844
-0.04710636 0.1309942 0.03117809
-0.05447492 0.1659503 0.007853644
-0.06004485 0.1343319 0.02076206
-0.0598747 0.1199413 0.02618785
-0.05654832 0.1457516 0.01707505
-0.06084556 0.1445609 0.009858197
-0.05776475 0.1650352 -1.538089E-07
-0.06394284 0.1436644 -1.512613E-07
-0.06653429 0.130119 0.01078969
-0.07048871 0.1120137 0.01387506
-0.06995911 0.1302562 -1.496629E-07
-0.07454734 0.1072344 -1.462535E-07
0.09363458 0.06927118 0.02236983
0.1005168 0.05057106 0.02502053
0.112454 0.058802 0.01531017
0.09781472 0.07041322 0.02038854
0.1049057 0.07432719 0.02262142
0.1206829 0.0654216 0.02442149
0.1048136 0.07442777 0.02655035
0.1049057 0.07432719 0.02262142
0.1206829 0.0654216 0.02442149
0.112438 0.05874353 0.03343903
0.09768962 0.07055193 0.02837738
0.09367016 0.06925348 0.0261501
0.1005168 0.05057106 0.02502053
0.09363458 0.06927118 0.02236983
0.1525537 0.03239878 0.01703886
0.1568934 0.0326312 0.01823064
0.1577203 0.03195905 0.01651243
0.1565251 0.03086649 0.01363459
0.1565193 0.02810464 0.01240922
0.1500563 0.0296449 0.01847714
0.1603034 0.03060469 0.01247168
0.1610675 0.03204632 0.01567838
0.1567771 0.02629713 0.0136727
0.1507438 0.02783775 0.02008062
0.1543419 0.02798201 0.02111749
0.1620768 0.03051368 0.01247882
0.1631428 0.03139154 0.01482809
0.1648878 0.03017959 0.01229598
0.1647799 0.03128258 0.01483754
0.1674249 0.03056124 0.01195358
0.167475 0.03180631 0.01534043
0.170001 0.02985663 0.01280177
0.1695446 0.03088595 0.01487532
0.1726974 0.03083389 0.01514407
0.1745602 0.03051897 0.0147261
0.1780208 0.03149125 0.01793731
0.1619435 0.02799345 0.01155198
0.1655586 0.02818094 0.01120612
0.1669507 0.0280952 0.01060681
0.1693611 0.02831655 0.01112275
0.1599857 0.02802408 0.01158855
0.1602239 0.02632359 0.01278053
0.1620763 0.02674629 0.01240643
0.165544 0.02661769 0.01212355
0.1669383 0.02622828 0.01172163
0.1693491 0.02674576 0.01207879
0.1705955 0.02805192 0.01244692
0.1610239 0.02643172 0.0155695
0.1627075 0.0268614 0.01519279
0.1649637 0.02670991 0.01456768
0.1733218 0.02855836 0.01325409
0.1700314 0.02750963 0.01420053
0.1676024 0.02648976 0.01485131
0.1759389 0.0297824 0.01510429
0.1746092 0.02907578 0.0156508
0.1727808 0.02929009 0.01620726
0.169605 0.028865 0.01618617
0.1675983 0.02877816 0.01731702
0.1648516 0.02842108 0.01673021
0.1635854 0.02889028 0.01668053
0.1615911 0.02906193 0.01787855
0.1583807 0.02923255 0.01842349
0.1570192 0.02626112 0.01638496
0.15723 0.02982434 0.02015131
-0.06229334 0.1479269 0.01414675
-0.06841762 0.1450655 -1.514283E-07
-0.05776475 0.1650352 -1.538089E-07
-0.05447492 0.1659503 0.007853644
-0.04726714 0.1527326 0.0246858
-0.04628865 0.1673073 0.01645317
-0.03147773 0.1567127 0.0255119
-0.03477596 0.169928 0.0178172
-0.03147773 0.1567127 -0.0255122
-0.03477596 0.1699279 -0.01781751
-0.04628865 0.1673073 -0.01645348
-0.04726714 0.1527326 -0.0246861
-0.05447492 0.1659503 -0.007853951
-0.06229334 0.1479269 -0.01414706
-0.05776475 0.1650352 -1.538089E-07
-0.06841762 0.1450655 -1.514283E-07
0.112454 0.058802 0.01531017
0.1005168 0.05057106 0.02502053
0.09359507 0.06925521 0.02234367
0.09780188 0.07041793 0.02034046
0.1049229 0.07436395 0.02259224
0.1206829 0.0654216 0.02442149
0.08687738 0.08410393 0.02687356
0.09259514 0.08501987 0.02231696
0.08704103 0.08414154 0.02241513
0.09274409 0.08474567 0.02697176
0.0999454 0.08385792 0.02223293
0.0921233 0.07915111 0.02920142
0.08765121 0.07789147 0.02868219
0.09103864 0.0705532 0.0263517
0.09999792 0.08363073 0.02703938
0.1042804 0.0788617 0.02214891
0.09835 0.08015079 0.03024198
0.09767505 0.07055409 0.02842516
0.1042365 0.07868158 0.02710699
0.1048303 0.07446376 0.02658082
0.1049229 0.07436395 0.02259224
0.1206829 0.0654216 0.02442149
0.112438 0.05874353 0.03343903
0.1004151 0.07665627 0.02961071
0.09363028 0.0692379 0.02617592
0.09086771 0.07060988 0.02210778
0.1005168 0.05057106 0.02502053
0.09359507 0.06925521 0.02234367
0.1569994 0.03261017 0.03357166
0.15586 0.03354159 0.03184322
0.1522437 0.03368743 0.03323116
0.1557127 0.03064695 0.03616371
0.1604601 0.02974553 0.03735452
0.160789 0.0321332 0.03475399
0.1553902 0.02770897 0.03615635
0.1498519 0.03036513 0.03295341
0.150698 0.02850125 0.03152517
0.1622217 0.02975033 0.03711436
0.1629667 0.03140283 0.0351612
0.1649197 0.02935493 0.03737451
0.1648322 0.03137893 0.03550009
0.1675178 0.02979451 0.03775948
0.1675666 0.03208442 0.03529564
0.1696262 0.03105915 0.03543794
0.1700448 0.02920252 0.03696727
0.1728201 0.03121932 0.03523935
0.174652 0.0307785 0.03562481
0.178121 0.03306342 0.033291
0.1556132 0.0264269 0.03435735
0.1602841 0.02684848 0.03743258
0.162208 0.02689296 0.03721725
0.1656082 0.02695845 0.03769345
0.1669872 0.02666094 0.03821042
0.1604987 0.02564006 0.03574057
0.1556495 0.02763445 0.03158782
0.1542558 0.0288056 0.03048143
0.1574476 0.03030076 0.03081707
0.1608929 0.02658174 0.03319135
0.1610871 0.02988358 0.03177544
0.1624017 0.02603511 0.03598043
0.1626009 0.02697855 0.03347071
0.1632148 0.02950834 0.03266462
0.1657839 0.02593241 0.03620951
0.1652131 0.02683739 0.0340911
0.165066 0.02928299 0.03279312
0.1671929 0.02541622 0.03643932
0.1677851 0.02660445 0.03391795
0.1677655 0.02989019 0.03242551
0.1702575 0.027638 0.03473734
0.1697803 0.02960423 0.03352342
0.1729038 0.03004432 0.03377889
0.16941 0.0271082 0.03783996
0.1695855 0.02604295 0.0363513
0.1707316 0.02744698 0.03660145
0.1734462 0.02836007 0.0362302
0.1747558 0.02975048 0.0342563
0.1760556 0.03025417 0.03505809
0.1544864 0.03393477 0.02162186
0.1568934 0.0326312 0.01823064
0.1525537 0.03239878 0.01703886
0.1515447 0.03448862 0.01923182
0.1539093 0.03645217 0.02135705
0.153786 0.03712353 0.02330956
0.1521336 0.03836055 0.02032313
0.1516867 0.03958707 0.02316351
0.1488356 0.0370464 0.01968582
0.1486502 0.03109918 0.01986919
0.1500563 0.0296449 0.01847714
0.14554 0.03366215 0.02017821
0.1461393 0.03737177 0.02127153
0.1479787 0.02942193 0.02181133
0.1507438 0.02783775 0.02008062
0.1386302 0.03617927 0.02113032
0.1423649 0.03887708 0.02202396
0.1450204 0.03091317 0.02183276
0.1367894 0.03284591 0.02392388
0.1496136 0.02708818 0.02283848
0.1475211 0.02586505 0.02394899
0.1425627 0.02903856 0.02409524
0.1425333 0.02908923 0.02658122
0.1367638 0.03298324 0.02636075
0.1473036 0.02565854 0.02724027
0.1446102 0.03138522 0.02840121
0.1386324 0.03615154 0.02870939
0.154381 0.02795139 0.02201466
0.1543419 0.02798201 0.02111749
0.15723 0.02982434 0.02015131
0.1570055 0.03034521 0.02269538
0.1567135 0.02607957 0.02225456
0.1594361 0.02599425 0.02386921
0.1541048 0.02381145 0.02277635
0.1519883 0.02323079 0.02444749
0.1519221 0.02324507 0.0269337
0.1497559 0.02788928 0.02885711
0.1542041 0.02388954 0.02880912
0.1565479 0.02601921 0.02923728
0.1475889 0.0302382 0.029139
0.1446225 0.03441445 0.02953516
0.1442271 0.03666421 0.02859099
0.1417677 0.03952794 0.027848
0.1539045 0.02890244 0.02934558
0.1561163 0.03066163 0.02882693
0.1594183 0.02606795 0.02750039
0.1574476 0.03030076 0.03081707
0.1542558 0.0288056 0.03048143
0.150698 0.02850125 0.03152517
0.1498519 0.03036513 0.03295341
0.1477524 0.03239746 0.03080984
0.1522437 0.03368743 0.03323116
0.1512824 0.03573194 0.0309849
0.1540318 0.03493874 0.02930378
0.15586 0.03354159 0.03184322
0.1537049 0.03730893 0.02938537
0.1505273 0.03876359 0.02963805
0.1540397 0.03764189 0.02730044
0.1448808 0.03837659 0.02692115
0.1504197 0.04052661 0.02706962
0.1533462 0.03702949 0.02541923
0.1452537 0.03838814 0.02487641
0.1425703 0.03980246 0.02457244
0.1510638 0.03877275 0.02487514
0.1516867 0.03958707 0.02316351
0.153786 0.03712353 0.02330956
0.1491668 0.03873536 0.02389719
0.1460212 0.03826639 0.02320089
0.1423649 0.03887708 0.02202396
0.1461393 0.03737177 0.02127153
0.1516229 0.0409348 0.02219773
0.1516867 0.03958707 0.02316351
0.1521336 0.03836055 0.02032313
0.1521273 0.03986385 0.02015738
0.1526227 0.04294991 0.02144422
0.1529836 0.0417732 0.01914954
0.1542841 0.0454435 0.02129464
0.1548615 0.04365314 0.01767609
0.1553508 0.04706227 0.01991332
0.1557147 0.04585526 0.01750764
0.1576622 0.04949355 0.0187008
0.1580161 0.04855675 0.01683802
0.1637767 0.05196801 0.01698212
0.1568934 0.0326312 0.01823064
0.1544864 0.03393477 0.02162186
0.1563102 0.0324886 0.02195748
0.1570055 0.03034521 0.02269538
0.15723 0.02982434 0.02015131
0.1577203 0.03195905 0.01651243
0.1583807 0.02923255 0.01842349
0.1610675 0.03204632 0.01567838
0.1615911 0.02906193 0.01787855
0.1631428 0.03139154 0.01482809
0.1635854 0.02889028 0.01668053
0.1647799 0.03128258 0.01483754
0.1648516 0.02842108 0.01673021
0.167475 0.03180631 0.01534043
0.1675983 0.02877816 0.01731702
0.1695446 0.03088595 0.01487532
0.169605 0.028865 0.01618617
0.1726974 0.03083389 0.01514407
0.1727808 0.02929009 0.01620726
0.1780208 0.03149125 0.01793731
0.1565479 0.02601921 0.02923728
0.1600413 0.02431134 0.02748117
0.1594183 0.02606795 0.02750039
0.1571281 0.0220242 0.02854007
0.1542041 0.02388954 0.02880912
0.1604524 0.01964143 0.02848086
0.1626276 0.02234306 0.02774469
0.156088 0.02008922 0.02693077
0.1519221 0.02324507 0.0269337
0.1519883 0.02323079 0.02444749
0.1561308 0.02007558 0.02471089
0.1541048 0.02381145 0.02277635
0.1619703 0.01877815 0.0281467
0.1639437 0.02043649 0.02747127
0.1588461 0.01783842 0.02686871
0.1605105 0.01689638 0.0265646
0.1640095 0.01630598 0.02792406
0.1655512 0.01857472 0.0276178
0.1575254 0.02227131 0.0231736
0.1567135 0.02607957 0.02225456
0.1588892 0.01782118 0.02477895
0.1632464 0.01423424 0.02672204
0.1661994 0.01484719 0.02833397
0.1681692 0.01750004 0.02770245
0.1692585 0.0155649 0.02708459
0.1603853 0.0195301 0.02323565
0.1600436 0.02420818 0.02397789
0.1594361 0.02599425 0.02386921
0.1625769 0.02227888 0.02400107
0.1605849 0.01687934 0.02504892
0.1619105 0.01867869 0.02355438
0.1638953 0.02037797 0.02432835
0.1633292 0.01423754 0.0249113
0.1639905 0.01621459 0.02377719
0.1655187 0.01849147 0.02418743
0.1640417 0.01296918 0.02687744
0.1641271 0.01296273 0.02470461
0.165992 0.01463201 0.02334241
0.1681096 0.01745839 0.02408489
0.168247 0.01340041 0.0244605
0.1692404 0.01552984 0.02467534
0.1718929 0.01382552 0.02494918
0.1663302 0.01200115 0.02669503
0.1663944 0.0119824 0.02485734
0.1681754 0.01337929 0.02719182
0.171967 0.01387307 0.02682342
0.1679498 0.01205681 0.02581795
0.1730823 0.01230242 0.02504588
0.1787707 0.0125432 0.02602193
0.1707093 0.01120839 0.02589231
0.1730944 0.01231618 0.02676049
0.1741321 0.0114424 0.02590868
0.15586 0.03354159 0.03184322
0.1558987 0.03314405 0.0290426
0.1540318 0.03493874 0.02930378
0.1561163 0.03066163 0.02882693
0.1574476 0.03030076 0.03081707
0.1569994 0.03261017 0.03357166
0.1610871 0.02988358 0.03177544
0.160789 0.0321332 0.03475399
0.1632148 0.02950834 0.03266462
0.1629667 0.03140283 0.0351612
0.165066 0.02928299 0.03279312
0.1648322 0.03137893 0.03550009
0.1677655 0.02989019 0.03242551
0.1675666 0.03208442 0.03529564
0.1697803 0.02960423 0.03352342
0.1696262 0.03105915 0.03543794
0.1729038 0.03004432 0.03377889
0.1728201 0.03121932 0.03523935
0.178121 0.03306342 0.033291
0.171967 0.01387307 0.02682342
0.1787707 0.0125432 0.02602193
0.1718929 0.01382552 0.02494918
0.1692585 0.0155649 0.02708459
0.1692404 0.01552984 0.02467534
0.1681692 0.01750004 0.02770245
0.1681096 0.01745839 0.02408489
0.1655512 0.01857472 0.0276178
0.1655187 0.01849147 0.02418743
0.1639437 0.02043649 0.02747127
0.1638953 0.02037797 0.02432835
0.1626276 0.02234306 0.02774469
0.1625769 0.02227888 0.02400107
0.1600413 0.02431134 0.02748117
0.1600436 0.02420818 0.02397789
0.1594183 0.02606795 0.02750039
0.1594361 0.02599425 0.02386921
0.1570055 0.03034521 0.02269538
0.1561163 0.03066163 0.02882693
0.1558987 0.03314405 0.0290426
0.1563102 0.0324886 0.02195748
0.1540318 0.03493874 0.02930378
0.1544864 0.03393477 0.02162186
0.153786 0.03712353 0.02330956
0.1533462 0.03702949 0.02541923
0.1540397 0.03764189 0.02730044
0.1537049 0.03730893 0.02938537
0.06735168 0.09405851 0.02072161
0.08704103 0.08414154 0.02241513
0.08842207 0.07880814 0.0196934
0.06363939 0.09036209 0.01636345
0.06114326 0.104162 0.01755751
0.0568973 0.09738815 0.01390024
0.05926735 0.08427544 0.01760977
0.09086771 0.07060988 0.02210778
0.05468817 0.07799128 0.02169762
0.04530725 0.08858974 0.01481012
0.03555151 0.08297272 0.02158432
0.02723202 0.08619001 0.01941788
0.05468817 0.07799128 0.02169762
0.09086771 0.07060988 0.02210778
0.09103864 0.0705532 0.0263517
0.05487995 0.07771709 0.0295334
0.08765121 0.07789147 0.02868219
0.03555151 0.08297272 0.02158432
0.05806643 0.08337016 0.03469591
0.03528721 0.08565819 0.0319709
0.06283198 0.09066182 0.03360556
0.08687738 0.08410393 0.02687356
0.02734966 0.08756915 0.02591365
0.02723202 0.08619001 0.01941788
0.02318902 0.09369567 0.02459532
0.02672767 0.09404399 0.0286199
0.02321169 0.1024581 0.02806615
0.03915211 0.09516305 0.03609248
0.03028405 0.1055786 0.03218107
0.02635651 0.111553 0.02825001
0.03925547 0.1160823 0.02870055
0.04211912 0.1115489 0.03209899
0.05347441 0.1124608 0.02678466
0.0491013 0.1041086 0.03403578
0.06619461 0.09428161 0.02848924
0.08704103 0.08414154 0.02241513
0.06735168 0.09405851 0.02072161
0.05799778 0.1057808 0.02865897
0.06114326 0.104162 0.01755751
-0.04158156 0.2764247 -1.670876E-07
-0.0309508 0.291844 -1.689257E-07
-0.02757054 0.2863923 0.01015111
-0.03741727 0.2697686 0.01189762
-0.02502041 0.2776724 0.01960929
-0.04839081 0.2648399 0.006570507
-0.0493343 0.2674892 -1.660224E-07
-0.05430475 0.2631562 0.002493089
-0.0543876 0.2646056 -1.656786E-07
-0.05540317 0.2550673 0.006817896
-0.054492 0.2574736 0.005853322
-0.04621222 0.2547536 0.009411686
-0.04758551 0.247027 0.007209416
-0.05522074 0.2502716 0.005539319
-0.03394817 0.2544268 0.0133911
-0.03480302 0.2433152 0.01103372
-0.01398325 0.2599086 0.02689192
-0.02160821 0.2430308 0.01620271
0.4725996 0.1413603 -1.51015E-07
0.5855142 0.1441727 -1.513454E-07
0.5852225 0.1502235 0.004746842
0.4723704 0.1471609 0.006516912
0.3578515 0.1438833 0.008111323
0.3580388 0.1380842 -1.506115E-07
0.2469579 0.1363959 0.008060428
0.247249 0.1340922 -1.501656E-07
0.1324589 0.1311582 -1.497095E-07
0.1328796 0.1357856 0.008477623
0.09249525 0.1227733 -1.486661E-07
0.09263148 0.1290605 0.01003216
0.1328718 0.1436664 0.0107997
0.09300607 0.1388888 0.01235424
0.247157 0.1444155 0.01038251
0.1332226 0.1513657 0.005720705
0.09307282 0.1494398 0.008029152
0.09560977 0.1547393 -1.524737E-07
0.1332021 0.1551868 -1.525706E-07
0.2471008 0.1514339 0.005158446
0.2473605 0.1548597 -1.526413E-07
0.3581478 0.1548597 -1.526112E-07
0.3578938 0.151434 0.004872309
0.4723952 0.150939 0.004764628
0.4725956 0.1548596 -1.526242E-07
0.5853486 0.1548596 -1.5262E-07
-0.06524902 0.06569035 5.873319E-05
-0.06520703 0.06568997 -1.278114E-07
-0.05854076 0.0614629 -1.279261E-07
-0.06053258 0.06564918 0.006432868
-0.05301319 0.06558356 0.003916816
-0.05304738 0.06558385 -1.307141E-07
0.09307282 0.1494398 0.008029152
0.09560977 0.1547393 -1.524737E-07
0.08157569 0.1541035 -1.524914E-07
0.08194347 0.1516654 0.008949672
0.09327625 0.149773 0.0131242
0.06786057 0.1488849 0.009186684
0.066797 0.1519405 -1.522371E-07
0.04894001 0.1475339 0.009507
0.04861166 0.1498001 -1.519883E-07
0.04931686 0.1425861 0.01805818
0.06935513 0.1418578 0.01514475
0.0198628 0.1426842 0.01306823
0.04996383 0.1365602 0.02375894
0.01980707 0.1455084 0.00744203
0.01976585 0.1465002 -1.515988E-07
0.00810386 0.1466503 -1.516173E-07
0.00829934 0.1425199 0.01387373
0.008230759 0.1456373 0.007859735
-0.001054688 0.1470428 -1.516641E-07
-0.002690239 0.1415815 0.01502164
-0.003144554 0.1393113 0.02145377
-0.01313221 0.136346 0.02302605
-0.007503731 0.1339575 0.02569918
-0.001579529 0.1456004 0.00809985
-0.007507752 0.147793 -1.517535E-07
-0.008168267 0.1455442 0.008562716
-0.01398859 0.1519063 -1.522438E-07
-0.0102144 0.1414958 0.01600312
-0.01544591 0.1504848 0.008815475
-0.0181428 0.1596753 -1.5317E-07
-0.02123176 0.1583758 0.00890754
-0.01706189 0.14702 0.01736202
-0.02623921 0.1554195 0.01914005
-0.02181645 0.1430934 0.0233374
-0.03520947 0.1522353 0.02394746
-0.03159965 0.1401569 0.02827277
-0.04646185 0.1483426 0.02318782
-0.04216965 0.1344031 0.02798264
-0.05651395 0.1457313 0.01704491
-0.05293581 0.1282059 0.02136276
-0.02707426 0.1300395 0.03022474
-0.06080243 0.1445422 0.009841141
-0.05995956 0.1250696 0.01196871
-0.0631777 0.1325198 -1.499328E-07
-0.06389842 0.1436455 -1.258863E-07
-0.0637207 0.1250901 -1.490471E-07
-0.06377809 0.1112564 0.00789935
-0.06591417 0.1110374 -1.465463E-07
-0.05860155 0.1109601 0.01290574
-0.05314799 0.1101795 0.01370369
-0.0648814 0.1005091 0.006987766
-0.06699599 0.1000801 -1.395598E-07
-0.05897062 0.0999357 0.01266362
-0.06403346 0.08698925 0.005971923
-0.06575988 0.08658834 -1.350799E-07
-0.05894474 0.08720796 0.01038619
-0.05869253 0.07418846 0.003791648
-0.06292585 0.07417314 -1.313678E-07
-0.05347576 0.08754202 0.007795556
-0.05420113 0.07423598 -1.334997E-07
-0.05134561 0.08680586 -1.386423E-07
-0.05124544 0.101111 0.01001812
-0.04932078 0.0953614 -1.455032E-07
-0.04596846 0.09134547 -1.450244E-07
-0.04260995 0.09476082 0.01214476
-0.03552562 0.1018709 0.02295356
-0.04662651 0.1159526 0.02240747
-0.01601716 0.07986422 0.01400364
-0.01750591 0.07555514 -1.431421E-07
-0.0138204 0.08869888 0.0246855
-0.02837376 0.1116682 0.02813022
-0.0369916 0.1229218 0.02621779
0.01188415 0.0774317 0.01240069
0.01227174 0.07424601 -1.42986E-07
0.02925854 0.08053195 -1.437347E-07
0.01182731 0.08710696 0.02395723
-0.01183611 0.1011742 0.03023053
-0.01002033 0.1123101 0.03300711
-0.02372258 0.1202505 0.03347992
-0.01817708 0.1271721 0.03169014
-0.009018826 0.1240295 0.03014681
-0.005279511 0.1273278 0.02900249
9.896088E-05 0.1192252 0.03029657
0.001779938 0.124419 0.02876484
0.009650643 0.1261011 0.02675097
0.009165177 0.1193604 0.02877166
0.02082504 0.128071 0.02496471
0.01023841 0.1094435 0.03019693
0.02319707 0.1207772 0.02853703
0.03286559 0.1310945 0.02551938
0.01122511 0.09900817 0.02992343
0.03589932 0.1245863 0.02807112
0.02635651 0.111553 0.02825001
0.02321169 0.1024581 0.02806615
0.02318902 0.09369567 0.02459532
0.03925547 0.1160823 0.02870055
0.02723202 0.08619001 0.01941788
0.02888516 0.08222087 0.01008037
0.04530725 0.08858974 0.01481012
0.04524659 0.08429802 0.008322561
0.04500124 0.08320711 -1.440519E-07
0.06378611 0.09296563 -1.45652E-07
0.06272522 0.09467348 0.008005343
0.07699689 0.1099598 0.00788013
0.0568973 0.09738815 0.01390024
0.07893692 0.1093488 -1.476045E-07
0.06114326 0.104162 0.01755751
0.09249525 0.1227733 -1.486661E-07
0.06807977 0.115089 0.01841668
0.05347441 0.1124608 0.02678466
0.08813903 0.1231316 0.007638759
0.09263148 0.1290605 0.01003216
0.0523421 0.1223687 0.02628781
0.07085873 0.1284163 0.01965611
0.05162432 0.129939 0.02285192
0.08137029 0.1350023 0.01575997
0.09300607 0.1388888 0.01235424
-0.0270579 0.09606908 0.02912906
-0.02926237 0.1005473 0.02752881
-0.02614464 0.1005201 0.03174236
-0.02701217 0.09606867 0.03437051
-0.02918836 0.1005467 0.03600967
-0.03198275 0.09611206 0.03603371
-0.03418722 0.1005903 0.03443347
-0.03510049 0.09613927 0.03182017
-0.03423296 0.1005907 0.02919202
-0.03205677 0.0961127 0.02755286
-0.02926237 0.1005473 0.02752881
-0.0270579 0.09606908 0.02912906
-0.03759138 0.08853553 0.02593547
-0.04017976 0.09379364 0.02405655
-0.03651907 0.09376168 0.02900388
-0.03753768 0.08853506 0.03208973
-0.04009285 0.09379287 0.03401433
-0.04337389 0.08858599 0.03404257
-0.04596226 0.09384409 0.03216365
-0.04703459 0.08861794 0.02909525
-0.04601597 0.09384456 0.02600939
-0.04346079 0.08858673 0.02408478
-0.04017976 0.09379364 0.02405655
-0.03759138 0.08853553 0.02593547
-0.04333192 0.08070632 0.01899334
-0.04594161 0.08600772 0.01709893
-0.04225076 0.08597551 0.02208703
-0.04327777 0.08070583 0.0251983
-0.045854 0.08600696 0.02713877
-0.04916207 0.08075718 0.02716724
-0.05177178 0.08605859 0.02527284
-0.05285293 0.08078939 0.02217915
-0.05182593 0.08605909 0.01906787
-0.04924969 0.08075794 0.0171274
-0.04594161 0.08600772 0.01709893
-0.04333192 0.08070632 0.01899334
-0.05522074 0.2502716 0.005539319
-0.04690139 0.2477256 0.007014554
-0.04953813 0.2538927 0.006439065
-0.05622376 0.2421598 0.003944494
-0.05906901 0.2501358 0.005172793
-0.03655795 0.2370196 0.01078554
-0.04905504 0.2329555 0.0067398
-0.06196951 0.2482534 0.002729408
-0.0626826 0.2477513 -1.636694E-07
-0.06538779 0.249906 0.002486538
-0.06585885 0.2493535 -1.638605E-07
-0.06273507 0.2512755 0.00395226
-0.05906901 0.2501358 0.005172793
-0.07162208 0.2506869 0.001717542
-0.07136299 0.249976 -1.639347E-07
-0.07541145 0.2504667 -1.639932E-07
-0.07214431 0.2517343 0.001916329
-0.07647128 0.2509202 -1.640472E-07
-0.06613036 0.2524547 0.003101744
-0.06550588 0.2511113 0.003158099
-0.0642331 0.2522903 0.004106182
-0.06123915 0.2524965 0.005528469
-0.05742778 0.2522984 0.006456093
-0.05522074 0.2502716 0.005539319
-0.05540317 0.2550673 0.006817896
-0.04758551 0.2470682 0.007304304
-0.06323285 0.2537292 0.0048479
-0.06443778 0.2528704 0.004212085
-0.06540637 0.2537563 0.003832087
-0.06010384 0.2542105 0.00607148
-0.04621222 0.2547536 0.009411686
-0.03394817 0.2544268 0.0133911
-0.03480302 0.2433564 0.01112861
-0.01398325 0.2599086 0.02689192
-0.02160821 0.243072 0.0162976
-0.054492 0.2574736 0.005853322
-0.06452364 0.254816 0.004455207
-0.06167161 0.2551554 0.005309158
-0.05908079 0.2560534 0.005880908
-0.05817571 0.2579851 0.005488465
-0.06171815 0.2573418 0.004834562
-0.06240137 0.256377 0.004696039
-0.06370182 0.2561297 0.004240882
-0.06721183 0.2550476 0.003578985
-0.06948856 0.2535744 0.002558405
-0.07016253 0.25565 0.002415115
-0.07262716 0.2530837 0.001971528
-0.06630776 0.255983 0.003540576
-0.06469846 0.2565399 0.003855119
-0.06702248 0.2568957 0.002843088
-0.0650537 0.2573656 0.003841297
-0.06079803 0.2590651 0.004940303
-0.06215994 0.258256 0.004855259
-0.06339692 0.2586834 0.004577388
-0.06644473 0.2580991 0.00328431
-0.06444488 0.2582227 0.004166477
-0.06343926 0.259706 0.004352258
-0.05804167 0.2607812 0.005425562
-0.06541693 0.2590401 0.003633814
-0.060919 0.2604342 0.005064611
-0.06359024 0.26063 0.00391738
-0.06593963 0.2599128 0.002595062
-0.06710906 0.2586544 0.002389492
-0.06117531 0.2619504 0.004216586
-0.0683723 0.2577439 0.002204855
-0.06378055 0.2613679 0.002824462
-0.06899398 0.2582082 0.001099761
-0.07102472 0.2572934 0.001286069
-0.06730641 0.2590231 0.001010309
-0.06612211 0.2601897 0.001089725
-0.07311562 0.2547136 0.001743396
-0.06926443 0.2587083 -1.649756E-07
-0.06733143 0.2591618 -1.650297E-07
-0.06624764 0.2595046 -1.650705E-07
-0.07165772 0.2579141 -1.648809E-07
-0.06317861 0.2610116 -1.652502E-07
-0.07360736 0.2560987 0.001176741
-0.07401835 0.2567715 -1.647447E-07
-0.06212809 0.2620082 0.001377098
-0.05955602 0.2631057 -1.654998E-07
-0.0761219 0.2548081 0.0007843631
-0.07646728 0.2553146 -1.645711E-07
-0.07808262 0.2538917 -1.644014E-07
-0.07590865 0.253664 0.001004065
-0.07897463 0.2520358 -1.641802E-07
-0.07555826 0.2522848 0.00103731
-0.07899724 0.250876 -1.640419E-07
-0.06129918 0.2623428 0.002925963
-0.05924667 0.262711 0.0016702
-0.0543876 0.2646056 -1.656786E-07
-0.05896216 0.2629936 0.002957264
-0.05430475 0.2631562 0.002493089
-0.04941424 0.2675386 -1.660283E-07
-0.0584013 0.262731 0.004349754
-0.04847075 0.2648893 0.006570507
-0.05424991 0.262601 0.004452338
-0.0416615 0.2764741 -1.670935E-07
-0.05419737 0.2607547 0.005656319
-0.04731511 0.2609416 0.007504381
-0.04752631 0.2561676 0.007875378
-0.03816575 0.2617994 0.0091153
-0.03641191 0.2569154 0.01329112
-0.02940386 0.2669614 0.0139719
-0.02456081 0.2620028 0.01770986
-0.02654428 0.2789494 0.0210424
-0.02060927 0.2756048 0.02486848
-0.02249083 0.2998724 0.0243375
-0.01818387 0.296239 0.02917277
-0.01547284 0.3140962 0.0233035
-0.01198962 0.3094336 0.02945915
-0.005451325 0.32122 0.02868871
-0.007321686 0.3261496 0.01533925
0.000710762 0.3079003 0.03491445
0.01598927 0.3277808 0.02400491
-0.02765048 0.2864417 0.01015111
-0.03103074 0.2918934 -1.689316E-07
-0.0374972 0.269818 0.01189762
-0.02510035 0.2777218 0.01960929
-0.05621286 0.2421598 0.003862903
-0.03655795 0.2370196 0.01078554
-0.04904415 0.2329555 0.006658209
-0.04689048 0.2477256 0.006932964
-0.05522074 0.2502716 0.005539319
-0.04953813 0.2538927 0.006439065
-0.05906901 0.2501358 0.005172793
-0.06196951 0.2482534 0.002729408
-0.06268259 0.2477513 -1.636695E-07
-0.0626826 0.2477513 -1.636694E-07
-0.05840911 0.076545 -1.333E-07
-0.05630529 0.07235774 0.006396484
-0.0517428 0.07231793 -1.334147E-07
-0.06386743 0.07242373 0.004012059
-0.06390245 0.07242403 -1.305121E-07
-0.03335616 0.09685978 0.03216067
-0.03037626 0.09716783 0.02977887
-0.03075906 0.08201359 0.02893206
-0.03304749 0.08180438 0.03216067
-0.03088817 0.06327578 0.03216067
-0.03075906 0.08201359 0.03538928
-0.03037626 0.09716783 0.03454246
-0.02837014 0.08188134 0.03216066
-0.03075906 0.08201359 0.02893206
-0.02826805 0.09709669 0.03216067
-0.03037626 0.09716783 0.02977887
-0.04474453 0.09016744 0.02920504
-0.04145806 0.09050719 0.0265782
-0.04186326 0.07534319 0.02597643
-0.0441517 0.07513397 0.02920504
-0.04199237 0.05660537 0.02920504
-0.04186326 0.07534319 0.03243365
-0.04145806 0.09050719 0.03183188
-0.03947435 0.07521093 0.02920504
-0.04186326 0.07534319 0.02597643
-0.03913295 0.09042871 0.02920504
-0.04145806 0.09050719 0.0265782
0.09781472 0.07041322 -0.02038883
0.09363458 0.06927118 -0.02237011
0.1367894 0.03284591 -0.02392416
0.1386301 0.03617927 -0.0211306
0.1049057 0.07432716 -0.0226217
0.1423649 0.03887708 -0.02202423
0.1425703 0.03980246 -0.02457271
0.1048136 0.07442776 -0.02655063
0.1049057 0.07432716 -0.0226217
0.1425703 0.03980246 -0.02457271
0.1417677 0.03952794 -0.02784828
0.09768962 0.07055192 -0.02837766
0.1386324 0.03615154 -0.02870966
0.09367016 0.06925347 -0.02615038
0.1367638 0.03298324 -0.02636102
0.09363458 0.06927118 -0.02237011
0.1367894 0.03284591 -0.02392416
0.09367016 0.06925347 -0.02615038
0.09363458 0.06927118 -0.02237011
0.1005168 0.05057104 -0.0250208
0.112438 0.05874351 -0.0334393
0.09768962 0.07055192 -0.02837766
0.1048136 0.07442776 -0.02655063
0.1206829 0.06542158 -0.02442177
0.1049057 0.07432716 -0.0226217
0.1049057 0.07432716 -0.0226217
0.1206829 0.06542158 -0.02442177
0.1124539 0.05880199 -0.01531046
0.09781472 0.07041322 -0.02038883
0.09363458 0.06927118 -0.02237011
0.1005168 0.05057104 -0.0250208
0.1124539 0.05880199 -0.01531046
0.1206829 0.06542158 -0.02442177
0.1049229 0.07436393 -0.02259252
0.09780186 0.07041793 -0.02034074
0.09359507 0.0692552 -0.02234395
0.1005168 0.05057104 -0.0250208
0.09259514 0.08501986 -0.02231724
0.08687738 0.08410393 -0.02687385
0.08704103 0.08414154 -0.02241542
0.09274409 0.08474566 -0.02697204
0.0999454 0.08385791 -0.02223322
0.0921233 0.0791511 -0.0292017
0.08765121 0.07789145 -0.02868248
0.09103864 0.07055319 -0.02635198
0.09999791 0.08363071 -0.02703966
0.1042804 0.07886169 -0.02214919
0.09835 0.08015078 -0.03024226
0.09767502 0.07055409 -0.02842543
0.1042365 0.07868157 -0.02710727
0.1048302 0.07446375 -0.0265811
0.1049229 0.07436393 -0.02259252
0.1206829 0.06542158 -0.02442177
0.112438 0.05874351 -0.0334393
0.1004151 0.07665625 -0.029611
0.09363028 0.06923788 -0.0261762
0.09086771 0.07060988 -0.02210806
0.1005168 0.05057104 -0.0250208
0.09359507 0.0692552 -0.02234395
0.1583807 0.02923257 -0.01842376
0.1543419 0.02798203 -0.02111776
0.15723 0.02982436 -0.02015158
0.1570192 0.02626114 -0.01638523
0.1610239 0.02643174 -0.01556978
0.1615911 0.02906195 -0.01787882
0.1567771 0.02629715 -0.01367297
0.1507438 0.02783777 -0.02008089
0.1500563 0.02964492 -0.01847742
0.1565193 0.02810466 -0.0124095
0.1525537 0.0323988 -0.01703914
0.1627075 0.02686142 -0.01519306
0.1635854 0.0288903 -0.01668081
0.1602239 0.02632361 -0.0127808
0.1620763 0.02674631 -0.0124067
0.1649637 0.02670993 -0.01456796
0.1648516 0.0284211 -0.01673049
0.1599857 0.02802411 -0.01158882
0.165544 0.02661771 -0.01212382
0.1676024 0.02648978 -0.01485158
0.1675983 0.02877818 -0.01731729
0.169605 0.02886502 -0.01618644
0.1619435 0.02799347 -0.01155225
0.1603034 0.03060471 -0.01247196
0.1669383 0.0262283 -0.0117219
0.1700314 0.02750965 -0.01420081
0.1727808 0.02929011 -0.01620754
0.1655586 0.02818096 -0.0112064
0.1693491 0.02674578 -0.01207907
0.1565251 0.03086651 -0.01363486
0.1577203 0.03195906 -0.01651271
0.1568934 0.03263122 -0.01823092
0.1610675 0.03204634 -0.01567866
0.1620768 0.0305137 -0.0124791
0.1631428 0.03139156 -0.01482837
0.1648878 0.03017961 -0.01229625
0.1647799 0.03128261 -0.01483782
0.1669507 0.02809522 -0.01060708
0.1674249 0.03056126 -0.01195386
0.167475 0.03180633 -0.01534071
0.170001 0.02985665 -0.01280204
0.1695446 0.03088597 -0.01487559
0.1726974 0.03083391 -0.01514434
0.1693611 0.02831657 -0.01112303
0.1705955 0.02805194 -0.01244719
0.1745602 0.03051899 -0.01472638
0.1780208 0.03149126 -0.01793759
0.1733218 0.02855838 -0.01325437
0.1759389 0.02978242 -0.01510456
0.1746092 0.0290758 -0.01565107
0.1522437 0.03368745 -0.03323142
0.15586 0.0335416 -0.03184349
0.1569994 0.03261019 -0.03357193
0.1557127 0.03064697 -0.03616397
0.1553902 0.02770898 -0.03615662
0.1498519 0.03036514 -0.03295368
0.150698 0.02850127 -0.03152544
0.1604601 0.02974555 -0.03735478
0.160789 0.03213322 -0.03475426
0.1622217 0.02975035 -0.03711462
0.1629667 0.03140284 -0.03516147
0.1649197 0.02935494 -0.03737478
0.1648322 0.03137895 -0.03550036
0.1675178 0.02979453 -0.03775974
0.1675666 0.03208444 -0.03529591
0.1696262 0.03105917 -0.0354382
0.1700448 0.02920254 -0.03696754
0.1728201 0.03121934 -0.03523962
0.174652 0.03077852 -0.03562508
0.178121 0.03306344 -0.03329127
0.1602841 0.0268485 -0.03743285
0.162208 0.02689297 -0.03721752
0.1656082 0.02695847 -0.03769372
0.1669872 0.02666095 -0.03821069
0.1556132 0.02642691 -0.03435762
0.1604987 0.02564007 -0.03574083
0.1624017 0.02603512 -0.0359807
0.1556495 0.02763446 -0.03158809
0.1542558 0.02880561 -0.0304817
0.1574476 0.03030078 -0.03081735
0.1608929 0.02658176 -0.03319162
0.1610871 0.0298836 -0.03177572
0.1626009 0.02697856 -0.03347098
0.1632148 0.02950836 -0.03266489
0.1657839 0.02593242 -0.03620978
0.1652131 0.0268374 -0.03409137
0.165066 0.02928301 -0.03279338
0.1671929 0.02541623 -0.03643958
0.1677851 0.02660446 -0.03391821
0.1677655 0.02989021 -0.03242578
0.1702575 0.02763802 -0.03473761
0.1697803 0.02960425 -0.03352369
0.1729038 0.03004434 -0.03377915
0.16941 0.02710821 -0.03784023
0.1695855 0.02604297 -0.03635157
0.1707316 0.02744699 -0.03660171
0.1734462 0.02836008 -0.03623047
0.1747558 0.0297505 -0.03425657
0.1760556 0.03025419 -0.03505836
0.1580161 0.04855677 -0.0168383
0.1576622 0.04949356 -0.01870108
0.1637767 0.05196802 -0.0169824
0.1557147 0.04585528 -0.01750792
0.1553508 0.04706229 -0.0199136
0.1548615 0.04365316 -0.01767637
0.1542841 0.04544352 -0.02129492
0.1529836 0.04177322 -0.01914981
0.1526227 0.04294993 -0.0214445
0.1521273 0.03986387 -0.02015766
0.1516229 0.04093482 -0.022198
0.1521336 0.03836057 -0.02032341
0.1516867 0.03958709 -0.02316379
0.1567135 0.02607959 -0.02225483
0.1594361 0.02599426 -0.02386948
0.1570055 0.03034522 -0.02269565
0.154381 0.02795141 -0.02201493
0.15723 0.02982436 -0.02015158
0.1543419 0.02798203 -0.02111776
0.1541048 0.02381146 -0.02277663
0.1507438 0.02783777 -0.02008089
0.1496136 0.0270882 -0.02283875
0.1519883 0.02323081 -0.02444776
0.1479787 0.02942194 -0.0218116
0.1500563 0.02964492 -0.01847742
0.1475211 0.02586507 -0.02394926
0.1519221 0.02324509 -0.02693397
0.1486502 0.0310992 -0.01986946
0.1525537 0.0323988 -0.01703914
0.14554 0.03366216 -0.02017848
0.1515447 0.03448863 -0.0192321
0.1450204 0.03091319 -0.02183304
0.1544864 0.03393479 -0.02162214
0.1568934 0.03263122 -0.01823092
0.1539093 0.03645219 -0.02135733
0.153786 0.03712355 -0.02330983
0.1521336 0.03836057 -0.02032341
0.1516867 0.03958709 -0.02316379
0.1488356 0.03704641 -0.01968609
0.1461393 0.03737179 -0.0212718
0.1386301 0.03617927 -0.0211306
0.1423649 0.03887708 -0.02202423
0.1367894 0.03284591 -0.02392416
0.1425627 0.02903858 -0.02409551
0.1425333 0.02908924 -0.02658149
0.1367638 0.03298324 -0.02636102
0.1473036 0.02565856 -0.02724054
0.1446102 0.03138523 -0.02840148
0.1386324 0.03615154 -0.02870966
0.1497559 0.0278893 -0.02885739
0.1542041 0.02388956 -0.02880939
0.1565479 0.02601923 -0.02923755
0.1475889 0.03023821 -0.02913927
0.1446225 0.03441447 -0.02953543
0.1442271 0.03666423 -0.02859126
0.1417677 0.03952794 -0.02784828
0.1539045 0.02890246 -0.02934585
0.1561163 0.03066165 -0.02882721
0.1594183 0.02606796 -0.02750066
0.1574476 0.03030078 -0.03081735
0.1542558 0.02880561 -0.0304817
0.150698 0.02850127 -0.03152544
0.1498519 0.03036514 -0.03295368
0.1477524 0.03239747 -0.03081011
0.1522437 0.03368745 -0.03323142
0.1512824 0.03573196 -0.03098517
0.1540318 0.03493875 -0.02930405
0.15586 0.0335416 -0.03184349
0.1537049 0.03730895 -0.02938565
0.1505273 0.03876361 -0.02963832
0.1540397 0.0376419 -0.02730071
0.1448808 0.0383766 -0.02692143
0.1504197 0.04052663 -0.0270699
0.1533462 0.0370295 -0.0254195
0.1452537 0.03838816 -0.02487669
0.1425703 0.03980246 -0.02457271
0.1510638 0.03877277 -0.02487541
0.1516867 0.03958709 -0.02316379
0.153786 0.03712355 -0.02330983
0.1491668 0.03873537 -0.02389747
0.1460212 0.03826641 -0.02320117
0.1423649 0.03887708 -0.02202423
0.1461393 0.03737179 -0.0212718
0.1600413 0.02431136 -0.02748144
0.1565479 0.02601923 -0.02923755
0.1594183 0.02606796 -0.02750066
0.1571281 0.02202422 -0.02854034
0.1542041 0.02388956 -0.02880939
0.1604524 0.01964145 -0.02848113
0.1626276 0.02234308 -0.02774496
0.156088 0.02008924 -0.02693104
0.1519221 0.02324509 -0.02693397
0.1519883 0.02323081 -0.02444776
0.1561308 0.02007559 -0.02471116
0.1541048 0.02381146 -0.02277663
0.1619703 0.01877817 -0.02814697
0.1639437 0.02043651 -0.02747155
0.1588461 0.01783844 -0.02686898
0.1605105 0.01689639 -0.02656487
0.1640095 0.01630598 -0.02792432
0.1655512 0.01857474 -0.02761807
0.1575254 0.02227133 -0.02317387
0.1567135 0.02607959 -0.02225483
0.1588892 0.0178212 -0.02477922
0.1632464 0.01423425 -0.02672231
0.1661994 0.0148472 -0.02833424
0.1681692 0.01750006 -0.02770271
0.1692585 0.01556491 -0.02708486
0.1603853 0.01953012 -0.02323592
0.1600436 0.02420819 -0.02397817
0.1594361 0.02599426 -0.02386948
0.1625769 0.0222789 -0.02400134
0.1605849 0.01687935 -0.02504918
0.1619105 0.01867871 -0.02355465
0.1638953 0.02037799 -0.02432862
0.1633292 0.01423755 -0.02491157
0.1639905 0.0162146 -0.02377746
0.1655187 0.01849149 -0.0241877
0.1640417 0.01296919 -0.02687771
0.1641271 0.01296274 -0.02470488
0.165992 0.01463202 -0.02334268
0.1681096 0.01745841 -0.02408516
0.168247 0.01340042 -0.02446076
0.1692404 0.01552985 -0.02467561
0.1718929 0.01382553 -0.02494945
0.1663302 0.01200116 -0.02669529
0.1663944 0.01198241 -0.02485761
0.1681754 0.0133793 -0.02719209
0.171967 0.01387308 -0.02682369
0.1679498 0.01205682 -0.02581821
0.1730823 0.01230243 -0.02504615
0.1787707 0.01254321 -0.0260222
0.1707093 0.0112084 -0.02589258
0.1730944 0.01231619 -0.02676076
0.1741321 0.01144241 -0.02590895
0.15586 0.0335416 -0.03184349
0.1540318 0.03493875 -0.02930405
0.1558987 0.03314407 -0.02904287
0.1561163 0.03066165 -0.02882721
0.1574476 0.03030078 -0.03081735
0.1569994 0.03261019 -0.03357193
0.1610871 0.0298836 -0.03177572
0.160789 0.03213322 -0.03475426
0.1632148 0.02950836 -0.03266489
0.1629667 0.03140284 -0.03516147
0.165066 0.02928301 -0.03279338
0.1648322 0.03137895 -0.03550036
0.1677655 0.02989021 -0.03242578
0.1675666 0.03208444 -0.03529591
0.1697803 0.02960425 -0.03352369
0.1696262 0.03105917 -0.0354382
0.1729038 0.03004434 -0.03377915
0.1728201 0.03121934 -0.03523962
0.178121 0.03306344 -0.03329127
-0.05430475 0.2631562 -0.00249342
-0.0493343 0.2674892 -1.660224E-07
-0.0543876 0.2646056 -1.656786E-07
-0.04839081 0.2648399 -0.006570838
-0.04158156 0.2764247 -1.670876E-07
-0.03741727 0.2697686 -0.01189795
-0.02757054 0.2863923 -0.01015145
-0.0309508 0.291844 -1.689257E-07
-0.02502041 0.2776724 -0.01960962
0.4725996 0.1413603 -1.51015E-07
0.5852225 0.1502235 -0.004747145
0.5855142 0.1441727 -1.513454E-07
0.4723704 0.1471609 -0.006517215
0.3578515 0.1438833 -0.008111626
0.3580388 0.1380842 -1.506115E-07
0.2469579 0.1363959 -0.008060729
0.247249 0.1340922 -1.501656E-07
0.1324589 0.1311582 -1.497095E-07
0.1328796 0.1357856 -0.008477923
0.09249525 0.1227733 -1.486661E-07
0.09263148 0.1290605 -0.01003246
0.1328718 0.1436664 -0.01080001
0.09300607 0.1388888 -0.01235454
0.247157 0.1444155 -0.01038281
0.1332226 0.1513657 -0.005721008
0.09307282 0.1494398 -0.008029456
0.09560977 0.1547393 -1.524737E-07
0.1332021 0.1551868 -1.525706E-07
0.2471008 0.151434 -0.00515875
0.2473605 0.1548597 -1.526413E-07
0.3581478 0.1548597 -1.526112E-07
0.3578938 0.151434 -0.004872613
0.4723952 0.150939 -0.004764932
0.4725956 0.1548596 -1.526242E-07
0.5853486 0.1548596 -1.5262E-07
-0.0626826 0.2477513 -1.636694E-07
-0.05628516 0.2481398 -0.002729735
-0.0567028 0.2473742 -1.636245E-07
-0.06196952 0.2482534 -0.002729736
-0.05522076 0.2502716 -0.005539644
-0.05906902 0.2501358 -0.00517312
-0.07048871 0.1120137 -0.01387535
-0.07454734 0.1072344 -1.462535E-07
-0.06995911 0.1302562 -1.496629E-07
-0.06653428 0.130119 -0.01078999
-0.0598747 0.1199413 -0.02618815
-0.06394284 0.1436644 -1.512613E-07
-0.06004486 0.1343319 -0.02076236
-0.04710636 0.1309942 -0.03117839
-0.06084556 0.1445609 -0.009858499
-0.05776475 0.1650352 -1.538089E-07
-0.05447492 0.1659503 -0.007853951
-0.04648161 0.148364 -0.02322875
-0.03159722 0.1401439 -0.0323794
-0.05654832 0.1457515 -0.01707535
-0.04628865 0.1673073 -0.01645348
-0.03520916 0.152264 -0.02398877
-0.02182633 0.1462387 -0.02505141
-0.03478626 0.1699506 -0.01786088
-0.02623921 0.1554195 -0.01914036
-0.01707805 0.1470047 -0.01735084
-0.02123176 0.1583758 -0.008907846
-0.02449489 0.1721373 -0.008343088
-0.0181428 0.1596753 -1.5317E-07
-0.02106167 0.1728861 -1.547448E-07
-0.05146496 0.08054378 0.02219363
-0.04744717 0.08095912 0.01898225
-0.04790586 0.06577183 0.01896502
-0.0501943 0.06556262 0.02219363
-0.04803497 0.04703401 0.02219363
-0.04790586 0.06577183 0.02542224
-0.04744717 0.08095912 0.025405
-0.04551695 0.06563959 0.02219363
-0.04790586 0.06577183 0.01896502
-0.04460467 0.08086318 0.02219363
-0.04744717 0.08095912 0.01898225
-0.02926237 0.1005473 -0.02752911
-0.03205677 0.09611273 -0.02755315
-0.02705791 0.0960691 -0.02912935
-0.03423297 0.1005907 -0.02919231
-0.03510049 0.09613929 -0.03182046
-0.03418722 0.1005903 -0.03443376
-0.03198276 0.09611208 -0.036034
-0.02918836 0.1005467 -0.03600996
-0.02701217 0.0960687 -0.0343708
-0.02614464 0.1005201 -0.03174265
-0.02705791 0.0960691 -0.02912935
-0.02926237 0.1005473 -0.02752911
-0.04017976 0.09379366 -0.02405684
-0.0434608 0.08858677 -0.02408507
-0.03759139 0.08853555 -0.02593576
-0.04601597 0.09384459 -0.02600968
-0.04703459 0.08861797 -0.02909553
-0.04596227 0.09384412 -0.03216393
-0.04337389 0.08858601 -0.03404285
-0.04009286 0.0937929 -0.03401462
-0.03753768 0.08853509 -0.03209001
-0.03651907 0.09376171 -0.02900416
-0.03759139 0.08853555 -0.02593576
-0.04017976 0.09379366 -0.02405684
-0.04594161 0.08600777 -0.01709921
-0.04924969 0.08075798 -0.01712768
-0.04333192 0.08070634 -0.01899362
-0.05182593 0.08605911 -0.01906815
-0.05285294 0.08078942 -0.02217943
-0.05177178 0.08605864 -0.02527312
-0.04916208 0.08075722 -0.02716752
-0.04585401 0.086007 -0.02713906
-0.04327777 0.08070585 -0.02519858
-0.04225076 0.08597555 -0.02208731
-0.04333192 0.08070634 -0.01899362
-0.04594161 0.08600777 -0.01709921
-0.05505936 0.05157757 -1.252666E-07
-0.05780412 0.06520301 -0.004081467
-0.05419158 0.06508108 -1.302593E-07
-0.0582826 0.05196128 -0.004414819
-0.06291033 0.06467516 -1.280074E-07
-0.05564263 0.03988936 -1.209856E-07
-0.06184601 0.0514448 -1.235785E-07
-0.05849154 0.03984183 -0.003791902
-0.05855116 0.02208767 -1.13977E-07
-0.06074489 0.03982651 -1.197296E-07
-0.0424604 0.09383626 0.03102547
-0.04712581 0.1051027 0.02531176
-0.04419015 0.0921838 0.02858155
-0.04328744 0.1087696 0.03073496
-0.04662651 0.1159526 0.02240747
-0.03924917 0.09324091 0.02971632
-0.04422145 0.1201394 0.0278512
-0.05293581 0.1282059 0.02136276
-0.04216965 0.1344031 0.02798264
-0.0369916 0.1229218 0.02621779
-0.03616154 0.1074485 0.02782989
-0.04108471 0.1059828 0.02456343
-0.04662651 0.1159526 0.02240747
-0.04146777 0.09258037 0.02824431
-0.04712581 0.1051027 0.02531176
-0.04419015 0.0921838 0.02858155
-0.05780411 0.06520301 0.004081208
-0.05505936 0.05157757 -1.252666E-07
-0.05419158 0.06508108 -1.302593E-07
-0.0582826 0.05196128 0.00441457
-0.06291033 0.06467516 -1.280074E-07
-0.05564263 0.03988936 -1.209856E-07
-0.06184601 0.0514448 -1.235785E-07
-0.05849154 0.03984183 0.003791662
-0.05855116 0.02208767 -1.13977E-07
-0.06074489 0.03982651 -1.197296E-07
-0.05869253 0.07418846 -0.003791913
-0.06292585 0.07417314 -1.313678E-07
-0.06575988 0.08658834 -1.350799E-07
-0.06403346 0.08698925 -0.005972194
-0.06699599 0.1000801 -1.395598E-07
-0.06488141 0.1005091 -0.006988047
-0.06591417 0.1110374 -1.465463E-07
-0.05894474 0.08720794 -0.01038646
-0.06377809 0.1112564 -0.007899642
-0.0637207 0.1250901 -1.490471E-07
-0.05347576 0.087542 -0.007795832
-0.05420113 0.07423598 -1.334997E-07
-0.05134561 0.08680586 -1.386423E-07
-0.05897062 0.09993568 -0.0126639
-0.05124545 0.101111 -0.01001841
-0.04932078 0.0953614 -1.455032E-07
-0.04596846 0.09134547 -1.450244E-07
-0.05995956 0.1250696 -0.01196901
-0.0631777 0.1325198 -1.499328E-07
-0.05860155 0.1109601 -0.01290604
-0.05314799 0.1101795 -0.01370399
-0.06080243 0.1445422 -0.009841445
-0.06389842 0.1436455 -1.258863E-07
-0.05293581 0.1282059 -0.02136306
-0.05651395 0.1457313 -0.01704521
-0.04216965 0.1344031 -0.02798294
-0.04646185 0.1483425 -0.02318812
-0.03159965 0.1401569 -0.02827307
-0.03520947 0.1522353 -0.02394776
-0.02181645 0.1430934 -0.02333771
-0.02623921 0.1554195 -0.01914036
-0.02707426 0.1300395 -0.03022504
-0.01313221 0.136346 -0.02302635
-0.01706189 0.14702 -0.01736232
-0.02123176 0.1583758 -0.008907846
-0.01544591 0.1504848 -0.008815778
-0.0181428 0.1596753 -1.5317E-07
-0.01398859 0.1519063 -1.522438E-07
-0.01021441 0.1414958 -0.01600342
-0.008168267 0.1455442 -0.008563019
-0.007507752 0.147793 -1.517535E-07
-0.002690239 0.1415815 -0.01502195
-0.001579533 0.1456004 -0.008100155
-0.001054688 0.1470428 -1.516641E-07
0.008230759 0.1456373 -0.007860037
0.00810386 0.1466503 -1.516173E-07
0.01980707 0.1455084 -0.007442332
0.01976585 0.1465002 -1.515988E-07
0.04861166 0.1498001 -1.519883E-07
0.00829934 0.1425199 -0.01387403
-0.003144554 0.1393113 -0.02145407
0.0198628 0.1426842 -0.01306853
-0.007503731 0.1339575 -0.02569948
0.04894001 0.1475339 -0.009507304
0.066797 0.1519405 -1.522371E-07
0.04931686 0.1425861 -0.01805848
0.06786056 0.1488849 -0.009186989
0.08157569 0.1541035 -1.524914E-07
0.06935513 0.1418578 -0.01514505
0.08194346 0.1516654 -0.008949978
0.04996383 0.1365602 -0.02375924
0.09307282 0.1494398 -0.008029456
0.09560977 0.1547393 -1.524737E-07
0.09327625 0.149773 -0.0131245
0.05162432 0.129939 -0.02285222
0.07085873 0.1284163 -0.0196564
0.08137031 0.1350023 -0.01576027
0.03589932 0.1245863 -0.02807142
0.03286559 0.1310945 -0.02551967
0.09263148 0.1290605 -0.01003246
0.09300607 0.1388888 -0.01235454
0.05234211 0.1223687 -0.0262881
0.02319707 0.1207772 -0.02853732
0.02082504 0.128071 -0.02496501
0.08813903 0.1231316 -0.007639056
0.09249525 0.1227733 -1.486661E-07
0.07699689 0.1099598 -0.007880423
0.07893692 0.1093488 -1.476045E-07
0.06378611 0.09296563 -1.45652E-07
0.06807977 0.115089 -0.01841697
0.03925548 0.1160823 -0.02870085
0.05347441 0.1124608 -0.02678496
0.06114326 0.104162 -0.0175578
0.05689731 0.09738814 -0.01390053
0.02635653 0.111553 -0.02825031
0.06272523 0.09467347 -0.008005636
0.04530725 0.08858975 -0.01481041
0.04524659 0.08429801 -0.008322851
0.04500124 0.08320711 -1.440519E-07
0.02925854 0.08053195 -1.437347E-07
0.02888516 0.08222087 -0.01008065
0.02723202 0.08619001 -0.01941817
0.01188415 0.0774317 -0.01240098
0.01227174 0.07424601 -1.42986E-07
-0.01750591 0.07555514 -1.431421E-07
0.01182731 0.08710694 -0.02395752
0.02318903 0.09369568 -0.02459561
-0.01601716 0.07986421 -0.01400393
0.01122511 0.09900817 -0.02992372
0.02321171 0.1024581 -0.02806644
-0.04260995 0.09476081 -0.01214505
-0.0138204 0.08869887 -0.02468579
-0.03552562 0.1018709 -0.02295385
-0.04662652 0.1159526 -0.02240776
0.01023841 0.1094435 -0.03019721
-0.01183611 0.1011742 -0.03023082
-0.01002033 0.1123101 -0.03300741
-0.02837375 0.1116681 -0.02813052
-0.0369916 0.1229218 -0.02621809
0.009165169 0.1193604 -0.02877195
0.009650643 0.1261011 -0.02675127
-0.02372258 0.1202504 -0.03348022
9.896088E-05 0.1192252 -0.03029686
0.001779938 0.124419 -0.02876514
-0.005279511 0.1273278 -0.02900279
-0.01817708 0.1271721 -0.03169043
-0.00901883 0.1240295 -0.03014711
0.04530725 0.08858975 -0.01481041
0.02723202 0.08619001 -0.01941817
0.03555152 0.08297272 -0.02158461
0.05468817 0.07799128 -0.0216979
0.05926736 0.08427545 -0.01761006
0.09086771 0.07060988 -0.02210806
0.05689731 0.09738814 -0.01390053
0.08842207 0.07880814 -0.01969369
0.0636394 0.0903621 -0.01636374
0.06114326 0.104162 -0.0175578
0.06735171 0.09405851 -0.0207219
0.08704103 0.08414154 -0.02241542
0.09103864 0.07055319 -0.02635198
0.09086771 0.07060988 -0.02210806
0.05468817 0.07799128 -0.0216979
0.05487996 0.0777171 -0.02953369
0.08765121 0.07789145 -0.02868248
0.03555152 0.08297272 -0.02158461
0.05806644 0.08337018 -0.0346962
0.03528722 0.0856582 -0.03197119
0.06283199 0.09066183 -0.03360585
0.08687738 0.08410393 -0.02687385
0.02734966 0.08756917 -0.02591393
0.02723202 0.08619001 -0.01941817
0.02318903 0.09369568 -0.02459561
0.02672768 0.094044 -0.02862019
0.02321171 0.1024581 -0.02806644
0.03915215 0.09516305 -0.03609277
0.03028406 0.1055786 -0.03218136
0.02635653 0.111553 -0.02825031
0.03925548 0.1160823 -0.02870085
0.04211911 0.1115489 -0.03209929
0.05347441 0.1124608 -0.02678496
0.0491013 0.1041086 -0.03403607
0.06619464 0.09428162 -0.02848953
0.08704103 0.08414154 -0.02241542
0.06735171 0.09405851 -0.0207219
0.0579978 0.1057808 -0.02865926
0.06114326 0.104162 -0.0175578
-0.05540317 0.2550673 -0.006818225
-0.04621224 0.2547536 -0.009412012
-0.054492 0.2574736 -0.005853652
-0.04758552 0.247027 -0.00720974
-0.05522076 0.2502716 -0.005539644
-0.03394819 0.2544268 -0.01339143
-0.03480304 0.2433152 -0.01103404
-0.01398327 0.2599086 -0.02689224
-0.02160823 0.2430308 -0.01620303
-0.04731511 0.2609416 -0.007504712
-0.05419737 0.2607547 -0.005656648
-0.054492 0.2574736 -0.005853652
-0.04742655 0.2561676 -0.007753628
-0.03816575 0.2617994 -0.009115636
-0.03631214 0.2569154 -0.01316938
-0.02940386 0.2669614 -0.01397223
-0.02446104 0.2620028 -0.01758812
-0.02654429 0.2789494 -0.02104274
-0.0205095 0.2756048 -0.02474674
-0.02249083 0.2998724 -0.02433784
-0.0180841 0.296239 -0.02905104
-0.01547283 0.3140962 -0.02330386
-0.01188984 0.3094335 -0.02933742
-0.005351529 0.320224 -0.02736026
-0.007321663 0.3261496 -0.01533961
0.0007107849 0.3079003 -0.0349148
0.01598929 0.3277808 -0.02400527
-0.04712581 0.1051028 -0.02531205
-0.04419015 0.09218383 -0.02858184
-0.04146777 0.09258041 -0.0282446
-0.04108472 0.1059828 -0.02456371
-0.04662652 0.1159526 -0.02240776
-0.03924917 0.09324093 -0.02971661
-0.0369916 0.1229218 -0.02621809
-0.03616153 0.1074485 -0.02783019
-0.04328744 0.1087697 -0.03073526
-0.04246041 0.0938363 -0.03102576
-0.04712581 0.1051028 -0.02531205
-0.04419015 0.09218383 -0.02858184
-0.04662652 0.1159526 -0.02240776
-0.04422145 0.1201394 -0.02785149
-0.04216965 0.1344031 -0.02798294
-0.05293581 0.1282059 -0.02136306
0.1568934 0.03263122 -0.01823092
0.1563102 0.03248861 -0.02195776
0.1544864 0.03393479 -0.02162214
0.1570055 0.03034522 -0.02269565
0.15723 0.02982436 -0.02015158
0.1577203 0.03195906 -0.01651271
0.1583807 0.02923257 -0.01842376
0.1610675 0.03204634 -0.01567866
0.1615911 0.02906195 -0.01787882
0.1631428 0.03139156 -0.01482837
0.1635854 0.0288903 -0.01668081
0.1647799 0.03128261 -0.01483782
0.1648516 0.0284211 -0.01673049
0.167475 0.03180633 -0.01534071
0.1675983 0.02877818 -0.01731729
0.1695446 0.03088597 -0.01487559
0.169605 0.02886502 -0.01618644
0.1726974 0.03083391 -0.01514434
0.1727808 0.02929011 -0.01620754
0.1780208 0.03149126 -0.01793759
0.1540318 0.03493875 -0.02930405
0.1537049 0.03730895 -0.02938565
0.1540397 0.0376419 -0.02730071
0.1533462 0.0370295 -0.0254195
0.153786 0.03712355 -0.02330983
0.1544864 0.03393479 -0.02162214
0.1563102 0.03248861 -0.02195776
0.1558987 0.03314407 -0.02904287
0.1570055 0.03034522 -0.02269565
0.1561163 0.03066165 -0.02882721
0.1594183 0.02606796 -0.02750066
0.1594361 0.02599426 -0.02386948
0.1600436 0.02420819 -0.02397817
0.1600413 0.02431136 -0.02748144
0.1625769 0.0222789 -0.02400134
0.1626276 0.02234308 -0.02774496
0.1638953 0.02037799 -0.02432862
0.1639437 0.02043651 -0.02747155
0.1655187 0.01849149 -0.0241877
0.1655512 0.01857474 -0.02761807
0.1681096 0.01745841 -0.02408516
0.1681692 0.01750006 -0.02770271
0.1692404 0.01552985 -0.02467561
0.1692585 0.01556491 -0.02708486
0.1718929 0.01382553 -0.02494945
0.171967 0.01387308 -0.02682369
0.1787707 0.01254321 -0.0260222
-0.05522074 0.2502716 0.005539319
-0.05906901 0.2501358 0.005172793
-0.06196952 0.2482534 0.002729408
-0.05628516 0.2481398 0.002729408
-0.0626826 0.2477513 -1.636694E-07
-0.0567028 0.2473742 -1.636245E-07
-0.01707805 0.1470047 -0.01735084
-0.02625784 0.1553883 -0.01910601
-0.02182633 0.1462387 -0.02505141
-0.03520947 0.1522353 -0.02394776
-0.03159722 0.1401439 -0.0323794
-0.04646185 0.1483425 -0.02318812
-0.04710636 0.1309942 -0.03117839
-0.06000854 0.134316 -0.02073191
-0.05651395 0.1457313 -0.01704521
-0.0598747 0.1199413 -0.02618815
-0.06080243 0.1445422 -0.009841445
-0.06649036 0.130104 -0.01077135
-0.06389842 0.1436455 -1.258863E-07
-0.07048871 0.1120137 -0.01387535
-0.06991353 0.1302408 -1.496611E-07
-0.07454734 0.1072344 -1.462535E-07
-0.054492 0.2574736 0.005853322
-0.05419737 0.2607547 0.005656319
-0.04731511 0.2609416 0.007504381
-0.04742655 0.2561676 0.007753298
-0.03816575 0.2617994 0.0091153
-0.03631214 0.2569154 0.01316904
-0.02940386 0.2669614 0.0139719
-0.02446104 0.2620028 0.01758778
-0.02654428 0.2789494 0.0210424
-0.02050949 0.2756048 0.0247464
-0.02249083 0.2998724 0.0243375
-0.0180841 0.296239 0.02905069
-0.01547284 0.3140962 0.0233035
-0.01188986 0.3094336 0.02933707
-0.005351551 0.320224 0.0273599
0.000710762 0.3079003 0.03491445
-0.007321686 0.3261496 0.01533925
0.01598927 0.3277808 0.02400491
-0.06268259 0.2477513 -1.636695E-07
-0.0626826 0.2477513 -1.636694E-07
-0.05621288 0.2421598 -0.003863225
-0.06196951 0.2482534 -0.002729736
-0.05906902 0.2501358 -0.00517312
-0.05522076 0.2502716 -0.005539644
-0.0468905 0.2477256 -0.006933287
-0.04953813 0.2538927 -0.006439393
-0.03655796 0.2370196 -0.01078586
-0.04904417 0.2329554 -0.006658528
-0.05840911 0.076545 -1.333E-07
-0.06386744 0.07242373 -0.00401232
-0.06390245 0.07242403 -1.305121E-07
-0.05630529 0.07235774 -0.006396748
-0.0517428 0.07231793 -1.334147E-07
-0.03075906 0.08201361 -0.02893234
-0.03037626 0.09716786 -0.02977916
-0.03335616 0.09685981 -0.03216096
-0.03304749 0.08180439 -0.03216096
-0.03088817 0.06327581 -0.03216094
-0.03075906 0.08201361 -0.03538956
-0.03037626 0.09716786 -0.03454275
-0.02837014 0.08188136 -0.03216095
-0.03075906 0.08201361 -0.02893234
-0.02826805 0.09709671 -0.03216096
-0.03037626 0.09716786 -0.02977916
-0.04790586 0.06577186 -0.01896529
-0.04744717 0.08095915 -0.01898253
-0.05146497 0.0805438 -0.02219391
-0.0501943 0.06556265 -0.0221939
-0.04803497 0.04703405 -0.0221939
-0.04790587 0.06577186 -0.02542252
-0.04744717 0.08095915 -0.02540529
-0.04551695 0.0656396 -0.0221939
-0.04790586 0.06577186 -0.01896529
-0.04460467 0.0808632 -0.02219391
-0.04744717 0.08095915 -0.01898253
-0.04186327 0.0753432 -0.02597671
-0.04145806 0.09050722 -0.02657848
-0.04474453 0.09016748 -0.02920532
-0.04415171 0.075134 -0.02920532
-0.04199238 0.05660541 -0.02920531
-0.04186327 0.0753432 -0.03243392
-0.04145806 0.09050722 -0.03183216
-0.03947435 0.07521094 -0.02920532
-0.04186327 0.0753432 -0.02597671
-0.03913295 0.09042873 -0.02920532
-0.04145806 0.09050722 -0.02657848
-0.04662652 0.1159526 -0.02240776
-0.05314799 0.1101795 -0.01370399
-0.04664071 0.0995816 -0.0190022
-0.04557419 0.1015412 -0.02466597
-0.04624787 0.08688676 -0.02381992
-0.04672849 0.08600368 -0.02126759
-0.05129086 0.09752304 -0.01554276
-0.04882405 0.085076 -0.01970861
-0.04954993 0.08672473 -0.02261554
-0.05290162 0.1011817 -0.02199339
-0.04624787 0.08688676 -0.02381992
-0.04557419 0.1015412 -0.02466597
-0.05484084 0.1138503 -0.02104172
-0.05995956 0.1250696 -0.01196901
-0.04662652 0.1159526 -0.02240776
-0.05293581 0.1282059 -0.02136306
-0.06370182 0.2561297 0.004240882
-0.06240137 0.256377 0.004696039
-0.06346001 0.2573517 0.004703222
-0.06469846 0.2565399 0.003855119
-0.06171815 0.2573418 0.004834562
-0.0650537 0.2573656 0.003841297
-0.06215994 0.258256 0.004855259
-0.06444488 0.2582227 0.004166477
-0.06339692 0.2586834 0.004577388
-0.02830245 0.1017946 0.03114034
-0.0308312 0.1011341 0.03030701
-0.03143458 0.1145365 0.02665577
-0.02661437 0.1160022 0.03252406
-0.02707426 0.1300395 0.03022474
-0.0369916 0.1229218 0.02621779
-0.0370631 0.1136564 0.02897409
-0.03336765 0.1007375 0.03135176
-0.03105352 0.10239 0.03325163
-0.03192792 0.1173234 0.03319003
-0.02830245 0.1017946 0.03114034
-0.02661437 0.1160022 0.03252406
-0.02707426 0.1300395 0.03022474
-0.03305669 0.1276329 0.03144025
-0.04216965 0.1344031 0.02798264
-0.03159965 0.1401569 0.02827277
-0.03192792 0.1173234 -0.03319033
-0.02661437 0.1160023 -0.03252436
-0.02830245 0.1017947 -0.03114063
-0.02707426 0.1300395 -0.03022504
-0.03105352 0.10239 -0.03325192
-0.0330567 0.1276329 -0.03144054
-0.03159965 0.1401569 -0.02827307
-0.04216965 0.1344031 -0.02798294
-0.0369916 0.1229218 -0.02621809
-0.03706311 0.1136565 -0.02897438
-0.03336766 0.1007375 -0.03135205
-0.03083119 0.1011341 -0.03030731
-0.03143459 0.1145366 -0.02665607
-0.02707426 0.1300395 -0.03022504
-0.02830245 0.1017947 -0.03114063
-0.02661437 0.1160023 -0.03252436
-0.04750035 0.08928375 -0.02213337
-0.04585401 0.086007 -0.02713906
-0.05177178 0.08605864 -0.02527312
-0.04225076 0.08597555 -0.02208731
-0.05182593 0.08605911 -0.01906815
-0.04594161 0.08600777 -0.01709921
-0.04172575 0.09704288 -0.02904985
-0.04601597 0.09384459 -0.02600968
-0.04017976 0.09379366 -0.02405684
-0.03651907 0.09376171 -0.02900416
-0.04596227 0.09384412 -0.03216393
-0.04009286 0.0937929 -0.03401462
-0.03057906 0.1033146 -0.03178156
-0.03418722 0.1005903 -0.03443376
-0.03423297 0.1005907 -0.02919231
-0.02918836 0.1005467 -0.03600996
-0.02926237 0.1005473 -0.02752911
-0.02614464 0.1005201 -0.03174265
0.09359507 0.0692552 -0.02234395
0.09780186 0.07041793 -0.02034074
0.09187224 0.07804673 -0.01926827
0.09086771 0.07060988 -0.02210806
0.08842207 0.07880814 -0.01969369
0.08704103 0.08414154 -0.02241542
0.09259514 0.08501986 -0.02231724
0.09826211 0.08029634 -0.01793761
0.0999454 0.08385791 -0.02223322
0.1003361 0.07669643 -0.01880616
0.1049229 0.07436393 -0.02259252
0.1042804 0.07886169 -0.02214919
-0.04624787 0.08688672 0.02381964
-0.04557419 0.1015412 0.02466569
-0.05290162 0.1011816 0.0219931
-0.04954992 0.08672471 0.02261526
-0.05484084 0.1138503 0.02104143
-0.04662651 0.1159526 0.02240747
-0.05293581 0.1282059 0.02136276
-0.05995956 0.1250696 0.01196871
-0.05314799 0.1101795 0.01370369
-0.05129086 0.09752299 0.01554248
-0.04882405 0.08507597 0.01970833
-0.04672849 0.08600365 0.0212673
-0.0466407 0.09958156 0.01900191
-0.04662651 0.1159526 0.02240747
-0.04624787 0.08688672 0.02381964
-0.04557419 0.1015412 0.02466569
-0.04750035 0.08928373 0.02213309
-0.04225076 0.08597551 0.02208703
-0.04594161 0.08600772 0.01709893
-0.045854 0.08600696 0.02713877
-0.05182593 0.08605909 0.01906787
-0.05177178 0.08605859 0.02527284
-0.04760334 0.07748119 0.02213309
-0.04916207 0.08075718 0.02716724
-0.05285293 0.08078939 0.02217915
-0.04924969 0.08075794 0.0171274
-0.04327777 0.08070583 0.0251983
-0.04333192 0.08070632 0.01899334
-0.04172575 0.09704285 0.02904956
-0.04017976 0.09379364 0.02405655
-0.04601597 0.09384456 0.02600939
-0.04596226 0.09384409 0.03216365
-0.03651907 0.09376168 0.02900388
-0.04009285 0.09379287 0.03401433
-0.0418279 0.08533677 0.02904956
-0.04337389 0.08858599 0.03404257
-0.04703459 0.08861794 0.02909525
-0.03753768 0.08853506 0.03208973
-0.04346079 0.08858673 0.02408478
-0.03759138 0.08853553 0.02593547
-0.03057906 0.1033146 0.03178126
-0.02614464 0.1005201 0.03174236
-0.02926237 0.1005473 0.02752881
-0.02918836 0.1005467 0.03600967
-0.03423296 0.1005907 0.02919202
-0.03418722 0.1005903 0.03443347
-0.03066606 0.09334476 0.03178126
-0.02701217 0.09606867 0.03437051
-0.03198275 0.09611206 0.03603371
-0.0270579 0.09606908 0.02912906
-0.03510049 0.09613927 0.03182017
-0.03205677 0.0961127 0.02755286
0.09187224 0.07804674 0.01926799
0.09780188 0.07041793 0.02034046
0.09359507 0.06925521 0.02234367
0.09086771 0.07060988 0.02210778
0.08842207 0.07880814 0.0196934
0.08704103 0.08414154 0.02241513
0.09259514 0.08501987 0.02231696
0.09826211 0.08029635 0.01793733
0.0999454 0.08385792 0.02223293
0.1003361 0.07669645 0.01880587
0.1049229 0.07436395 0.02259224
0.1042804 0.0788617 0.02214891
0.5855144 0.1441727 -1.511094E-07
0.5852227 0.1502235 -0.004747144
0.6778374 0.1498863 -0.0005208002
0.6769362 0.0983718 -2.100962E-07
0.5853496 0.1548595 -5.005324E-05
0.6778374 0.1913387 -1.78869E-07
0.7634634 0.110834 -1.999763E-07
0.765006 0.1889106 -2.026164E-07
0.765006 0.1493708 -0.0007133821
0.8328083 0.1497051 -2.07284E-07
-0.06346001 0.2573518 -0.004703551
-0.06240137 0.256377 -0.004696368
-0.06370182 0.2561297 -0.004241211
-0.06171815 0.2573418 -0.004834892
-0.06469846 0.2565399 -0.003855448
-0.06215994 0.258256 -0.004855589
-0.06505371 0.2573656 -0.003841627
-0.06339692 0.2586834 -0.004577718
-0.06444488 0.2582227 -0.004166807
-0.03066606 0.09334479 -0.03178155
-0.03510049 0.09613929 -0.03182046
-0.03198276 0.09611208 -0.036034
-0.02701217 0.0960687 -0.0343708
-0.03205677 0.09611273 -0.02755315
-0.02705791 0.0960691 -0.02912935
-0.04182791 0.0853368 -0.02904984
-0.04703459 0.08861797 -0.02909553
-0.04337389 0.08858601 -0.03404285
-0.03753768 0.08853509 -0.03209001
-0.0434608 0.08858677 -0.02408507
-0.03759139 0.08853555 -0.02593576
-0.04760335 0.07748121 -0.02213337
-0.05285294 0.08078942 -0.02217943
-0.04916208 0.08075722 -0.02716752
-0.04327777 0.08070585 -0.02519858
-0.04924969 0.08075798 -0.01712768
-0.04333192 0.08070634 -0.01899362
0.1529836 0.0417732 0.01914954
0.1523183 0.04499826 0.01627974
0.1548615 0.04365314 0.01767609
0.1557147 0.04585526 0.01750764
0.1503854 0.04286625 0.0176042
0.1521273 0.03986385 0.02015738
0.1538393 0.04754788 0.01642834
0.1580161 0.04855675 0.01683802
0.1500433 0.03969213 0.01885818
0.1521336 0.03836055 0.02032313
0.1488356 0.0370464 0.01968582
0.1472765 0.04051346 0.01931004
0.1461393 0.03737177 0.02127153
0.1460212 0.03826639 0.02320089
0.1481931 0.0442737 0.01765907
0.1470286 0.04128331 0.02069217
0.1491668 0.03873536 0.02389719
0.1492538 0.04656441 0.01653631
0.1491705 0.04156525 0.02239321
0.1516867 0.03958707 0.02316351
0.1516229 0.0409348 0.02219773
0.1480252 0.04522768 0.01956059
0.1498649 0.04462829 0.02104637
0.1526227 0.04294991 0.02144422
0.1513557 0.04838964 0.01616652
0.1490427 0.04766529 0.01871592
0.1514604 0.04724738 0.02057289
0.1542841 0.0454435 0.02129464
0.153569 0.04878362 0.01896333
0.1553508 0.04706227 0.01991332
0.1576622 0.04949355 0.0187008
0.1511642 0.04933047 0.01800345
0.1529841 0.04934365 0.01703358
0.1584449 0.05131793 0.01779759
0.1637767 0.05196801 0.01698212
0.1556646 0.05109731 0.01645382
0.1594027 0.05208695 0.01646469
0.1586992 0.05046929 0.01607987
0.1523183 0.04499828 -0.01628001
0.1529836 0.04177322 -0.01914981
0.1548615 0.04365316 -0.01767637
0.1557147 0.04585528 -0.01750792
0.1503854 0.04286627 -0.01760448
0.1521273 0.03986387 -0.02015766
0.1538393 0.0475479 -0.01642862
0.1580161 0.04855677 -0.0168383
0.1500433 0.03969214 -0.01885846
0.1521336 0.03836057 -0.02032341
0.1488356 0.03704641 -0.01968609
0.1472765 0.04051348 -0.01931032
0.1461393 0.03737179 -0.0212718
0.1460212 0.03826641 -0.02320117
0.1481931 0.04427372 -0.01765935
0.1470286 0.04128332 -0.02069245
0.1491668 0.03873537 -0.02389747
0.1492538 0.04656443 -0.01653659
0.1480252 0.0452277 -0.01956087
0.1491705 0.04156527 -0.02239349
0.1516867 0.03958709 -0.02316379
0.1516229 0.04093482 -0.022198
0.1498649 0.04462831 -0.02104665
0.1526227 0.04294993 -0.0214445
0.1513557 0.04838965 -0.0161668
0.1490427 0.04766531 -0.0187162
0.1514604 0.04724739 -0.02057317
0.1542841 0.04544352 -0.02129492
0.153569 0.04878364 -0.01896361
0.1553508 0.04706229 -0.0199136
0.1576622 0.04949356 -0.01870108
0.1511642 0.04933047 -0.01800372
0.1529841 0.04934366 -0.01703386
0.1584449 0.05131794 -0.01779787
0.1637767 0.05196802 -0.0169824
0.1556646 0.05109732 -0.0164541
0.1594027 0.05208696 -0.01646497
0.1586992 0.0504693 -0.01608015
0.2473605 0.1548596 -5.002792E-05
0.1332022 0.1551867 -5.001919E-05
0.1329525 0.1848345 -1.5155E-07
0.2470575 0.1850245 -1.616474E-07
0.04996382 0.1365602 -0.02375923
0.03351061 0.1381514 -0.02695215
0.02941003 0.1430925 -0.02144878
0.04931686 0.1425861 -0.01805848
0.0198628 0.1426842 -0.01306853
0.01723887 0.1443538 -0.02501577
0.008014413 0.1447646 -0.02278537
0.00829934 0.1425199 -0.01387403
-0.003144554 0.1393113 -0.02145407
-0.002694218 0.1427116 -0.02661957
-0.007503735 0.1339575 -0.02569948
-0.007419079 0.1353135 -0.02879728
-0.005279518 0.1273278 -0.02900279
-0.0001705093 0.1426176 -0.03596922
-0.005742428 0.1366979 -0.03665273
-0.003252514 0.129664 -0.03723716
0.0004127197 0.1312532 -0.04781369
0.009547501 0.1442735 -0.03437683
0.02307371 0.1418694 -0.02705382
0.05086215 0.1440137 -0.05507549
0.04931686 0.1425861 -0.01805848
0.09132545 0.1315949 -0.03163057
0.01760912 0.1412948 -0.03420886
0.01109916 0.1436547 -0.04594989
0.01791422 0.1399887 -0.04571643
0.002817139 0.1415888 -0.04707443
-0.001230824 0.136659 -0.04832872
0.00711126 0.1401903 -0.05892855
0.00376043 0.1364314 -0.05708651
0.00532605 0.1322917 -0.05461049
0.006499657 0.1328641 -0.07634528
0.01390405 0.1417315 -0.0598705
0.00517984 0.1364021 -0.0765096
0.02012584 0.1393605 -0.05831499
0.05205521 0.1415949 -0.09492785
0.00250782 0.1363567 -0.09620006
0.003862908 0.1334194 -0.0976264
0.008049469 0.1398515 -0.07658974
0.02150775 0.1389296 -0.07656566
0.08777434 0.1337974 -0.06069026
0.1286909 0.1402056 -0.07650577
0.1278478 0.1377975 -0.04691395
0.1264217 0.1380383 -0.1084585
0.08710156 0.1318788 -0.09784826
0.1318723 0.1349682 -0.1451527
0.09518966 0.1277666 -0.1380824
0.1458285 0.1307006 -0.1861749
0.01486405 0.1406879 -0.07666767
0.01187128 0.1406096 -0.09634411
0.05482462 0.1381683 -0.1320252
0.1210014 0.1271711 -0.1824332
0.1399592 0.1307006 -0.2326246
0.01843047 0.1377955 -0.09670059
0.01192585 0.1391497 -0.1160082
0.005020378 0.1395657 -0.09645393
0.006089173 0.1415981 -0.114458
7.950592E-05 0.1402539 -0.1126224
-0.002446884 0.1362855 -0.1119221
-0.0005070649 0.1331125 -0.1129242
-0.003187241 0.141697 -0.1205273
-0.00555291 0.1362855 -0.1192178
-0.004516812 0.1333765 -0.1216306
0.006155937 0.1403477 -0.1268971
-0.009452435 0.1381101 -0.1220179
-0.009240674 0.1348327 -0.1253321
-0.00856635 0.1428292 -0.1242827
0.001655281 0.1425549 -0.1238505
-0.00214708 0.1429227 -0.1289198
0.005799492 0.1402242 -0.1362118
-0.01272147 0.1395506 -0.1214089
-0.01482127 0.1368653 -0.1222195
-0.009068924 0.1412176 -0.1360278
-0.01371781 0.143466 -0.1233624
-0.01432922 0.1420515 -0.1166359
-0.0168451 0.1406034 -0.1157855
-0.0156734 0.1452016 -0.118377
-0.01166182 0.1437943 -0.1132015
-0.01497695 0.143343 -0.109368
-0.005761113 0.1443609 -0.1120152
-0.01450953 0.14809 -0.1110315
-0.01642323 0.1468517 -0.1070925
-0.02528005 0.1471212 -0.1089508
-0.02299801 0.1486199 -0.1123507
-0.02980771 0.1417325 -0.1213029
-0.02670681 0.1452668 -0.1210447
-0.02347497 0.137653 -0.1334061
-0.02105761 0.142332 -0.1305639
-0.0110043 0.1362476 -0.1396157
0.001030953 0.1362476 -0.1410899
0.02229131 0.1378604 -0.1535685
0.01810291 0.1362476 -0.1561291
0.036423 0.1362476 -0.1785069
0.06947671 0.1334052 -0.1719352
0.04102203 0.1378604 -0.1761562
0.08591922 0.1334052 -0.2229544
0.05674812 0.1378604 -0.2040491
0.05152233 0.1362475 -0.2056044
0.06103259 0.1378604 -0.2319012
0.05646052 0.1362475 -0.232123
0.06086308 0.1378604 -0.2590744
0.05635697 0.1362475 -0.2598796
0.08951538 0.132172 -0.2752368
0.1165069 0.127171 -0.2311782
0.1185204 0.1313965 -0.2842078
0.05095379 0.1321733 -0.05548004
0.04996382 0.1365602 -0.02375924
0.03351061 0.1381514 -0.02695215
0.02553494 0.1381125 -0.02990713
0.02633431 0.1340618 -0.02659025
0.03286559 0.1310945 -0.02551967
0.04996382 0.1365602 -0.02375923
0.01810452 0.1319957 -0.02807083
0.02082504 0.128071 -0.02496501
0.009650636 0.1261011 -0.02675127
0.02157072 0.1367649 -0.03409806
0.009555024 0.1292675 -0.02910255
0.00177993 0.124419 -0.02876514
0.009724762 0.1296037 -0.03502136
0.01427799 0.1322021 -0.05472223
0.01128182 0.1303254 -0.04619041
0.00290535 0.1248447 -0.03718311
0.005631821 0.1281354 -0.04671688
-0.003252514 0.129664 -0.03723716
-0.005279518 0.1273278 -0.02900279
0.0004127197 0.1312532 -0.04781369
0.00532605 0.1322917 -0.05461049
0.006499657 0.1328641 -0.07634528
0.01500884 0.1316083 -0.07635171
0.05187146 0.1279601 -0.09510606
0.003862908 0.1334194 -0.0976264
0.01163417 0.1319928 -0.09765762
0.006911721 0.1305217 -0.115284
-0.0005070649 0.1331125 -0.1129242
0.002255508 0.1296451 -0.1260066
-0.004516812 0.1333765 -0.1216306
-0.009742047 0.1307461 -0.1370293
-0.009240674 0.1348327 -0.1253321
-0.02154035 0.1329156 -0.1310351
-0.01482127 0.1368653 -0.1222195
-0.02706341 0.1381106 -0.1196795
-0.0168451 0.1406034 -0.1157855
-0.0229924 0.1427302 -0.1105757
-0.01497695 0.143343 -0.109368
-0.01642323 0.1468517 -0.1070925
-0.005761113 0.1443609 -0.1120152
-0.02528005 0.1471212 -0.1089508
-0.02980771 0.1417325 -0.1213029
-0.02347497 0.137653 -0.1334061
-0.0110043 0.1362476 -0.1396157
0.001030953 0.1362476 -0.1410899
0.00414869 0.1308398 -0.1362712
0.01810291 0.1362476 -0.1561291
0.05482627 0.1277563 -0.1319211
0.02221026 0.1334052 -0.1534206
0.036423 0.1362476 -0.1785069
0.04054524 0.1334052 -0.1766788
0.05152233 0.1362475 -0.2056044
0.06917852 0.1277563 -0.1719069
0.05557435 0.1334052 -0.2049852
0.05646052 0.1362475 -0.232123
0.06133218 0.1334052 -0.2321177
0.05635697 0.1362475 -0.2598796
0.06118789 0.1334052 -0.2592509
0.08951538 0.132172 -0.2752368
0.08619482 0.1277563 -0.2229095
0.1165069 0.127171 -0.2311782
0.147254 0.1199812 -0.2464384
0.146525 0.1199812 -0.1855138
0.1210014 0.1271711 -0.1824332
0.1242982 0.1199813 -0.1387447
0.09518966 0.1277666 -0.1380824
0.1107959 0.1201851 -0.0984375
0.08710156 0.1318788 -0.09784826
0.1204257 0.1243982 -0.06230361
0.08777434 0.1337974 -0.06069026
0.04996382 0.1365602 -0.02375923
0.1194357 0.1287852 -0.04093384
0.09132545 0.1315949 -0.03163057
0.4689531 0.1429874 -2.028773E-07
0.4700726 0.1131011 4.992817E-05
0.5827922 0.1158822 4.990685E-05
0.5858169 0.1456832 -2.235697E-07
0.4689531 0.1429874 -2.028773E-07
0.3546605 0.1409457 -1.824725E-07
0.3556595 0.110278 4.994985E-05
0.4700726 0.1131011 4.992817E-05
0.3556595 0.110278 4.994985E-05
0.3546605 0.1409457 -1.824725E-07
0.2438589 0.1376935 -1.629205E-07
0.2449059 0.1075452 4.997074E-05
0.2449059 0.1075452 4.997074E-05
0.2438589 0.1376935 -1.629205E-07
0.1297934 0.1346889 -1.424991E-07
0.1307742 0.1050563 4.999253E-05
0.4689531 0.1429874 -2.028773E-07
0.5858169 0.1456832 -2.235697E-07
0.5827922 0.1158822 -5.008782E-05
0.4700726 0.113101 -5.006922E-05
0.4689531 0.1429874 -2.028773E-07
0.4700726 0.113101 -5.006922E-05
0.3556596 0.110278 -5.005018E-05
0.3546605 0.1409457 -1.824725E-07
0.3556596 0.110278 -5.005018E-05
0.244906 0.1075452 -5.003191E-05
0.2438589 0.1376935 -1.629205E-07
0.3546605 0.1409457 -1.824725E-07
0.244906 0.1075452 -5.003191E-05
0.1307743 0.1050563 -5.001282E-05
0.1297934 0.1346889 -1.424991E-07
0.2438589 0.1376935 -1.629205E-07
0.1955377 0.1265938 0.389273
0.2670613 0.1213899 0.4818985
0.3432598 0.1096619 0.4161904
0.2330807 0.1209189 0.3271588
0.3761553 0.1050064 0.3403282
0.1358799 0.1292736 0.3183663
0.2480951 0.1181877 0.2612022
0.3516076 0.09957367 0.2244297
0.2422045 0.1124866 0.1767347
0.1590304 0.1256346 0.2653707
0.1718077 0.1230595 0.2133163
0.116507 0.1271712 0.2311779
0.08951538 0.132172 0.2752365
0.1210014 0.1271711 0.1824329
0.1684383 0.1233318 0.1584079
0.09518968 0.1277667 0.1380821
0.1552991 0.1242152 0.1177149
0.08710156 0.1318788 0.09784795
0.08777438 0.1337975 0.06068996
0.1638267 0.1311439 0.08576787
0.09132547 0.131595 0.03163027
0.1718795 0.1335166 0.05387019
0.2528711 0.1267817 0.08015352
0.2277042 0.1253363 0.1143172
0.1925926 0.1201226 0.1328513
0.2033439 0.06798513 0.01832093
0.3202681 0.08793837 0.03326121
0.2851056 0.04260767 0.01139947
0.2193719 0.09478319 0.02851173
0.3419151 0.1344468 0.04664734
0.2306449 0.1300156 0.04076349
0.1444586 0.1196308 0.02471323
0.1379613 0.1013357 0.0188218
0.1288874 0.08746601 0.016947
0.08813906 0.1230664 0.00758091
0.07699689 0.1099598 0.00788013
0.1426518 0.1667513 0.06017533
0.1883359 0.1835131 0.06101388
0.1708563 0.1848536 0.02965491
0.1282518 0.1642612 0.0332312
0.1266506 0.1572139 0.06045886
0.1512946 0.1784118 0.004585237
0.1193892 0.1528409 0.05800918
0.1187404 0.1600401 0.01229402
0.1165485 0.1520082 0.05378004
0.09327624 0.149773 0.0131242
0.1164615 0.152596 0.04766788
0.100835 0.1522005 0.02271718
0.1113557 0.1537604 0.03446103
0.3432598 0.1096619 0.4161904
0.2670613 0.1213899 0.4818985
0.1955377 0.1265938 0.389273
0.2330807 0.1207661 0.3270625
0.3761553 0.1050064 0.3403282
0.1358799 0.1292736 0.3183663
0.2480951 0.1180349 0.2611058
0.3516076 0.09957367 0.2244297
0.2422045 0.1124866 0.1767347
0.1590304 0.1254818 0.2652744
0.1718077 0.1229067 0.21322
0.116507 0.1271712 0.2311779
0.08951538 0.132172 0.2752365
0.1210014 0.1271711 0.1824329
0.1684383 0.123179 0.1583115
0.09518968 0.1277667 0.1380821
0.1552991 0.1242152 0.1177149
0.08710156 0.1318788 0.09784795
0.08777438 0.1337975 0.06068996
0.1638267 0.1309911 0.08567152
0.09132547 0.131595 0.03163027
0.1718795 0.1335166 0.05387019
0.2528711 0.1267817 0.08015352
0.2277042 0.1253363 0.1143172
0.1925926 0.1201226 0.1328513
0.108574 0.1466541 0.01786474
0.08137032 0.1350023 0.01575997
0.09300607 0.1388888 0.01235424
0.1001948 0.1255422 0.03299886
0.183888 0.160508 0.03250831
0.1704796 0.1302079 0.0523574
0.2490882 0.1351596 0.07291136
0.2626481 0.1658005 0.05283716
0.326574 0.1386061 0.0935498
0.3422752 0.174084 0.07030457
0.4162549 0.1649441 0.1098337
0.3986735 0.1261802 0.117913
0.4273329 0.1883785 0.07752865
0.4393682 0.1221268 0.1384104
0.4766313 0.202998 0.08590196
0.4545856 0.172234 0.1231518
0.481718 0.1367996 0.1464761
0.5111487 0.2006714 0.1050052
0.5393302 0.1743752 0.1388137
0.02941003 0.1430925 0.02144848
0.03351061 0.1381514 0.02695186
0.04996383 0.1365602 0.02375894
0.04931686 0.1425861 0.01805818
0.0198628 0.1426842 0.01306823
0.01723887 0.1443538 0.02501547
0.008014413 0.1447646 0.02278506
0.00829934 0.1425199 0.01387373
-0.003144554 0.1393113 0.02145377
-0.002694218 0.1427116 0.02661927
-0.007503735 0.1339575 0.02569918
-0.007419079 0.1353135 0.02879698
-0.005279518 0.1273278 0.02900249
-0.0001705093 0.1426176 0.03596891
-0.005742428 0.1366979 0.03665243
-0.003252514 0.129664 0.03723687
0.0004127121 0.1312532 0.04781339
0.009547493 0.1442735 0.03437652
0.02307371 0.1418694 0.02705352
0.05086215 0.1440137 0.05507518
0.04931686 0.1425861 0.01805818
0.09132547 0.131595 0.03163027
0.01760912 0.1412948 0.03420856
0.01109916 0.1436547 0.04594959
0.01791422 0.1399887 0.04571613
0.002817131 0.1415888 0.04707412
-0.001230824 0.136659 0.04832842
0.00711126 0.1401903 0.05892824
0.00376043 0.1364314 0.05708621
0.005326042 0.1322917 0.05461019
0.006499657 0.1328641 0.07634497
0.01390405 0.1417315 0.05987021
0.00517984 0.1364021 0.0765093
0.02012583 0.1393605 0.05831468
0.05205522 0.1415949 0.09492755
0.008049469 0.1398515 0.07658944
0.00250782 0.1363567 0.09619975
0.003862908 0.1334194 0.0976261
0.02150775 0.1389296 0.07656536
0.08777435 0.1337975 0.06068996
0.1286909 0.1402056 0.07650546
0.1278478 0.1377975 0.04691365
0.1264218 0.1380384 0.1084582
0.08710156 0.1318788 0.09784795
0.1318723 0.1349683 0.1451524
0.09518968 0.1277667 0.1380821
0.1458285 0.1307007 0.1861745
-0.002446884 0.1362855 0.1119218
-0.0005070649 0.1331125 0.1129239
0.05482463 0.1381683 0.1320249
0.1210014 0.1271711 0.1824329
0.1399592 0.1307007 0.2326243
-0.00555291 0.1362855 0.1192175
-0.004516812 0.1333765 0.1216303
0.06947671 0.1334053 0.1719349
-0.009452435 0.1381101 0.1220176
-0.009240674 0.1348327 0.1253318
-0.01272147 0.1395507 0.1214086
-0.01482127 0.1368653 0.1222192
-0.01432922 0.1420515 0.1166356
-0.01684511 0.1406034 0.1157852
-0.01166182 0.1437943 0.1132012
-0.01497695 0.143343 0.1093677
-0.005761113 0.1443609 0.1120149
-0.01450953 0.14809 0.1110312
-0.01642323 0.1468518 0.1070922
-0.02528005 0.1471212 0.1089505
-0.0156734 0.1452016 0.1183767
-0.02299801 0.1486199 0.1123504
-0.02980771 0.1417325 0.1213026
-0.02670681 0.1452668 0.1210444
-0.02347497 0.1376531 0.1334058
-0.02105761 0.142332 0.1305636
-0.0110043 0.1362476 0.1396153
-0.01371781 0.143466 0.1233621
-0.00906892 0.1412177 0.1360275
0.001030937 0.1362476 0.1410896
-0.00856635 0.1428292 0.1242824
-0.003187241 0.1416971 0.120527
-0.002147076 0.1429228 0.1289195
0.005799477 0.1402242 0.1362115
7.950592E-05 0.1402539 0.1126221
0.005020378 0.1395657 0.09645364
0.006089173 0.1415981 0.1144577
0.001655281 0.1425549 0.1238502
0.006155937 0.1403478 0.1268968
0.01187128 0.1406096 0.09634381
0.01192585 0.1391497 0.1160079
0.0222913 0.1378604 0.1535681
0.01810291 0.1362476 0.1561288
0.03642298 0.1362476 0.1785066
0.01843047 0.1377955 0.09670028
0.01486405 0.1406879 0.07666736
0.04102202 0.1378605 0.1761559
0.0567481 0.1378605 0.2040488
0.05152233 0.1362476 0.2056041
0.08591922 0.1334053 0.2229541
0.06103258 0.1378605 0.2319009
0.0564605 0.1362476 0.2321227
0.06086306 0.1378605 0.2590742
0.05635697 0.1362476 0.2598793
0.08951538 0.132172 0.2752365
0.1165069 0.1271711 0.2311779
0.1185204 0.1313965 0.2842075
0.1708563 0.1848536 0.02965491
0.1883359 0.1835131 0.06101388
0.1426518 0.1667513 0.06017533
0.1282518 0.1641367 0.03310344
0.1512946 0.1784118 0.004585237
0.1266506 0.1572139 0.06045886
0.1187404 0.1600401 0.01229402
0.1193892 0.1528409 0.05800918
0.09327623 0.1496739 0.01310249
0.1165485 0.1520082 0.05378004
0.100835 0.1522005 0.02271718
0.1164615 0.152596 0.04766788
0.1113557 0.1537604 0.03446103
-0.01642323 0.1468518 0.1070922
-0.005761113 0.1443609 0.1120149
-0.01497695 0.143343 0.1093677
-0.0229924 0.1427302 0.1105754
-0.01684511 0.1406034 0.1157852
-0.02528005 0.1471212 0.1089505
-0.02706341 0.1381106 0.1196792
-0.01482127 0.1368653 0.1222192
-0.02980771 0.1417325 0.1213026
-0.02154035 0.1329156 0.1310348
-0.009240674 0.1348327 0.1253318
-0.009742043 0.1307462 0.137029
-0.02347497 0.1376531 0.1334058
-0.0110043 0.1362476 0.1396153
-0.004516812 0.1333765 0.1216303
0.001030937 0.1362476 0.1410896
0.002255508 0.1296451 0.1260063
-0.0005070649 0.1331125 0.1129239
0.00414869 0.1308398 0.1362709
0.01810291 0.1362476 0.1561288
0.02221025 0.1334053 0.1534203
0.03642298 0.1362476 0.1785066
0.006911721 0.1305217 0.1152837
0.05187146 0.1279601 0.09510576
0.003862908 0.1334194 0.0976261
0.05482627 0.1277563 0.1319208
0.04054522 0.1334053 0.1766785
0.05152233 0.1362476 0.2056041
0.01163417 0.1319928 0.09765732
0.01500884 0.1316083 0.0763514
0.006499657 0.1328641 0.07634497
0.0509538 0.1321733 0.05547974
0.01427798 0.1322021 0.05472194
0.005326042 0.1322917 0.05461019
0.06917852 0.1277563 0.1719066
0.05557434 0.1334053 0.2049849
0.0564605 0.1362476 0.2321227
0.06133216 0.1334053 0.2321174
0.05635697 0.1362476 0.2598793
0.06118788 0.1334053 0.2592506
0.08951538 0.132172 0.2752365
0.08619482 0.1277563 0.2229092
0.1165069 0.1271711 0.2311779
0.147254 0.1199813 0.2464381
0.146525 0.1199813 0.1855135
0.1210014 0.1271711 0.1824329
0.1242982 0.1199813 0.1387444
0.09518968 0.1277667 0.1380821
0.110796 0.1201851 0.0984372
0.08710156 0.1318788 0.09784795
0.1204257 0.1243983 0.06230331
0.08777435 0.1337975 0.06068996
0.1194358 0.1287852 0.04093353
0.09132547 0.131595 0.03163027
0.04996383 0.1365602 0.02375894
0.03351061 0.1381514 0.02695186
0.04996383 0.1365602 0.02375894
0.02553494 0.1381125 0.02990683
0.02157072 0.1367649 0.03409776
0.01128182 0.1303254 0.04619012
0.005631813 0.1281354 0.04671658
0.0004127121 0.1312532 0.04781339
0.009724755 0.1296037 0.03502107
0.002905342 0.1248447 0.03718281
-0.003252514 0.129664 0.03723687
0.00177993 0.124419 0.02876484
-0.005279518 0.1273278 0.02900249
0.009555024 0.1292675 0.02910226
0.009650636 0.1261011 0.02675097
0.01810452 0.1319957 0.02807054
0.02082504 0.128071 0.02496471
0.03286559 0.1310945 0.02551938
0.02633431 0.1340618 0.02658995
0.04996383 0.1365602 0.02375894
0.09327624 0.149773 0.0131242
0.09300607 0.1388888 0.01235424
0.09307301 0.1494394 0.002504263
0.08850254 0.1402913 0.01850243
0.08137032 0.1350023 0.01575997
0.08006718 0.1440746 0.02142524
0.06935513 0.1418578 0.01514475
0.09016591 0.14624 0.03027151
0.09500593 0.143555 0.02633395
0.105638 0.1481913 0.04012846
0.100835 0.1522005 0.02271718
0.1019934 0.1489213 0.04248786
0.1113557 0.1537604 0.03446103
0.1053503 0.1483509 0.04987755
0.1164615 0.1525961 0.04766788
0.1101645 0.1474367 0.0492254
0.1049314 0.1478819 0.05648172
0.1136627 0.1464816 0.05632426
0.1165485 0.1520083 0.05378004
0.1069308 0.1463794 0.05773808
0.1017757 0.1478203 0.05859044
0.1172463 0.1482393 0.06195335
0.1193892 0.1528409 0.05800918
0.1016528 0.1456788 0.05942453
0.09888188 0.1485975 0.05643073
0.1102245 0.1442605 0.06623836
0.1296296 0.1537729 0.06372395
0.1266506 0.1572139 0.06045886
0.1426518 0.1667513 0.06017533
0.09772528 0.1469836 0.05650432
0.09881521 0.1502139 0.05381319
0.1017456 0.1418749 0.066152
0.1449682 0.1628566 0.0635566
0.1603096 0.1718886 0.06699014
0.1440943 0.1652055 0.06698529
0.1284906 0.1564006 0.06753769
0.1154903 0.1507795 0.06611179
0.1087767 0.1472734 0.06857449
0.1000967 0.1442349 0.06848323
0.09220604 0.1442285 0.06344146
0.09418225 0.1427946 0.06142048
0.08956082 0.1480789 0.05535598
0.09243692 0.1462238 0.05531245
0.09373745 0.150353 0.05178544
0.09611447 0.1488106 0.05243253
0.1014058 0.1521714 0.05152744
0.3202681 0.08793837 0.03326121
0.2033439 0.06798513 0.01832093
0.2851056 0.04260767 0.01139947
0.2194946 0.09406444 0.03163512
0.3419151 0.1344468 0.04664734
0.2306449 0.1300156 0.04076349
0.1444586 0.1196308 0.02471323
0.1380841 0.1006169 0.02194519
0.1288874 0.08746601 0.016947
0.08813906 0.1230664 0.00758091
0.07699689 0.1099598 0.00788013
0.08951559 0.1321719 -0.2752368
0.1185204 0.1313965 -0.2842078
0.1399592 0.1307006 -0.2326246
0.1165659 0.127171 -0.2311782
0.1210604 0.1271711 -0.1824332
0.1458285 0.1307006 -0.1861749
0.09524862 0.1277666 -0.1380824
0.1318723 0.1349682 -0.1451527
0.08716052 0.1318788 -0.09784826
0.1264217 0.1380383 -0.1084585
0.08783329 0.1337974 -0.06069026
0.1286909 0.1402056 -0.07650577
0.09138441 0.1315949 -0.03163057
0.1278478 0.1377975 -0.04691395
0.070341 0.1643827 -1.537195E-07
0.0972048 0.1863144 -1.563321E-07
0.09776077 0.1622646 -0.02719679
0.07059366 0.1531563 -0.01640475
0.04861166 0.1498001 -1.519883E-07
0.08967294 0.1413361 -0.03869427
0.04894001 0.1475339 -0.009507304
0.06805337 0.1406653 -0.02601465
0.04931686 0.1425727 -0.01805848
0.09776077 0.1622646 0.02719648
0.0972048 0.1863144 -1.563321E-07
0.070341 0.1643827 -1.537195E-07
0.07059367 0.1531563 0.01640444
0.08967294 0.1413361 0.03869397
0.04861166 0.1498001 -1.519883E-07
0.06805339 0.1406653 0.02601435
0.04894001 0.1475339 0.009507
0.04931686 0.1425727 0.01805818
0.08783329 0.1337974 -0.06069026
0.09138441 0.1315949 -0.03163057
0.1194357 0.1287852 -0.04093384
0.1204257 0.1243982 -0.06230361
0.08716052 0.1318788 -0.09784826
0.1107959 0.1201851 -0.0984375
0.09524862 0.1277666 -0.1380824
0.1242982 0.1199813 -0.1387447
0.1210604 0.1271711 -0.1824332
0.146525 0.1199812 -0.1855138
0.1165659 0.127171 -0.2311782
0.147254 0.1199812 -0.2464384
0.08951559 0.1321719 -0.2752368
0.1955377 0.1265937 -0.3892733
0.2670613 0.1213898 -0.4818988
0.3432598 0.1096618 -0.4161906
0.2330807 0.120766 -0.3270627
0.3761553 0.1050063 -0.3403285
0.13588 0.1292735 -0.3183666
0.2480951 0.1180348 -0.2611061
0.3516076 0.09957361 -0.2244301
0.2422045 0.1124865 -0.1767349
0.1590304 0.1254817 -0.2652747
0.1718078 0.1229067 -0.2132203
0.116507 0.1271711 -0.2311782
0.08951538 0.132172 -0.2752368
0.1210014 0.1271711 -0.1824332
0.1684383 0.123179 -0.1583119
0.09518966 0.1277667 -0.1380824
0.1552991 0.1242152 -0.1177152
0.08710156 0.1318788 -0.09784826
0.08777437 0.1337975 -0.06069026
0.1638266 0.1309911 -0.08567183
0.09132545 0.1315949 -0.03163057
0.1718794 0.1335166 -0.05387049
0.2528711 0.1267817 -0.08015382
0.2277041 0.1253363 -0.1143175
0.1925926 0.1201226 -0.1328516
0.3432598 0.1096618 -0.4161906
0.2670613 0.1213898 -0.4818988
0.1955377 0.1265937 -0.3892733
0.2330807 0.1209188 -0.3271591
0.3761553 0.1050063 -0.3403285
0.13588 0.1292735 -0.3183666
0.2480951 0.1181876 -0.2612024
0.3516076 0.09957361 -0.2244301
0.2422045 0.1124865 -0.1767349
0.1590304 0.1256345 -0.265371
0.1718078 0.1230595 -0.2133166
0.116507 0.1271711 -0.2311782
0.08951538 0.132172 -0.2752368
0.1210014 0.1271711 -0.1824332
0.1684383 0.1233318 -0.1584082
0.09518966 0.1277667 -0.1380824
0.1552991 0.1242152 -0.1177152
0.08710156 0.1318788 -0.09784826
0.08777437 0.1337975 -0.06069026
0.1638266 0.1311439 -0.08576817
0.09132545 0.1315949 -0.03163057
0.1718794 0.1335166 -0.05387049
0.2528711 0.1267817 -0.08015382
0.2277041 0.1253363 -0.1143175
0.1925926 0.1201226 -0.1328516
0.0703421 0.1641141 -1.536875E-07
0.09776077 0.1622646 -0.02719679
0.0972048 0.1863144 -1.563321E-07
0.07059366 0.1524288 -0.0157703
0.04861166 0.1498001 -1.519883E-07
0.08967294 0.1413361 -0.03869427
0.04894001 0.1475339 -0.009507304
0.06805337 0.1406653 -0.02601465
0.04931686 0.1425727 -0.01805848
0.0703421 0.1641141 -1.536875E-07
0.0972048 0.1863144 -1.563321E-07
0.09776077 0.1622646 0.02719648
0.07059364 0.1524288 0.01576999
0.04861166 0.1498001 -1.519883E-07
0.08967294 0.1413361 0.03869397
0.04894001 0.1475339 0.009507
0.06805339 0.1406653 0.02601435
0.04931686 0.1425727 0.01805818
0.1426519 0.1667513 -0.06017562
0.1883359 0.1835131 -0.06101419
0.1708564 0.1848536 -0.02965521
0.1282519 0.1641367 -0.03310373
0.1512947 0.1784118 -0.004585543
0.1266506 0.1572139 -0.06045916
0.1187405 0.1600401 -0.01229432
0.1193893 0.1528409 -0.05800948
0.09327624 0.1496739 -0.01310279
0.1165486 0.1520082 -0.05378033
0.100835 0.1522005 -0.02271747
0.1164616 0.152596 -0.04766817
0.1113557 0.1537604 -0.03446132
0.108574 0.1466541 -0.01786505
0.09300607 0.1388888 -0.01235454
0.08137032 0.1350023 -0.01576027
0.1001948 0.1255422 -0.03299916
0.1876994 0.1631045 -0.03514282
0.1742909 0.1328044 -0.0549919
0.2490882 0.1351596 -0.07291165
0.2626481 0.1658005 -0.05283747
0.3272373 0.1401185 -0.0925748
0.3409486 0.1711002 -0.0722755
0.416329 0.165055 -0.1100331
0.3979459 0.1245233 -0.118481
0.4279123 0.1895582 -0.07625484
0.4393682 0.1221267 -0.1384107
0.4766313 0.202998 -0.08590228
0.4545857 0.172234 -0.1231521
0.481718 0.1367996 -0.1464764
0.5111487 0.2006713 -0.1050055
0.5393302 0.1743752 -0.1388141
0.08137032 0.1350023 -0.01576027
0.06935513 0.1418578 -0.01514505
0.08006719 0.1440746 -0.02142554
0.08850256 0.1402914 -0.01850272
0.09300607 0.1388888 -0.01235454
0.09016592 0.14624 -0.0302718
0.09327627 0.149773 -0.01312449
0.09307301 0.1494394 -0.005389372
0.09500594 0.143555 -0.02633424
0.1056381 0.1481913 -0.04012875
0.100835 0.1522005 -0.02271747
0.1019934 0.1489213 -0.04248815
0.1113557 0.1537604 -0.03446132
0.1053503 0.1483509 -0.04987784
0.1164616 0.152596 -0.04766817
0.1101645 0.1474367 -0.04922569
0.1049314 0.1478819 -0.05648201
0.1136627 0.1464815 -0.05632455
0.1165486 0.1520083 -0.05378033
0.1069308 0.1463794 -0.05773837
0.1017758 0.1478203 -0.05859074
0.1172463 0.1482393 -0.06195364
0.1193893 0.1528409 -0.05800948
0.1016528 0.1456788 -0.05942483
0.09888189 0.1485974 -0.05643102
0.1102245 0.1442605 -0.06623866
0.1296296 0.1537729 -0.06372423
0.1266506 0.1572139 -0.06045916
0.1426519 0.1667513 -0.06017563
0.09772531 0.1469836 -0.05650462
0.09881524 0.1502138 -0.05381349
0.1017456 0.1418749 -0.06615229
0.1449682 0.1628566 -0.06355691
0.1603096 0.1718886 -0.06699046
0.1440944 0.1652055 -0.06698561
0.1284906 0.1564006 -0.06753799
0.1154903 0.1507795 -0.06611209
0.1087767 0.1472734 -0.06857479
0.1000967 0.1442349 -0.06848353
0.09220605 0.1442285 -0.06344175
0.09418228 0.1427945 -0.06142078
0.08956085 0.1480788 -0.05535628
0.09243695 0.1462237 -0.05531273
0.09373748 0.1503529 -0.05178573
0.0961145 0.1488106 -0.05243282
0.1014059 0.1521714 -0.05152774
0.1340946 0.1330724 -0.03081542
0.08813906 0.1231316 -0.007639056
0.09263148 0.1289953 -0.009974611
0.1220515 0.1139329 -0.03922276
0.1897337 0.134465 -0.05631018
0.1658044 0.1068639 -0.0684865
0.2220723 0.1051119 -0.09901208
0.2462719 0.133026 -0.08669908
0.2783401 0.1033599 -0.1295376
0.3028102 0.1315871 -0.117088
0.362052 0.1180254 -0.177078
0.3354774 0.0758469 -0.168685
0.3877973 0.1364089 -0.1422518
0.3691246 0.0642615 -0.1979485
0.4332932 0.1385392 -0.1655289
0.3959463 0.11437 -0.1983233
0.4095944 0.06944721 -0.2181298
0.4602745 0.1281113 -0.1925249
0.4729901 0.0948238 -0.2293891
0.108574 0.1466541 -0.01786505
0.08137032 0.1350023 -0.01576027
0.09300607 0.1388888 -0.01235454
0.1001948 0.1258267 -0.033137
0.1876994 0.1631045 -0.03514282
0.1742909 0.1330889 -0.05512974
0.2490882 0.1354441 -0.07304949
0.2626481 0.1658005 -0.05283747
0.3272373 0.140403 -0.09271264
0.3409486 0.1711002 -0.0722755
0.416329 0.1709116 -0.1170974
0.3979459 0.1245233 -0.118481
0.4279123 0.1895582 -0.07625484
0.4393682 0.1221267 -0.1384107
0.4766313 0.202998 -0.08590228
0.4545857 0.1760786 -0.1288096
0.481718 0.1367996 -0.1464764
0.5111487 0.2006713 -0.1050055
0.5393302 0.1743752 -0.1388141
0.1708564 0.1848536 -0.02965521
0.1883359 0.1835131 -0.06101419
0.1426519 0.1667513 -0.06017562
0.1282519 0.1642612 -0.03323149
0.1512947 0.1784118 -0.004585543
0.1266506 0.1572139 -0.06045916
0.1193893 0.1528409 -0.05800948
0.1165486 0.1520082 -0.05378033
0.1164616 0.152596 -0.04766817
0.1113557 0.1537604 -0.03446132
0.1187405 0.1600401 -0.01229432
0.100835 0.1522005 -0.02271747
0.09327627 0.149773 -0.01312449
0.06118789 0.1334052 -0.2592509
0.0650944 0.1354437 -0.261112
0.08951538 0.132172 -0.2752368
0.07162429 0.1339666 -0.2880666
0.07410736 0.1342108 -0.2868254
0.08696449 0.135316 -0.3085435
0.06850038 0.1359739 -0.289508
0.05635697 0.1362475 -0.2598796
0.09327623 0.1496739 0.01310249
0.09307301 0.1494394 0.002504263
0.1636053 0.1564984 0.008107156
0.1517537 0.1483022 0.02535399
0.2366198 0.1618483 0.01159354
0.2241112 0.1484149 0.03778699
0.3012211 0.1462944 0.04532601
0.3148454 0.1628791 0.01682572
0.3776181 0.1432119 0.05435374
0.3944972 0.1658123 0.01907573
0.4943776 0.1582598 0.05007869
0.4716136 0.1249246 0.07978122
0.5007094 0.1709567 0.0114741
0.5138863 0.1239328 0.09247873
0.5525393 0.1754926 0.01164945
0.5345861 0.1624751 0.05784166
0.5587392 0.1321059 0.09001025
0.5892671 0.1728276 0.02617168
0.6188647 0.1537577 0.06344143
0.1340946 0.1330724 0.03081512
0.08739032 0.1219804 0.007095237
0.09412895 0.1309716 0.01077211
0.1220515 0.1137372 0.03904891
0.1897337 0.134465 0.05630988
0.1658044 0.1066682 0.06831265
0.2220722 0.1049162 0.09883823
0.2462719 0.1330261 0.08669879
0.2766039 0.1011338 0.1302225
0.3062825 0.1356064 0.1153334
0.3620524 0.1110332 0.1696216
0.3354117 0.07576112 0.1686953
0.3878619 0.1364739 0.1421964
0.3691246 0.06426154 0.1979482
0.4332933 0.1385392 0.1655286
0.3959463 0.1101441 0.19381
0.4095944 0.06944725 0.2181295
0.4602745 0.1281114 0.1925246
0.4729901 0.09482384 0.2293888
0.09327627 0.149773 -0.01312449
0.09307301 0.1494394 -0.005389372
0.1636053 0.1564984 -0.008107462
0.1517537 0.1484509 -0.02538685
0.2366198 0.1618482 -0.01159384
0.2241112 0.1485635 -0.03781985
0.3012211 0.146443 -0.04535887
0.3148454 0.1628791 -0.01682602
0.3783312 0.1443225 -0.05289789
0.3930711 0.16391 -0.02205821
0.4941778 0.1664902 -0.05875696
0.471113 0.1290989 -0.07712507
0.500841 0.1687538 -0.01495896
0.5138863 0.1239328 -0.09247904
0.5525393 0.1754926 -0.01164977
0.5345862 0.16811 -0.06339177
0.5587393 0.1321059 -0.09001057
0.5892672 0.1728276 -0.026172
0.6188648 0.1537576 -0.06344174
0.06118788 0.1334053 0.2592506
0.08951538 0.132172 0.2752365
0.06509439 0.1354438 0.2611117
0.07162426 0.1339667 0.2880663
0.07410733 0.1342109 0.2868251
0.08696447 0.1353161 0.3085432
0.06850036 0.1359739 0.2895077
0.05635697 0.1362476 0.2598793
0.0650944 0.1354437 -0.261112
0.06086308 0.1378604 -0.2590744
0.08951538 0.132172 -0.2752368
0.07410736 0.1342108 -0.2868254
0.07136816 0.1371129 -0.2880161
0.05635697 0.1362475 -0.2598796
0.08696449 0.135316 -0.3085435
0.06850038 0.1359739 -0.289508
0.09138443 0.131595 0.03163027
0.1278478 0.1377975 0.04691365
0.1286909 0.1402056 0.07650546
0.08783331 0.1337975 0.06068996
0.1264218 0.1380384 0.1084582
0.08716052 0.1318788 0.09784795
0.1318723 0.1349683 0.1451524
0.09524862 0.1277667 0.1380821
0.1458285 0.1307007 0.1861745
0.1210604 0.1271711 0.1824329
0.1399592 0.1307007 0.2326243
0.1165659 0.1271711 0.2311779
0.08951557 0.132172 0.2752365
0.1185204 0.1313965 0.2842075
0.4722137 0.1847645 -1.813579E-07
0.4725956 0.1548596 4.995242E-05
0.5853494 0.1548595 4.994122E-05
0.5891085 0.1845768 -1.915017E-07
0.4722137 0.1847645 -1.813579E-07
0.3579055 0.1855427 -1.713112E-07
0.3581478 0.1548597 4.996376E-05
0.4725956 0.1548596 4.995242E-05
0.3581478 0.1548597 4.996376E-05
0.3579055 0.1855427 -1.713112E-07
0.2470575 0.1850245 -1.616474E-07
0.2473605 0.1548596 4.997473E-05
0.2473605 0.1548596 4.997473E-05
0.2470575 0.1850245 -1.616474E-07
0.1329525 0.1848345 -1.5155E-07
0.1332022 0.1551868 4.998616E-05
0.4722137 0.1847645 -1.813579E-07
0.5891085 0.1845768 -1.915017E-07
0.5853494 0.1548594 -5.005347E-05
0.4725957 0.1548596 -5.004496E-05
0.4722137 0.1847645 -1.813579E-07
0.4725957 0.1548596 -5.004496E-05
0.3581478 0.1548596 -5.003627E-05
0.3579055 0.1855427 -1.713112E-07
0.3581478 0.1548596 -5.003627E-05
0.2473605 0.1548596 -5.002792E-05
0.2470575 0.1850245 -1.616474E-07
0.3579055 0.1855427 -1.713112E-07
0.1636053 0.1564984 0.008107156
0.09307301 0.1494394 0.002504263
0.09327624 0.149773 0.0131242
0.1517537 0.1484509 0.02538654
0.2366198 0.1618483 0.01159354
0.2241112 0.1485635 0.03781955
0.3012211 0.146443 0.04535857
0.3148454 0.1628791 0.01682572
0.3776181 0.1433822 0.05439103
0.3944972 0.1658123 0.01907573
0.4936088 0.1678951 0.05959864
0.4716136 0.1249246 0.07978122
0.5007094 0.1709567 0.0114741
0.5138863 0.1239328 0.09247873
0.5525393 0.1754926 0.01164945
0.5345861 0.16811 0.06339145
0.5587392 0.1321059 0.09001025
0.5892671 0.1728276 0.02617168
0.6188647 0.1537577 0.06344143
0.1636053 0.1564984 -0.008107462
0.09307301 0.1494394 -0.005389372
0.09327624 0.1496739 -0.01310279
0.1517537 0.1483022 -0.02535429
0.2366198 0.1618482 -0.01159384
0.2241112 0.1484148 -0.03778729
0.3012211 0.1462943 -0.04532631
0.3148454 0.1628791 -0.01682602
0.3783312 0.1441738 -0.05286533
0.3930711 0.16391 -0.02205821
0.4941778 0.1576933 -0.05009288
0.471113 0.1290989 -0.07712507
0.500841 0.1687538 -0.01495896
0.5138863 0.1239328 -0.09247904
0.5525393 0.1754926 -0.01164977
0.5345862 0.1624751 -0.05784197
0.5587393 0.1321059 -0.09001057
0.5892672 0.1728276 -0.026172
0.6188648 0.1537576 -0.06344174
0.1340946 0.1330724 -0.03081542
0.09263148 0.1289953 -0.009974611
0.08813906 0.1230012 -0.007523359
0.1220515 0.1137372 -0.0390492
0.1897337 0.134465 -0.05631018
0.1658044 0.1066682 -0.06831295
0.2220723 0.1049162 -0.09883853
0.2462719 0.133026 -0.08669908
0.2783401 0.1031642 -0.1293641
0.3028102 0.1315871 -0.117088
0.362052 0.1110314 -0.169609
0.3354774 0.0758469 -0.168685
0.3877973 0.1364089 -0.1422518
0.3691246 0.0642615 -0.1979485
0.4332932 0.1385392 -0.1655289
0.3959463 0.1101441 -0.1938103
0.4095944 0.06944721 -0.2181298
0.4602745 0.1281113 -0.1925249
0.4729901 0.0948238 -0.2293891
0.147254 0.1199813 0.2464381
0.1165659 0.1271711 0.2311779
0.08951557 0.132172 0.2752365
0.146525 0.1199813 0.1855135
0.1210604 0.1271711 0.1824329
0.1242982 0.1199813 0.1387444
0.09524862 0.1277667 0.1380821
0.110796 0.1201851 0.0984372
0.08716052 0.1318788 0.09784795
0.1204257 0.1243983 0.06230331
0.08783331 0.1337975 0.06068996
0.1194358 0.1287852 0.04093353
0.09138443 0.131595 0.03163027
0.1340946 0.1330724 0.03081512
0.09412895 0.1309716 0.01077211
0.08739032 0.1221761 0.007268782
0.1220515 0.1139329 0.03922246
0.1897337 0.134465 0.05630988
0.1658044 0.1068639 0.06848621
0.2220722 0.1051119 0.09901179
0.2462719 0.1330261 0.08669879
0.2766039 0.1013711 0.1304329
0.3062825 0.1356064 0.1153334
0.3620524 0.1180446 0.1771092
0.3354117 0.07576112 0.1686953
0.3878619 0.1364739 0.1421964
0.3691246 0.06426154 0.1979482
0.4332933 0.1385392 0.1655286
0.3959463 0.11437 0.198323
0.4095944 0.06944725 0.2181295
0.4602745 0.1281114 0.1925246
0.4729901 0.09482384 0.2293888
0.108574 0.1466541 0.01786474
0.09300607 0.1388888 0.01235424
0.08137032 0.1350023 0.01575997
0.1001948 0.1258267 0.0331367
0.183888 0.160508 0.03250831
0.1704796 0.1304924 0.05249524
0.2490882 0.1354441 0.0730492
0.2626481 0.1658005 0.05283716
0.326574 0.1389319 0.09370765
0.3422752 0.174084 0.07030457
0.4162549 0.1705453 0.1165898
0.3986735 0.1261802 0.117913
0.4273329 0.1883785 0.07752865
0.4393682 0.1221268 0.1384104
0.4766313 0.202998 0.08590196
0.4545856 0.1760786 0.1288093
0.481718 0.1367996 0.1464761
0.5111487 0.2006714 0.1050052
0.5393302 0.1743752 0.1388137
0.06509439 0.1354438 0.2611117
0.08951538 0.132172 0.2752365
0.06086306 0.1378605 0.2590742
0.07410733 0.1342109 0.2868251
0.07136813 0.1371129 0.2880158
0.08696447 0.1353161 0.3085432
0.05635697 0.1362476 0.2598793
0.06850036 0.1359739 0.2895077
0.09551736 0.1518258 -0.05368257
0.1014059 0.1521714 -0.05152774
0.09881524 0.1502138 -0.05381349
0.09373748 0.1503529 -0.05178573
0.09888189 0.1485974 -0.05643102
0.08956085 0.1480788 -0.05535628
0.09780221 0.1501584 -0.05809416
0.1017758 0.1478203 -0.05859074
0.09130755 0.1497834 -0.05685509
0.09220605 0.1442285 -0.06344175
0.09277459 0.1471837 -0.06272745
0.1000967 0.1442349 -0.06848353
0.0992543 0.1475407 -0.06653073
0.1087767 0.1472734 -0.06857479
0.1007263 0.1499422 -0.06034704
0.1049314 0.1478819 -0.05648201
0.1073891 0.1505761 -0.06634012
0.1154903 0.1507795 -0.06611209
0.1048871 0.1514214 -0.05751068
0.1053503 0.1483509 -0.04987784
0.1057711 0.1514461 -0.0499243
0.1111505 0.1541936 -0.04900207
0.1019934 0.1489213 -0.04248815
0.1088339 0.1535068 -0.05833868
0.1154919 0.15424 -0.06224885
0.1024257 0.1516599 -0.04200717
0.126595 0.1596999 -0.06511687
0.1284906 0.1564006 -0.06753799
0.1440944 0.1652055 -0.06698561
0.1424259 0.167654 -0.06441142
0.1603096 0.1718886 -0.06699046
0.1426519 0.1667513 -0.06017563
0.1266506 0.1572139 -0.06045916
0.1193893 0.1528409 -0.05800948
0.11299 0.1539485 -0.05666764
0.1165486 0.1520083 -0.05378033
0.1164616 0.152596 -0.04766817
0.1069976 0.1556559 -0.03804099
0.1113557 0.1537604 -0.03446132
0.09792227 0.1551666 -0.02715855
0.100835 0.1522005 -0.02271747
0.09327627 0.149773 -0.01312449
0.09146398 0.1512158 -0.03052812
0.09016592 0.14624 -0.0302718
0.08006719 0.1440746 -0.02142554
0.09048472 0.1537173 -0.01828688
0.08194347 0.1516654 -0.008949972
0.07949148 0.1498206 -0.01987602
0.06935513 0.1418578 -0.01514505
0.06786056 0.1488849 -0.009186989
0.2288265 0.04077787 -0.1304881
0.281352 0.07047251 -0.119152
0.1946918 0.09536947 -0.07694468
0.3224632 0.09594737 -0.09743304
0.2215989 0.1171148 -0.0573638
0.1681001 0.07544605 -0.0833306
0.1400978 0.1259881 -0.02977104
0.1254318 0.1155185 -0.04079944
0.1111211 0.1063258 -0.04345787
0.07300958 0.1194629 -0.01122978
0.06693377 0.1188941 -0.02346249
0.2851056 0.04260769 -0.01139975
0.3202681 0.08793838 -0.0332615
0.2193719 0.0947832 -0.02851203
0.3419151 0.1344467 -0.04664765
0.2306449 0.1300156 -0.04076379
0.2033439 0.06798515 -0.01832122
0.1330247 0.1118413 -0.01681087
0.1379613 0.1013356 -0.01882209
0.1288874 0.08746599 -0.01694729
0.08813906 0.1230664 -0.007581208
0.07699689 0.1099598 -0.007880423
0.2288265 0.04077788 0.1304878
0.1947184 0.09738547 0.07702147
0.1681001 0.07544607 0.08333028
0.281352 0.07047252 0.1191516
0.3224632 0.09594738 0.09743269
0.2215989 0.1171149 0.0573635
0.1111211 0.1063258 0.04345757
0.1400979 0.1259881 0.02977074
0.1254585 0.1175345 0.04087626
0.06693377 0.1188941 0.0234622
0.07300958 0.1194629 0.01122949
0.07949145 0.1498206 0.01987573
0.08194347 0.1516654 0.008949673
0.06786057 0.1488849 0.009186684
0.06935513 0.1418578 0.01514475
0.08006718 0.1440746 0.02142524
0.09048471 0.1537173 0.01828659
0.09327624 0.149773 0.0131242
0.09146395 0.1512158 0.03052783
0.09016591 0.14624 0.03027151
0.1019934 0.1489213 0.04248786
0.09792225 0.1551666 0.02715826
0.100835 0.1522005 0.02271718
0.1113557 0.1537604 0.03446103
0.1024257 0.15166 0.04200688
0.1069976 0.155656 0.0380407
0.1111505 0.1541936 0.04900178
0.1164615 0.1525961 0.04766788
0.1165485 0.1520083 0.05378004
0.1057711 0.1514461 0.04992401
0.1053503 0.1483509 0.04987755
0.104887 0.1514214 0.05751039
0.1049314 0.1478819 0.05648172
0.11299 0.1539485 0.05666735
0.1193892 0.1528409 0.05800918
0.1088338 0.1535068 0.05833839
0.1154919 0.15424 0.06224856
0.1266506 0.1572139 0.06045886
0.1007263 0.1499422 0.06034675
0.1017757 0.1478203 0.05859044
0.1073891 0.1505761 0.06633982
0.09780218 0.1501584 0.05809386
0.09888188 0.1485975 0.05643073
0.09925429 0.1475407 0.06653044
0.09551734 0.1518258 0.05368228
0.09881521 0.1502139 0.05381319
0.1014058 0.1521714 0.05152744
0.09373745 0.150353 0.05178544
0.08956082 0.1480789 0.05535598
0.09130752 0.1497834 0.0568548
0.09220604 0.1442285 0.06344146
0.09277458 0.1471837 0.06272717
0.1000967 0.1442349 0.06848323
0.1087767 0.1472734 0.06857449
0.1154903 0.1507795 0.06611179
0.1265949 0.1596999 0.06511656
0.1284906 0.1564006 0.06753769
0.1440943 0.1652055 0.06698529
0.1424259 0.167654 0.0644111
0.1426518 0.1667513 0.06017533
0.1603096 0.1718886 0.06699014
0.1380841 0.1006169 -0.02194549
0.1288874 0.08746599 -0.01694729
0.07699689 0.1099598 -0.007880423
0.08813906 0.1230664 -0.007581208
0.2033439 0.06798515 -0.01832122
0.1330247 0.1118413 -0.01681087
0.2194947 0.09406445 -0.03163542
0.2851056 0.04260769 -0.01139975
0.2306449 0.1300156 -0.04076379
0.3202681 0.08793838 -0.0332615
0.3419151 0.1344467 -0.04664765
0.3224632 0.09594738 0.09743269
0.1946918 0.09536948 0.07694437
0.2215989 0.1171149 0.0573635
0.281352 0.07047252 0.1191516
0.2288265 0.04077788 0.1304878
0.1400979 0.1259881 0.02977074
0.1681001 0.07544607 0.08333028
0.1254318 0.1155185 0.04079917
0.07300958 0.1194629 0.01122949
0.1111211 0.1063258 0.04345757
0.06693377 0.1188941 0.0234622
0.3224632 0.09594737 -0.09743304
0.1947185 0.09738544 -0.07702179
0.2215989 0.1171148 -0.0573638
0.281352 0.07047251 -0.119152
0.2288265 0.04077787 -0.1304881
0.1400978 0.1259881 -0.02977104
0.1681001 0.07544605 -0.0833306
0.1254585 0.1175344 -0.04087655
0.07300958 0.1194629 -0.01122978
0.1111211 0.1063258 -0.04345787
0.06693377 0.1188941 -0.02346249
2
0.3721775 -0.7834199 0.4977323
0.3721775 -0.7834198 0.4977323
0.3721775 -0.7834198 0.4977323
-0.5011507 -0.7903357 0.3524455
-0.5011507 -0.7903356 0.3524455
-0.5011507 -0.7903356 0.3524455
-0.8012725 -0.1805993 0.5703914
-0.8012725 -0.1805993 0.5703914
-0.8012726 -0.1805993 0.5703914
-0.9856805 0.1258152 0.1122698
-0.9979091 -0.0640457 -0.008693967
-0.9805351 0.1961571 -0.008570264
-0.7420018 0.006475104 -0.6703667
-0.308509 -0.07194022 -0.9484972
0.3250155 0.07179557 -0.9429796
0.7535881 -0.006576828 -0.6573141
0.8012691 0.1806067 -0.5703939
0.8648747 0.1193278 -0.4875989
0.9805352 -0.1961562 0.008571753
-0.5011507 -0.7903357 -0.3524452
-0.5011507 -0.7903357 -0.3524453
-0.5011507 -0.7903357 -0.3524453
-0.8012726 -0.1805996 -0.5703913
-0.8012744 -0.1806 -0.5703886
-0.8012726 -0.1805996 -0.5703913
-0.9856806 0.1258152 -0.112269
-0.9979091 -0.06404564 0.008694711
-0.980535 0.1961571 0.008571154
-0.7420014 0.006475587 0.6703671
-0.3085086 -0.07193956 0.9484974
0.3250159 0.07179625 0.9429794
0.7535885 -0.006576307 0.6573136
0.8012694 0.1806073 0.5703934
0.864875 0.1193283 0.4875983
0.9805352 -0.1961562 -0.008572661
-0.9890225 -0.1326639 -0.06507511
-0.9890225 -0.1326639 -0.06507511
-0.9890225 -0.1326639 -0.06507511
-0.9952353 -0.09575155 -0.01839768
-0.9952353 -0.09575155 -0.01839768
-0.9952353 -0.09575155 -0.01839768
0.03398965 -0.9500629 -0.3102023
0.03398965 -0.9500629 -0.3102023
0.03398965 -0.9500629 -0.3102023
0.226482 0.9510661 -0.2101887
0.226482 0.9510661 -0.2101888
0.226482 0.9510661 -0.2101888
-0.3615262 0.04247223 -0.9313942
-0.3615262 0.04247223 -0.9313942
-0.3615263 0.04247223 -0.9313942
-0.5353649 -0.7510594 -0.3863864
-0.5353649 -0.7510594 -0.3863864
-0.5353649 -0.7510593 -0.3863864
-0.1979568 0.01672921 -0.9800681
-0.1979568 0.01672921 -0.9800681
-0.1979568 0.01672921 -0.9800681
0.003312332 0.9176754 -0.3973174
0.003312332 0.9176754 -0.3973174
0.003312332 0.9176754 -0.3973174
-0.02103391 0.8981783 -0.4391281
-0.02103391 0.8981783 -0.4391281
-0.02103391 0.8981783 -0.4391281
0.3805661 0.7000785 -0.6042017
0.3805661 0.7000785 -0.6042017
0.3805661 0.7000785 -0.6042017
0.02612382 0.9382482 -0.3449754
0.02612382 0.9382482 -0.3449754
0.02612382 0.9382483 -0.3449754
0.1169781 -0.9643979 -0.237177
0.1169781 -0.9643979 -0.237177
0.1169781 -0.9643979 -0.237177
-0.04554921 -0.7858072 -0.6167921
-0.04554921 -0.7858072 -0.6167921
-0.0455492 -0.7858072 -0.6167921
0.2336158 -0.7401329 -0.630577
0.2336158 -0.7401329 -0.6305769
0.2336158 -0.7401329 -0.630577
0.4397353 -0.8407122 -0.3159685
0.4397354 -0.8407122 -0.3159685
0.4397354 -0.8407122 -0.3159685
0 -1.192093E-07 -1
0 -1.192093E-07 -1
0 -1.192093E-07 -1
0.3721744 -0.7834194 -0.4977355
0.3721744 -0.7834193 -0.4977356
0.3721744 -0.7834193 -0.4977355
0.4397336 -0.8407088 0.3159797
0.4397336 -0.8407088 0.3159797
0.4397336 -0.8407088 0.3159797
0 1.192093E-07 1
0 1.192093E-07 1
0 1.192093E-07 1
-0.9952353 -0.09575153 0.01839722
-0.9952353 -0.09575153 0.01839722
-0.9952353 -0.09575153 0.01839722
0.2336125 -0.7401314 0.6305798
0.2336125 -0.7401314 0.6305798
0.2336125 -0.7401314 0.6305799
-0.9890223 -0.1326653 0.06507624
-0.9890223 -0.1326653 0.06507625
-0.9890223 -0.1326653 0.06507625
0.1169791 -0.9643971 0.2371797
0.116979 -0.9643971 0.2371797
0.116979 -0.9643971 0.2371797
0.0339886 -0.9500614 0.3102068
0.0339886 -0.9500614 0.3102068
0.0339886 -0.9500614 0.3102068
-0.04554908 -0.7858048 0.6167952
-0.04554908 -0.7858047 0.6167952
-0.04554908 -0.7858048 0.6167952
0.2264749 0.9510667 0.2101938
0.2264749 0.9510667 0.2101938
0.2264749 0.9510667 0.2101938
0.380566 0.7000788 0.6042015
0.380566 0.7000788 0.6042014
0.380566 0.7000788 0.6042015
-0.3615266 0.04247119 0.931394
-0.3615266 0.04247119 0.931394
-0.3615266 0.04247119 0.931394
0.02612383 0.9382484 0.3449752
0.02612383 0.9382483 0.3449752
0.02612383 0.9382483 0.3449752
-0.1979564 0.01672951 0.9800681
-0.1979564 0.01672951 0.9800681
-0.1979564 0.01672951 0.9800681
-0.02103389 0.8981784 0.4391279
-0.02103389 0.8981784 0.4391279
-0.02103389 0.8981784 0.4391279
-0.5353618 -0.751075 0.3863601
-0.5353618 -0.751075 0.3863601
-0.5353618 -0.751075 0.3863601
0 -1.192093E-07 -1
0 -1.192093E-07 -1
0 -1.192093E-07 -1
0 -1.192093E-07 -1
0 -1.192093E-07 -1
0 -1.192093E-07 -1
0.003312332 0.9176756 0.3973172
0.003312332 0.9176756 0.3973172
0.003312332 0.9176756 0.3973172
-0.6641865 0.533646 -0.5235249
-0.6955525 0.4737011 -0.5401983
-0.6610994 0.4543235 -0.5971079
-0.6680381 0.5504882 -0.5006875
-0.7124379 0.4830379 -0.5090253
-0.5670092 0.683477 -0.4597387
-0.5537812 0.7000763 -0.4507991
-0.2363876 0.9128824 -0.3328166
-0.3488137 0.8640322 -0.3630119
-0.2295506 0.9629734 -0.1413834
-0.298151 0.9453446 -0.1320218
-0.3855703 0.9177324 0.09540944
-0.4214034 0.8824125 0.2092073
-0.5577106 0.8259593 0.08215913
-0.1766957 0.9647288 -0.1951341
-0.3211274 0.9259836 -0.198574
-0.107767 0.7954141 -0.5964082
-0.01132348 0.7950727 -0.6064088
-0.1297628 0.2174089 -0.9674168
-0.4715425 0.8508872 -0.2316006
-0.3116446 0.6952281 -0.6477159
-0.106416 0.269285 -0.9571632
-0.1730063 0.2222645 -0.9595141
-0.3016356 0.230966 -0.9250247
-0.3008767 0.2279436 -0.926021
-0.4115811 0.3358713 -0.8472258
-0.4445229 0.3257435 -0.8344404
-0.6085346 0.06106047 -0.7911748
-0.6229599 0.01180751 -0.7821648
-0.6660339 -0.1224836 -0.7357966
-0.6665226 -0.133025 -0.7335204
-0.6572793 0.1775452 -0.7324356
-0.6606635 0.1218249 -0.7407311
-0.6046051 0.4356768 -0.6668122
-0.5474304 0.3216903 -0.7725513
-0.3589084 0.6252021 -0.6930421
-0.274343 0.5456156 -0.7918585
-0.3481685 0.7410356 -0.5741473
-0.0672339 0.7158784 -0.6949806
-0.4867848 0.8229295 0.2929639
-0.3920926 0.7984952 0.4568031
-0.5264809 0.8238183 -0.2100984
-0.441889 0.8942898 -0.07057034
-0.3019282 0.8592421 -0.4129682
-0.6187459 0.6452212 -0.4481553
-0.4379649 0.5536395 -0.7082868
-0.2336194 0.2002859 -0.9514766
-0.3613893 0.7733073 -0.5209548
-0.6061381 0.5327261 -0.5905928
-0.3285365 0.6394986 -0.695058
-0.3367587 0.7800552 -0.5273594
-0.4088837 0.5114635 -0.7557907
-0.29127 0.2388373 -0.926347
-0.3521685 0.530494 -0.7710732
-0.398914 0.7212161 -0.5663171
-0.3768183 0.2192214 -0.8999724
-0.5081853 0.1500397 -0.8480777
-0.2663056 0.1617437 -0.9502214
-0.4203538 0.4139799 -0.8074176
-0.464979 0.5262603 -0.7119303
-0.3917615 0.1548887 -0.9069358
-0.3455448 0.1369927 -0.9283491
-0.3114688 0.02979177 -0.9497893
-0.3090385 0.03147989 -0.9505285
-0.2909485 0.005672749 -0.956722
-0.2434714 0.01943192 -0.9697134
-0.2804656 -0.06276442 -0.95781
-0.3209522 0.07184278 -0.9443667
-0.3582451 -0.07500384 -0.93061
-0.3224154 0.1911382 -0.9271002
-0.3364086 0.09474903 -0.9369376
-0.3660369 -0.1030802 -0.9248739
-0.3575362 -0.2019141 -0.9118106
-0.3216332 -0.3685179 -0.8722081
-0.3079643 0.2367653 -0.9214664
-0.3276711 0.3401616 -0.8814318
-0.3982051 0.05005518 -0.9159297
-0.3157521 0.1996796 -0.927593
-0.4002455 0.1006666 -0.9108622
-0.324281 0.1373868 -0.935931
-0.2168468 0.1386403 -0.9663108
-0.4997686 0.3135482 -0.807415
-0.3333993 0.2482603 -0.9095119
-0.2772306 0.1751881 -0.944697
-0.1827855 0.04219361 -0.9822472
-0.1113539 0.09424116 -0.9893023
-0.1342526 0.1541811 -0.9788793
-0.1789572 0.1025472 -0.9784982
-0.3042335 -0.1478442 -0.9410549
-0.1971065 0.1989736 -0.9599785
-0.2686482 0.02009517 -0.9630288
-0.3476602 -0.2639287 -0.8997079
-0.3045266 -0.2007066 -0.9311179
-0.3909431 -0.2267643 -0.8920435
-0.3821389 -0.2209121 -0.8973114
-0.4422317 -0.2609515 -0.8581
-0.4422317 -0.2609515 -0.8581
-0.1325306 -0.2893728 -0.9479976
-0.08040467 -0.2224896 -0.9716139
-0.2384299 -0.370921 -0.897535
-0.3353594 -0.4331651 -0.8366016
-0.4963406 -0.5843821 -0.6419841
-0.2590044 -0.3640712 -0.8946336
-0.3002115 -0.164896 -0.939512
-0.2735536 -0.7206874 -0.6370074
-0.2106505 -0.6602554 -0.7208949
-0.2303138 -0.5253927 -0.8190961
-0.241039 -0.616038 -0.7499317
-0.2423452 -0.5663339 -0.7877404
-0.1787243 -0.8810881 -0.4378833
-0.2761316 -0.9175885 -0.285977
-0.5553062 -0.7798107 -0.2890165
-0.3368969 -0.1383549 -0.9313208
-0.3071631 -0.2509415 -0.9179757
-0.242741 -0.1536599 -0.9578443
-0.2654555 -0.02871399 -0.9636956
-0.2012695 -0.09264222 -0.9751453
-0.3215756 0.0292837 -0.946431
-0.3215757 0.02928371 -0.946431
0.0456059 0.005367861 0.9989452
0.0456059 0.005367861 0.9989452
0.0456059 0.005367861 0.9989452
0.0456059 0.005367862 0.9989452
0.0001603923 0.0001260396 1
0.0001603923 0.0001260396 1
0.0001603923 0.0001260396 1
0.0001603923 0.0001260396 1
0.0001345744 -1.546365E-05 1
0.0001316599 -1.911478E-05 1
0.0001540202 8.896634E-06 1
0.0001029469 -4.546198E-06 1
0.0001125322 -2.462984E-05 1
9.616457E-05 7.409775E-06 1
8.816116E-05 3.57242E-05 1
8.801115E-05 3.616518E-05 1
8.065529E-05 5.778839E-05 1
8.065529E-05 5.778839E-05 1
0.3656499 0.4005331 -0.8401628
0.002614636 -0.01968995 -0.9998029
0.36565 0.4005331 -0.8401628
0.1703968 0.1735249 -0.9699764
-0.2003338 -0.269323 -0.9419828
-0.03836391 -0.06821179 -0.9969331
-0.3028144 -0.3957493 -0.8669983
0.8892366 -0.05662718 -0.4539293
0.900233 0.07931894 -0.4281228
0.7608046 0.124048 -0.6370153
0.7266134 0.01256472 -0.6869316
-0.03205562 0.3756199 -0.9262195
0.6857959 -0.0560777 -0.7256303
0.8631375 -0.09826221 -0.4953162
0.6445969 0.08906236 -0.7593175
0.8414507 0.08777676 -0.5331566
0.586668 0.2340364 -0.7752727
0.7902051 0.2983584 -0.5353114
0.4812389 0.3476036 -0.8047242
0.6489273 0.4574956 -0.6079402
0.4163629 0.5862736 -0.6949283
0.09687492 0.08962358 -0.9912533
0.4821847 0.7599134 -0.4359241
0.1892902 0.9015102 -0.3891641
-0.09922586 0.01432944 -0.9949619
-0.1030763 0.05738695 -0.9930167
-0.0704053 0.0958448 -0.9929034
0.1442561 0.7463264 -0.6497593
0.04382951 0.929676 -0.365762
0.03650991 0.8835604 -0.466892
0.02502377 0.7966326 -0.6039457
0.01515849 0.5165786 -0.8561057
0.117703 0.3472832 -0.9303444
0.005534509 0.2238291 -0.9746128
0.02960591 -0.1057599 -0.993951
0.02786519 -0.07087123 -0.9970963
-0.02062868 -0.5335169 -0.845538
-0.1012202 -0.652692 -0.7508315
-0.08435224 -0.8860127 -0.4559237
-0.2275925 -0.8981187 -0.3762775
-0.06781077 -0.929842 -0.3616571
-0.42413 -0.541002 -0.7262443
-0.555019 -0.7149202 -0.4252566
-0.7757183 -0.4158867 -0.474657
-0.6271106 -0.2885598 -0.7235093
-0.7043707 -0.09088476 -0.70399
-0.8592008 -0.1294145 -0.4950009
-0.7113883 0.1033266 -0.6951621
-0.8720561 0.1198967 -0.4744923
0.007576413 0.08876496 -0.9960239
-0.6898186 0.2223956 -0.688978
-0.8588219 0.2573983 -0.4429122
0.05783144 0.2090535 -0.9761928
-0.6499131 0.3286248 -0.6852875
-0.8192083 0.3405522 -0.4614349
-0.4887345 0.434952 -0.7562773
-0.1838546 0.474508 -0.8608367
-0.443466 0.4759894 -0.7594551
-0.7857567 0.4196773 -0.4543759
-0.8564269 0.4206923 -0.2992508
-0.770327 0.4613505 -0.4401728
-0.844354 0.4548954 -0.2830838
-0.8564269 0.4206924 0.2992507
-0.844354 0.4548955 0.2830837
-0.770327 0.4613506 0.4401728
-0.7857566 0.4196774 0.4543759
-0.8192083 0.3405523 0.4614348
-0.4434661 0.4759894 0.7594552
-0.649913 0.328625 0.6852874
-0.8588218 0.2573984 0.4429121
-0.4887345 0.4349522 0.7562774
-0.1838548 0.4745079 0.8608367
-0.03205569 0.3756202 0.9262193
-0.6898185 0.2223957 0.6889781
-0.8720561 0.1198967 0.4744924
0.05783159 0.2090539 0.9761928
-0.7113883 0.1033269 0.6951621
-0.8592007 -0.1294144 0.4950009
0.7266134 0.01256485 0.6869316
0.7608045 0.1240482 0.6370153
0.007576529 0.08876514 0.9960239
-0.7043708 -0.09088431 0.70399
-0.7757182 -0.4158864 0.4746577
0.8892366 -0.05662709 0.4539293
0.9002329 0.07931903 0.4281228
0.6857958 -0.05607752 0.7256304
0.8631376 -0.09826211 0.4953162
-0.07040533 0.09584504 0.9929034
0.6445969 0.08906243 0.7593175
0.8414505 0.087777 0.5331568
-0.1030764 0.0573872 0.9930167
0.5866678 0.2340364 0.7752729
0.7902049 0.2983585 0.5353115
-0.6271103 -0.2885596 0.7235096
0.518161 0.3798071 0.7663262
0.7064886 0.5021729 0.4986946
-0.09719911 0.02029368 0.9950582
0.0246981 0.02821209 0.9992969
-0.4241298 -0.541002 0.7262445
-0.5550187 -0.7149201 0.4252572
-0.2353128 -0.8787557 0.4152307
0.3857963 0.5587058 0.7341725
0.4821697 0.7567077 0.4414816
0.1892901 0.9015104 0.3891638
-0.09647905 -0.6422066 0.7604359
0.1522753 0.7848352 0.6007048
0.04382946 0.9296761 0.3657618
0.02427066 0.9442329 0.3283833
0.02674989 0.7965021 0.6040439
0.008098515 0.3427916 0.9393767
0.1139958 0.356596 0.927278
0.01940321 0.1772874 0.983968
0.02707884 -0.1125023 0.9932826
0.09480291 0.01456707 0.9953896
-0.001345372 -0.5885752 0.8084415
-0.08837025 -0.9048449 0.4164691
-0.1118784 -0.9522117 0.2842121
-0.01056611 -0.9056866 -0.4238166
0.3425878 -0.8466438 -0.40722
0.3425878 -0.8466438 -0.40722
-0.08461805 -0.9033768 -0.420417
-0.4960968 -0.7921725 -0.3554585
-0.4960968 -0.7921725 -0.3554585
-0.645443 -0.6107031 -0.4587432
-0.3942366 -0.6270238 -0.6718771
-0.3711587 -0.6252931 -0.6864765
0.0170124 -0.5483431 -0.8360806
0.09808579 -0.5215198 -0.8475828
0.3985967 -0.4214892 -0.8145354
0.4572293 -0.3818634 -0.8031948
0.7161462 -0.3329774 -0.6134011
0.6890358 -0.3870595 -0.612711
0.7377596 -0.2594955 -0.6231959
0.8595752 -0.3755698 -0.3465227
0.8846141 -0.2938506 -0.3620907
0.8854576 -0.3810642 -0.2659981
0.9088296 -0.2253593 -0.3510585
0.9201695 -0.2958744 -0.2564102
0.9446926 -0.2170001 -0.2459006
-0.005018192 -0.01001795 0.9999374
-0.002318277 -0.01206448 0.9999247
-0.002823947 0.001046449 0.9999956
0.003762865 -0.008735961 0.9999549
0.00499234 0.0003471307 0.9999876
0.01051907 -0.0002077977 0.9999448
0.003650209 0.009123176 0.9999518
-0.002874651 0.01406446 0.9998971
-0.005492226 0.01255766 0.9999062
6.211872E-06 0.0001274795 -1
6.211873E-06 0.0001274795 -1
5.441171E-05 8.220915E-05 -1
4.179094E-05 9.406286E-05 -1
8.798631E-05 3.566063E-05 -1
8.78363E-05 3.61016E-05 -1
9.598972E-05 7.346204E-06 -1
0.0001027721 -4.609772E-06 -1
0.0001123573 -2.469341E-05 -1
0.0001314851 -1.917838E-05 -1
0.0001343996 -1.552724E-05 -1
0.0001538453 8.833009E-06 -1
-0.644582 -0.7643732 0.01574255
-0.6445821 -0.7643732 0.01574255
-0.5734773 -0.6771975 0.461007
-0.5926672 -0.7003607 0.3977951
-0.1228719 -0.1349954 0.9831983
-0.1829108 -0.2074351 0.9609967
0.5066533 0.5653106 0.6509428
0.4673578 0.524785 0.7114615
0.6752759 0.7305482 0.1014985
0.6752759 0.7305482 0.1014985
0.3967299 0.6239918 0.6732309
0.6477544 0.6074205 0.4598419
0.4841847 0.4567126 0.7463104
0.002684665 0.448418 0.8938202
-0.09649705 0.5190347 0.8492889
0.3101864 0.3596026 0.8800401
0.8067787 0.2839287 0.5181627
0.8170351 0.278037 0.505123
0.9047681 0.215069 0.3676142
0.9047681 0.2150691 0.3676142
-0.4199695 0.3372942 0.842531
-0.4220401 0.3827227 0.8218307
-0.4560388 0.3798148 0.8048413
-0.8036477 0.3095981 0.5082318
-0.7157194 0.3315091 0.614693
-0.7371946 0.2568363 0.6249635
-0.7154489 0.352729 0.6030881
-0.8718346 0.3338771 0.3583719
-0.9114801 0.2815483 0.2998911
-0.8983073 0.3375798 0.2812187
-0.884845 0.2924968 0.3626225
-0.9091002 0.2229566 0.3518912
-0.920498 0.2947575 0.2565177
-0.9450893 0.2147867 0.2463187
0.4628848 0.2608031 0.8471833
0.4628848 0.2608031 0.8471833
0.06269841 -0.2094772 0.9758013
0.234939 -0.0216602 0.9717689
-0.2562388 -0.5109838 0.8205105
-0.2562388 -0.5109838 0.8205105
-0.2726361 -0.5667816 -0.7774499
-0.4492901 -0.6457317 -0.617389
-0.4492901 -0.6457317 -0.6173889
0.005487906 -0.3013935 -0.9534841
0.3063577 -0.01562805 -0.9517883
0.799033 0.318432 -0.5100465
0.5445514 0.2398558 -0.8036996
0.9387686 0.3444726 -0.007223712
-0.5390088 0.3723116 -0.7555486
0.04249468 0.9315623 -0.3610902
-0.008695919 0.9321522 -0.3619628
-0.2694777 0.670714 -0.6910316
-0.4476287 -0.03999375 -0.8933249
-0.692933 -0.4095032 -0.5934231
-0.06489077 0.6758654 -0.734163
-0.003086731 0.9232322 -0.3842305
-0.3405949 -0.8085501 -0.4798353
-0.4617732 -0.8662471 -0.1907396
0.1394738 -0.9254682 0.3522158
0.03004697 0.7014948 -0.7120411
0.08111918 0.9143838 -0.3966386
-0.09952643 0.7133948 -0.6936589
-0.04068182 0.9248192 -0.3782257
0.06665435 0.7576833 -0.6492099
0.0899348 0.9268984 -0.3643781
0.3054964 0.673791 -0.6728135
0.2229066 0.8964042 -0.3831089
0.1921969 0.748359 -0.634838
0.4467538 0.4932065 -0.7464305
0.9908143 -0.0940101 -0.09720657
-0.04518254 -0.1170352 -0.9920995
-0.2307741 -0.02372414 -0.9727182
-0.04085208 -0.02422479 -0.9988716
0.4546291 -0.01344047 -0.8905796
-0.1339473 -0.1243483 -0.9831561
0.00448271 -0.8912948 -0.4534022
0.02490034 -0.8660768 -0.4992909
-0.1919781 -0.8769647 -0.4405423
-0.01392937 -0.8793418 -0.4759877
0.4768605 -0.8016158 -0.3605777
0.6267956 -0.4242456 -0.6535618
0.1998228 -0.9011984 0.3845939
0.1592758 -0.9005992 0.4044163
-0.07416264 -0.9322771 0.3540616
0.5976211 -0.4241164 -0.6804223
0.3697265 -0.9014139 0.2252898
0.1409632 -0.9059046 0.3993325
0.8749093 -0.2255012 -0.4285824
0.4657334 -0.8805581 0.08780786
0.2228937 -0.8991556 0.3766137
0.2901989 -0.746631 0.5986041
0.1582711 -0.7455417 0.6473932
-0.04574134 -0.7274454 0.6846395
0.1671786 -0.6870519 0.7071147
0.2322925 -0.6490292 0.7244319
0.3747356 -0.6441575 0.6668093
0.08010456 -0.9334429 0.3496683
0.5598178 -0.6173433 0.5527127
0.769581 -0.4634835 -0.4392358
0.8434807 -0.4568716 -0.2825045
0.8434807 -0.4568716 -0.2825045
0.7519824 -0.463134 -0.469073
0.4434319 -0.4784705 -0.7579145
0.4256678 -0.4796275 -0.7673101
0.1842818 -0.4771111 -0.8593052
0.1842818 -0.4771111 -0.8593052
0.1842813 -0.4771114 0.8593051
0.1842813 -0.4771113 0.8593051
0.4256677 -0.4796276 0.76731
0.4434318 -0.4784706 0.7579144
0.7519824 -0.463134 0.469073
0.769581 -0.4634835 0.4392358
0.8434807 -0.4568715 0.2825046
0.8434807 -0.4568715 0.2825046
-0.06111633 0.2071528 -0.9763978
-0.4616946 -0.2629289 -0.8471757
-0.4616947 -0.2629289 -0.8471757
-0.2331273 0.01966943 -0.9722474
0.2576336 0.5090013 -0.8213056
0.2576335 0.5090013 -0.8213056
-0.1494735 0.7934128 0.5900458
0.009551056 0.9990848 0.04169684
-0.1318577 0.9906963 0.03368439
-0.04085368 0.8474835 0.5292475
0.4815194 0.8755037 0.04040309
-0.1112211 0.08919942 0.9897847
-0.07263391 0.005102411 0.9973457
-0.3719411 -0.6443014 0.6682333
0.4204133 0.7738964 0.4736423
0.9046286 0.4256004 0.0226164
0.1240825 0.2451937 0.9615008
-0.1839111 -0.1240541 0.9750834
0.828694 0.2812615 0.483899
0.6158283 0.2858504 0.734197
0.8326035 0.4337465 0.3444349
0.4519216 0.6451923 0.6160308
-0.003473978 0.2998517 0.9539796
0.2937404 -0.06513496 0.9536636
-0.6107299 -0.5277187 0.5903576
-0.448646 -0.8937036 0.003261708
-0.5445122 -0.2425375 0.8029211
-0.7255921 -0.6881039 0.005390089
0.06305375 0.8045911 0.5904725
0.1459804 0.8195701 0.5540712
-0.2412515 0.506346 0.8278959
-0.2315184 0.4421152 0.8665643
-0.02449065 0.392162 0.9195703
0.0158752 0.7580104 0.6520493
-0.442862 -0.3839534 0.810218
-0.593566 -0.2657004 0.7596597
-0.498389 -0.8485346 0.1777571
0.03343655 0.443691 0.895556
0.03957408 0.7286385 0.6837544
-0.1438578 0.4012557 0.9045988
-0.09989785 0.7122204 0.6948113
0.0533919 0.4708083 0.8806186
0.07071293 0.7071811 0.7034877
0.204382 0.6657267 0.7176602
0.2899466 0.3093854 0.9056555
0.1365783 0.452071 0.8814639
0.3937385 0.1760907 0.9021986
0.9845209 -0.03698535 0.1713204
-0.3141042 -0.9459283 0.08098301
-0.09504584 -0.448341 0.8887952
0.01323697 -0.455938 0.8899131
-0.2337566 -0.3945592 0.8886401
-0.05682835 -0.4111708 0.9097854
-0.006696254 -0.9904283 0.1378664
0.04212774 -0.7390317 -0.6723524
0.01625991 -0.7581956 -0.6518245
0.2193901 -0.4068762 -0.8867469
0.1674101 -0.7472163 -0.6431499
0.2280385 -0.3861542 -0.8938029
0.080596 -0.9864508 0.1428959
0.1901845 -0.6921462 -0.6962498
0.195915 -0.3870417 -0.9010084
-0.1819299 -0.9807143 0.07142436
-0.02153649 -0.7348198 -0.6779206
0.02949672 -0.4191847 -0.9074218
0.005503037 -0.9952521 0.09717534
0.1543206 -0.6978341 -0.6994376
0.1764917 -0.4251576 -0.8877454
0.3870679 -0.7024899 -0.5972325
0.3075603 -0.4344894 -0.8465376
0.277973 -0.6761335 -0.6823304
0.4322894 -0.275586 0.858591
0.494625 -0.8616712 0.1134416
0.6239654 -0.5866814 0.5162094
0.5961892 -0.6150084 0.5160651
0.5177837 -0.7551909 -0.4019788
0.8751581 -0.3637188 0.3190718
0.594889 0.5818285 -0.5546015
0.2341192 0.8877821 -0.3962719
-0.2188548 0.7185746 -0.6601162
0.0434738 0.3912756 -0.9192463
0.8499932 0.3142759 -0.4227792
0.8438656 0.5230457 -0.1196421
0.619449 0.4323897 -0.6552268
0.7597561 0.6304079 -0.1592372
-0.161169 0.1576721 -0.9742506
-0.5299737 -0.2222969 -0.8183593
-0.7422762 -0.1137674 -0.6603659
-0.2575531 -0.1261038 -0.9580003
-0.2239175 0.3247711 -0.9189042
-0.4625452 -0.5373255 -0.7052187
-0.3906889 -0.8354219 -0.3865653
-0.2320184 -0.2199958 -0.947507
-0.03234 0.3159233 -0.9482335
-0.3298889 -0.4976603 -0.8021894
-0.4909279 -0.7499101 -0.4434239
-0.2581833 -0.6093749 -0.7496691
-0.4182617 -0.7488042 -0.5141494
-0.4902512 -0.7469326 -0.4491609
-0.5158801 -0.7083408 0.4817895
-0.4889287 -0.7117774 0.5043033
-0.5062254 -0.7364319 0.4487807
-0.353105 -0.3439859 0.8700521
-0.1662858 -0.1393147 0.9761868
0.2757997 -0.6887665 -0.6704741
0.3787011 -0.9253488 -0.01775819
0.6076427 -0.7810458 0.1440064
0.672702 -0.4760454 -0.5664389
0.2217265 -0.02227265 -0.9748547
0.3675598 0.07066751 -0.9273112
-0.1976846 -0.2933575 -0.9353408
-0.3995974 -0.6848962 -0.6092942
-0.4405188 -0.746069 0.4993239
-0.2823449 -0.5903037 0.7561898
-0.1819774 -0.2697783 0.9455708
0.1846108 0.0217803 0.9825705
-0.5186085 -0.4445421 0.7303614
-0.2697749 0.01891178 0.9627378
-0.1370006 0.3369272 0.9315102
0.2678188 0.626182 0.7322359
0.3124463 -0.6968789 0.645552
0.6924788 -0.6054251 0.392344
0.3682262 0.1157698 0.9225004
0.4700013 -0.8012362 -0.3702964
0.3500657 -0.9199035 -0.1767248
-0.3468032 -0.8395862 0.4181182
-0.7366048 -0.09284379 0.6699206
-0.5441222 -0.07298014 0.835826
-0.1471123 0.7110376 0.6875927
-0.007937086 0.5053351 0.8628869
0.3789013 0.6611515 0.6475435
0.3268799 0.8472264 0.4187568
0.4709095 0.5400192 0.6975841
0.06307336 0.7021379 0.709242
0.5942448 0.8042804 0.002519597
-0.02618716 0.8527148 0.5217203
0.1207422 0.9926162 -0.01161318
0.6554258 0.7517049 -0.07319081
0.1087017 0.9937915 -0.02372008
0.3817298 0.9240849 -0.01869704
0.3218616 0.942606 -0.08887748
0.3380362 0.8601356 0.3819665
0.622694 0.7044365 0.3406192
-0.1039202 0.9587095 -0.2647205
0.1475479 0.9615008 -0.2318319
0.3201072 0.9147177 -0.2466233
0.2726703 0.8790991 -0.3909424
0.9658589 -0.09422719 0.2413254
0.9847389 0.08459733 0.1520935
0.9847389 0.08459733 0.1520934
0.967716 -0.08543333 0.2371223
0.8446254 -0.4012302 0.3544326
0.8446653 -0.4011595 0.3544172
0.8436497 -0.4151699 0.3404251
0.8434061 -0.4155384 0.3405791
0.8382161 -0.421612 0.3458863
0.8387595 -0.4208198 0.345533
0.6246446 -0.6483376 0.4352902
0.6164082 -0.6547642 0.4374069
0.441399 -0.7651873 0.4686743
0.8666717 0.4350348 0.2441823
0.6023325 0.7884876 0.1244319
0.8431885 0.523648 0.1217618
0.9600326 0.2581754 0.1080863
0.9249047 0.317544 0.2090866
0.5510702 0.5492003 0.628252
0.5622737 0.5458896 0.6211706
0.3132162 0.596295 0.7391402
0.3163326 0.5960883 0.7379788
0.3026828 0.5886161 0.7496096
0.2671798 0.5883632 0.7631801
-0.07379938 0.5600912 0.8251374
-0.09871266 0.5563499 0.8250642
0.05367045 0.5484518 0.8344582
0.05315213 0.5484569 0.834488
0.1952824 0.5440171 0.8160334
0.1971268 0.5438293 0.8157151
-0.2459502 0.5337987 0.8090536
-0.2562753 0.5322267 0.8068817
-0.451826 0.48931 0.7459418
0.258447 -0.08613788 0.9621776
0.2940746 0.09862307 0.9506807
0.4414693 -0.01938276 0.8970671
-0.07833242 -0.2580904 0.96294
-0.2374968 -0.4200548 0.8758707
-0.03484526 -0.2125964 0.9765187
0.191188 0.1465903 0.9705456
-0.538655 -0.7188776 0.4393929
-0.5536984 -0.7631263 0.3332514
-0.5188181 -0.7717425 -0.3677518
-0.5258998 -0.7131741 -0.4634783
-0.18126 -0.4540435 -0.8723471
-0.00340351 -0.1857151 0.9825979
0.2095673 0.08457953 0.9741294
-0.4624477 -0.7556094 0.463893
-0.499974 -0.7350903 0.4578959
-0.20254 -0.1218359 0.9716655
0.07643215 0.1490971 0.9858643
-0.02298068 -0.2458726 -0.9690297
0.2466959 -0.1400099 -0.9589258
-0.4678064 -0.7431971 -0.4783466
-0.6844378 -0.5418125 0.4878365
0.00740459 -0.181917 0.9832861
0.1965387 0.0455976 0.9794353
0.278432 -0.06677235 0.9581321
-0.03722985 -0.2237343 -0.9739391
0.3033908 0.0551247 -0.9512705
0.4343835 -0.05495622 -0.8990501
0.2163354 0.1206308 -0.9688382
-0.4983369 -0.7239171 -0.4770792
0.008280578 -0.1798323 -0.9836626
0.2315197 0.09931923 -0.9677471
-0.687399 -0.5237591 -0.5031493
-0.1991443 -0.1029047 -0.9745524
0.09510975 0.1739564 -0.9801497
-0.5379916 -0.6842583 0.4922963
-0.5311555 -0.6763408 -0.5103305
-0.01231471 -0.175147 -0.9844654
0.2026205 0.07790559 -0.9761536
0.1403905 -0.3676839 -0.9192927
0.2903091 -0.02645376 -0.9565673
0.08173344 -0.2528439 -0.9640486
-0.06036497 -0.8632188 0.5012081
-0.07556939 -0.8906662 -0.4483338
0.1076361 -0.4359561 0.8935082
0.05447571 -0.2513615 0.9663591
0.04236244 -0.9986458 0.03020339
0.1302518 -0.5950986 -0.7930274
0.551964 -0.8322446 0.0520073
0.005743974 -0.9998701 0.01507156
0.1006702 -0.594292 0.797924
0.3270015 -0.9449607 -0.01092858
0.8327431 0.5068446 -0.2228171
0.8336844 0.5199326 -0.1861196
0.6831842 0.7242539 -0.09335814
0.9073426 0.3398853 -0.2474014
0.6695266 0.603604 -0.4328932
0.5485395 0.6889467 -0.4737689
0.3064867 0.7680461 -0.562291
0.3089815 0.7677788 -0.5612898
0.2462156 0.7824044 -0.5720326
0.2472669 0.7822594 -0.5717776
-0.06805603 0.7891256 -0.6104501
-0.0662929 0.7892948 -0.6104254
0.05442239 0.7942601 -0.6051358
0.05390566 0.7942618 -0.6051798
0.1960396 0.7838128 -0.589242
0.1978653 0.7836094 -0.5889023
-0.2439033 0.7539935 -0.6099223
-0.2541868 0.7513948 -0.6089295
-0.4492564 0.683334 -0.5755203
0.3760342 0.9261037 -0.03050523
0.1880615 0.9816249 -0.03233728
0.3847803 0.9225081 -0.03038664
0.740326 0.6718624 -0.0227662
0.739067 0.6732458 -0.02280744
0.6351904 0.7720781 -0.02070539
0.6355883 0.7717506 -0.0207027
0.5776051 0.8159931 -0.0229749
0.5757428 0.8173084 -0.02296451
0.791561 0.6106688 -0.02269225
0.7916045 0.6106124 -0.02269129
0.7216393 0.6919046 -0.02246427
0.7180662 0.6956121 -0.02247112
0.8086167 0.588154 -0.01462975
0.8109623 0.5849186 -0.01451243
0.8950638 0.4450342 0.0283787
0.895531 0.4441109 0.02810463
0.9308426 0.3583825 0.07137393
0.9352046 0.3466693 0.07219938
0.8428386 0.5380628 0.01056621
0.8496323 0.527212 0.01313819
0.9187578 0.3927664 -0.04023338
0.8048421 0.5934684 -0.004939393
0.9587563 0.2774304 0.06179582
0.9797897 0.1981822 0.02712952
0.9941645 -0.06609201 -0.0852569
0.9941645 -0.06609201 -0.0852569
0.4591228 0.3716624 -0.8068913
0.341099 0.5238963 -0.7805027
0.09073497 -0.1155125 -0.9891534
0.2756154 0.01760955 -0.9611068
0.5763102 0.1733461 -0.7986351
0.3622993 -0.04097993 -0.9311606
0.001002093 -0.375126 -0.9269734
-0.04451516 -0.4037147 -0.9138014
-0.07879724 -0.5292428 -0.8448037
-0.04160161 -0.5301383 -0.8468902
-0.0912472 -0.6715495 -0.73532
-0.08714508 -0.7015836 -0.7072387
-0.2243012 -0.9216273 0.3166896
-0.1998456 -0.9798146 -0.005039233
-0.1722692 -0.9570084 0.233363
-0.1617806 -0.7887465 0.5930482
0.03827089 -0.5446683 0.8377781
-0.3499232 -0.9214391 0.1688315
0.04969581 -0.2910517 0.9554158
-0.4041561 -0.6522052 0.6413162
0.3050383 0.2806075 0.9100611
0.4288966 0.6199069 0.657087
-0.638131 -0.6146913 0.46362
-0.5741336 -0.7693392 0.2801569
-0.7821116 -0.3887002 0.4870461
-0.6395689 -0.2608087 0.7231394
-0.5617874 -0.0573067 0.8252945
-0.2029811 -0.08819767 0.9752025
-0.3517015 0.1854807 0.9175528
-0.3665269 0.3480065 0.862873
-0.04018784 0.5621021 0.8260912
0.06455043 0.4879124 0.8705027
0.5009773 0.5871187 0.6358564
0.2131172 0.3239088 0.9217724
0.5776449 0.6665398 0.4712228
0.445272 0.8947295 0.0345263
0.6571951 0.7486824 0.08700304
0.6571154 0.5471305 0.5185053
0.8120393 0.5679601 0.1342143
0.6680383 -0.5504882 -0.5006872
0.7124382 -0.4830379 -0.5090248
0.6955526 -0.4737009 -0.5401981
0.6641867 -0.5336458 -0.5235248
0.6610994 -0.4543229 -0.5971084
0.5634715 -0.6858991 -0.4604807
0.548883 -0.7033756 -0.4516532
0.4759331 -0.7798727 -0.4065542
0.4759331 -0.7798727 -0.4065542
0.2754341 -0.08462743 -0.9575878
0.2306107 -0.4360168 -0.8698899
0.3033548 0.1547624 -0.9402259
0.3033156 0.2080049 -0.9299106
0.2846895 0.2315084 -0.9302451
0.3905541 0.2331358 -0.8905703
0.3817075 0.2273802 -0.8958782
0.4409465 0.2659796 -0.8572171
0.4409465 0.2659796 -0.8572171
0.02521254 -0.7371059 0.6753069
0.02359364 -0.6881804 0.7251562
0.01845547 0.0421926 0.9989392
0.01878417 -0.1260059 0.9918517
0.0287561 -0.2620781 0.9646183
0.0366143 -0.8422005 0.5379199
0.0231274 -0.6573024 0.7532722
0.03083337 -0.9077904 0.4182895
0.0977052 -0.8890654 0.4472322
0.07078096 -0.6241484 0.7780932
0.1699531 -0.8510958 0.4967415
0.1362761 -0.6250774 0.768575
0.02194726 0.14734 0.9888425
0.04528271 0.07577787 0.9960961
0.009979922 0.1430187 0.9896697
-0.0003727333 0.6967468 0.7173173
-0.00135453 0.6400107 0.768365
-0.009084729 0.8340723 0.5515804
-0.003388217 0.8331736 0.5530014
0.004012232 0.6984848 0.7156138
0.001499321 0.8289261 0.5593563
0.002164116 0.7557296 0.6548804
0.004348025 0.6169156 0.7870175
0.002260613 0.662671 0.7489074
0.001230696 0.757684 0.6526206
0.002410867 0.7433993 0.6688437
-0.4960968 -0.7921724 0.3554591
-0.4960968 -0.7921724 0.3554591
-0.01056593 -0.9056864 0.4238169
-0.08461788 -0.9033766 0.4204173
0.342588 -0.8466437 0.40722
0.3425879 -0.8466437 0.40722
0.1308046 0.970739 0.2013856
0.07252793 0.9040406 0.4212488
-0.0445985 0.9310793 0.3620811
-0.01619913 0.9491792 0.3143193
0.1898919 0.9791895 -0.07161907
-0.06826962 0.9060859 0.4175497
-0.1217538 0.9498509 0.2880268
-0.05836114 0.9111829 0.407848
-0.09215974 0.9677618 0.2344014
0.03223875 0.7832007 0.6209328
0.1505585 0.508337 0.8478949
-0.03366902 0.8826712 0.4687837
0.1925532 0.3430264 0.9193783
-0.03736704 0.9484084 0.3148422
-0.04125918 0.9862267 0.1601707
0.01738535 0.9898158 0.1412892
-0.0009793612 0.8924001 0.4512441
0.01238228 0.950735 0.3097579
0.03945088 0.9818859 0.1853219
-0.02150604 0.8970763 0.4413523
-0.07506353 0.865954 0.4944587
0.1863454 0.6178406 0.7639034
0.02529142 0.5741485 0.8183606
0.02808043 0.9396108 0.3410912
0.31053 0.9208216 0.2359217
0.3074685 0.8723295 0.3801377
0.6882367 0.6745443 0.2670588
0.2592795 0.7934219 0.5506869
0.6622788 0.6550922 0.36365
0.8096887 0.5122611 0.2863438
0.7489324 0.5504812 0.3688778
0.5791858 0.5730274 0.5798135
0.5193864 0.495577 0.6961619
0.3834126 0.4551696 0.8036265
0.09099956 0.3572593 0.9295619
0.1493641 0.3427936 0.9274606
-0.3796989 0.1906836 0.9052451
-0.3833514 0.1889602 0.9040663
-0.7128648 0.04785137 0.6996672
-0.7078766 0.04973755 0.7045829
-0.02910006 0.2824268 0.9588475
-0.9065514 -0.01575462 0.4218014
-0.8765153 0.04678096 0.4790957
-0.9600988 0.002598584 0.2796488
-0.9625174 -0.03044582 0.2695056
-0.9499844 0.117557 0.289327
-0.8367244 0.07914008 0.5418757
-0.9536387 0.1228996 0.274716
-0.4002516 -0.04197126 0.9154437
-0.3129155 -0.2763054 0.908702
-0.8568844 -0.02238277 0.5150225
-0.9598546 -0.002889414 0.2804833
-0.2389396 -0.1363193 0.9614183
-0.7203995 -0.2517484 0.6462564
-0.8926927 -0.1992489 0.4042273
-0.1703434 -0.2931836 0.9407585
-0.0118796 -0.5135643 0.857969
-0.8069529 -0.3053256 0.5055722
0.6050432 -0.3233584 0.7275728
0.8118535 -0.3274623 0.4833864
0.8793913 -0.271468 0.3911214
-0.09184799 -0.472323 0.8766272
0.2363545 -0.8023525 0.5480577
-0.5650401 -0.7564287 0.3294623
-0.5375078 -0.662636 0.5215352
-0.4169106 -0.4197605 0.8062176
-0.460989 -0.3019847 0.8344426
-0.2508776 -0.8353226 0.4891797
-0.2704341 -0.911531 0.3098013
-0.1941866 -0.5777263 0.7927951
-0.3300815 -0.2224298 0.9173721
-0.4082834 -0.1186438 0.9051124
0.1098987 -0.8973688 0.4273778
0.1319488 -0.959827 0.2476328
0.2356607 -0.9548604 0.1808479
0.1012971 -0.6191319 0.7787264
-0.1251251 -0.3056944 0.9438723
0.006152035 -0.04836623 0.9988108
-0.2070118 -0.008864254 0.9782984
0.1296539 0.3684696 0.9205543
0.1126841 0.310477 0.9438785
0.01122728 0.3282903 0.9445103
0.142085 0.2034031 0.9687308
0.147394 0.2430682 0.9587455
0.08377048 0.3260275 0.9416416
0.1095919 0.210892 0.9713468
-0.03759937 0.3716501 0.9276113
0.1019557 0.0002608143 0.994789
-0.004149292 0.2028513 0.9792008
0.01121961 0.2839862 0.9587629
0.1025237 -0.2736108 0.9563609
0.04742922 0.2063643 0.9773252
0.05865526 0.02088482 0.9980599
0.1743626 -0.1815903 0.9677927
0.2209788 -0.4295429 0.8755922
0.08297206 0.1317291 0.9878073
0.2158244 -0.7646467 0.6072359
0.226413 -0.9090337 0.3498502
0.3415677 -0.7687589 0.540686
0.3288263 -0.8805745 0.3412652
0.3136514 -0.9356144 0.1620146
0.6019366 -0.7721928 0.2034472
0.5744931 -0.7054151 0.4151474
0.6556226 -0.5459837 0.5215945
0.4984949 -0.6118765 0.6140929
0.70431 -0.6522222 0.2802744
0.5484052 -0.4085455 0.7296181
0.6777927 -0.6462182 0.3507124
0.509445 -0.2283555 0.8296503
0.3923749 -0.07951464 0.9163622
0.6009108 -0.5324805 0.5961298
0.4544781 -0.4068266 0.7924278
0.2676488 0.09598233 0.958724
0.353613 0.0008512307 0.9353915
0.2244142 0.1817762 0.9573902
0.3268642 -0.1532561 0.9325624
0.342966 -0.2283486 0.9111704
0.9482877 -0.008274227 -0.3173043
0.9482877 -0.008274227 -0.3173043
0.9948906 -0.008681025 0.1005856
0.8726581 -0.007614629 0.4882723
0.3090804 0.07193541 0.9483116
-0.2988081 0.08922098 0.9501334
-0.7959073 0.08157831 0.5998972
-0.9948906 0.008682503 -0.1005848
-0.8726583 0.007615611 -0.4882719
-0.3090806 -0.07193516 -0.9483115
-0.1695137 -0.1041426 -0.9800101
0.2937192 -0.1901631 -0.9367856
0.982392 0.09704931 -0.1596476
0.7911929 0.180696 -0.5842626
0.997678 0.06592628 -0.01710345
0.7457627 -0.006507757 0.66618
0.4190067 -0.003656242 0.9079759
-0.3085085 -0.07193989 0.9484974
-0.8015611 -0.07961804 0.5925883
-0.997678 -0.0659259 0.0171039
-0.7457626 0.006508078 -0.66618
-0.4190066 0.003656563 -0.907976
-0.008726056 7.615141E-05 -0.9999621
-0.008726056 7.615142E-05 -0.9999621
0.9482876 -0.008275324 -0.3173045
0.9482876 -0.008275322 -0.3173045
0.9948906 -0.008682096 0.1005853
0.8726576 -0.007615491 0.4882732
0.21178 -0.001848384 0.9773158
-0.1946908 0.001698706 0.9808633
-0.8059023 0.08166483 0.5863894
-0.9954107 0.09529922 0.008693542
-0.8160132 0.08175305 -0.5722227
-0.309081 -0.07193533 -0.9483114
-0.1695134 -0.104143 -0.9800101
0.2937194 -0.1901637 -0.9367853
-0.2427411 -0.1536599 0.9578442
-0.2654555 -0.02871376 0.9636956
-0.2012695 -0.09264202 0.9751453
-0.3368967 -0.138355 0.9313208
-0.3071632 -0.2509416 0.9179756
-0.3215757 0.02928391 0.946431
-0.3215757 0.02928391 0.946431
-0.4940079 -0.5875534 0.6408879
-0.5553057 -0.779811 0.2890166
-0.2773746 -0.7183509 0.6379933
-0.2761316 -0.9175885 0.2859773
-0.3492491 -0.418432 0.8384151
-0.2384295 -0.37092 0.8975354
-0.2106505 -0.6602551 0.7208951
-0.1787243 -0.881088 0.4378835
-0.241039 -0.616038 0.7499318
-0.2303138 -0.5253925 0.8190962
-0.2423453 -0.5663338 0.7877405
-0.249682 -0.2225479 0.9424074
-0.2497852 -0.370029 0.8948107
-0.3415577 -0.3418612 0.8754824
-0.3476599 -0.2639284 0.899708
-0.08040579 -0.2224877 0.9716143
-0.132532 -0.2893704 0.9479979
-0.1789568 0.1025489 0.978498
-0.3045264 -0.200706 0.9311181
-0.3660377 -0.1030816 0.9248734
-0.3575357 -0.2019152 0.9118107
-0.3582463 -0.07500236 0.9306097
-0.2657396 0.01139552 0.9639776
-0.3042333 -0.1478439 0.9410551
-0.3909433 -0.226764 0.8920436
-0.382139 -0.2209118 0.8973115
-0.4422319 -0.2609512 0.8580999
-0.4422319 -0.2609513 0.8580999
-0.1730059 0.2222658 0.959514
-0.3364098 0.09475208 0.9369369
-0.3273535 0.1374285 0.9348548
-0.1921064 0.1978136 0.9612311
-0.1342519 0.1541827 0.9788792
-0.2313791 0.1439447 0.9621559
-0.3764046 0.1937055 0.9059789
-0.3276727 0.3401634 0.8814305
-0.320951 0.07184535 0.944367
-0.2804656 -0.06276492 0.9578099
-0.2912694 0.2388385 0.9263468
-0.2434716 0.01943279 0.9697134
-0.3224157 0.1911373 0.9271002
-0.3079686 0.2367632 0.9214655
-0.3768156 0.2192227 0.8999731
-0.3982064 0.05005257 0.9159294
-0.1827853 0.04219329 0.9822472
-0.1113527 0.09424002 0.9893026
-0.2772315 0.1751924 0.9446961
-0.5081846 0.1500425 0.8480777
-0.4002484 0.1006726 0.9108603
-0.3334015 0.2482626 0.9095104
-0.106416 0.2692852 0.9571632
-0.4997686 0.3135454 0.807416
-0.2336193 0.2002856 0.9514768
-0.4379667 0.5536378 0.708287
-0.6187457 0.6452228 0.4481533
-0.6061363 0.5327254 0.590595
-0.3116437 0.6952305 0.6477136
-0.4088843 0.5114655 0.7557889
-0.4715454 0.8508858 0.2316001
-0.3613889 0.7733049 0.5209585
-0.3285341 0.6394991 0.6950586
-0.5264806 0.8238174 0.2101028
-0.5577102 0.8259602 -0.08215434
-0.2663049 0.1617425 0.9502217
-0.3019268 0.8592378 0.4129779
-0.4418883 0.8942893 0.0705819
-0.4867817 0.8229358 -0.2929511
-0.3367554 0.7800547 0.5273619
-0.4193526 0.8753048 -0.2408011
-0.3521682 0.5304941 0.7710732
-0.3989139 0.7212186 0.5663142
-0.3855717 0.9177318 -0.09540986
-0.2981509 0.9453446 0.1320216
-0.4203545 0.4139825 0.8074161
-0.4649808 0.5262622 0.7119278
-0.3917623 0.1548887 0.9069355
-0.3455449 0.1369935 0.9283489
-0.3114688 0.0297919 0.9497893
-0.3090386 0.03148052 0.9505285
-0.2909485 0.005672939 0.9567221
-0.3211251 0.9259848 0.1985727
-0.2295482 0.9629729 0.1413893
-0.3488141 0.8640312 0.3630139
-0.176693 0.9647291 0.1951343
-0.2363888 0.9128821 0.3328161
-0.5537811 0.7000765 0.4507988
-0.1077673 0.7954171 0.5964044
-0.5670092 0.6834772 0.4597385
-0.01132543 0.7950749 0.6064056
-0.6680381 0.5504883 0.5006874
-0.1297627 0.2174089 0.9674168
-0.3016356 0.2309654 0.925025
-0.3008768 0.2279432 0.9260212
-0.4115811 0.3358709 0.847226
-0.4445229 0.3257432 0.8344405
-0.6085344 0.06106064 0.7911748
-0.6229599 0.01180769 0.7821649
-0.6660338 -0.1224834 0.7357967
-0.6665225 -0.1330248 0.7335205
-0.6572794 0.177545 0.7324356
-0.6606635 0.1218246 0.7407311
-0.6643061 0.4966313 0.5586187
-0.583263 0.3909449 0.7120158
-0.3593776 0.6211885 0.6963999
-0.3483385 0.6944221 0.6296336
-0.215858 0.5154365 0.8292955
-0.06723415 0.715879 0.6949799
-0.6955525 0.4737014 0.5401982
-0.7124379 0.483038 0.5090253
-0.6641865 0.5336462 0.5235248
-0.6610994 0.4543237 0.5971078
0.3359593 0.1438642 -0.9308247
0.3251105 -0.02982219 -0.9452058
0.3251105 -0.02982219 -0.9452058
0.2643763 0.03358942 -0.9638346
0.2375492 0.1636161 -0.9574969
0.1947713 0.1033602 -0.9753877
0.3040719 0.2594264 -0.9166452
0.5907602 0.5099436 -0.6252679
0.7202469 0.6240703 -0.3029535
0.7202469 0.6240703 -0.3029535
0.01110496 0.9052889 0.4246516
0.08994347 0.9027948 0.4205614
0.5011333 0.7903123 0.3525224
-0.3380076 0.8470339 0.4102252
-0.3380077 0.8470339 0.4102252
-0.9995884 0.02868972 -3.420081E-09
-0.7297841 0.02094591 -0.6833568
-0.7695466 -0.03258861 -0.6377586
-0.9793252 -0.09742623 0.1772856
0.003960392 -0.9998935 -0.01405603
0.01396282 -0.05212826 0.9985429
0.07612769 0.01937871 0.9969099
0.9807222 -0.1103143 0.1612909
0.7896923 -0.04888079 -0.6115529
0.9999797 0.006377829 -1.930681E-07
0.7803497 0.004977109 -0.6253237
-0.9999189 0.01273535 -5.227017E-08
-0.7246444 0.009229355 -0.6890612
-0.7665412 -0.03867051 -0.64103
-0.9783248 -0.1073201 0.1770956
0.003956707 -0.9998935 -0.01405571
0.01535151 -0.06266434 0.9979166
0.07858217 0.001509597 0.9969066
0.9797245 -0.1196569 0.1606925
0.7886162 -0.05479879 -0.6124392
0.9999628 -0.008621719 -1.9293E-07
0.7788042 -0.006714873 -0.6272313
-0.2003341 -0.2693231 0.9419827
-0.3028145 -0.3957493 0.8669983
-0.03836418 -0.06821181 0.9969331
0.1703959 0.1735241 0.9699767
0.002614357 -0.01968998 0.9998029
0.365649 0.4005322 0.8401636
0.365649 0.4005322 0.8401636
0.4673577 0.524785 -0.7114617
0.6752759 0.7305484 -0.1014971
0.6752759 0.7305484 -0.1014971
0.5066535 0.565311 -0.6509423
-0.1829104 -0.2074347 -0.9609969
-0.1228711 -0.1349947 -0.9831986
-0.5926676 -0.7003611 -0.3977936
-0.5734779 -0.6771982 -0.4610053
-0.6445821 -0.7643731 -0.01573917
-0.6445821 -0.7643731 -0.01573917
0.7990332 0.3184318 0.5100462
0.9387687 0.3444723 0.00722364
0.5445514 0.2398557 0.8036996
0.005488432 -0.3013924 0.9534846
0.3063578 -0.01562793 0.9517882
-0.2726363 -0.5667807 0.7774505
-0.4492905 -0.6457309 0.6173896
-0.4492905 -0.6457309 0.6173897
-0.256239 -0.5109837 -0.8205104
-0.2562389 -0.5109837 -0.8205104
0.06269896 -0.2094771 -0.9758015
0.2349393 -0.02166076 -0.9717687
0.4628855 0.2608026 -0.847183
0.4628855 0.2608026 -0.847183
-0.06111691 0.2071527 0.9763979
0.2576335 0.5090014 0.8213056
0.2576335 0.5090014 0.8213056
-0.2331274 0.01967003 0.9722474
-0.4616953 -0.2629287 0.8471754
-0.4616953 -0.2629287 0.8471754
0.009551746 0.9990847 -0.04169804
-0.1494732 0.7934123 -0.5900465
-0.1318571 0.9906963 -0.03368548
-0.04085322 0.8474832 -0.529248
0.4815201 0.8755034 -0.04040413
-0.111221 0.08919951 -0.9897847
-0.07263366 0.005101731 -0.9973457
-0.3719434 -0.6442999 -0.6682335
0.420413 0.7738965 -0.4736428
0.9046289 0.4255999 -0.0226159
0.124083 0.245194 -0.9615007
-0.1839116 -0.124055 -0.9750831
0.8286948 0.281261 -0.483898
0.6158291 0.2858487 -0.734197
0.8326041 0.4337455 -0.3444348
0.4519215 0.6451917 -0.6160315
-0.003474426 0.2998509 -0.9539799
0.2937407 -0.06513578 -0.9536634
-0.6107315 -0.5277178 -0.5903566
-0.4486502 -0.8937016 -0.003261616
-0.5445124 -0.2425381 -0.8029207
-0.7255939 -0.6881022 -0.005389992
0.3747355 -0.6441576 -0.6668092
0.1394738 -0.9254683 -0.3522156
0.5598178 -0.6173434 -0.5527126
0.08010455 -0.9334429 -0.3496681
0.1998227 -0.9011985 -0.3845938
0.2322925 -0.6490293 -0.7244318
-0.3405949 -0.80855 0.4798357
-0.4617732 -0.8662471 0.1907398
-0.692933 -0.4095031 0.5934232
-0.4476286 -0.03999356 0.8933249
-0.5390088 0.3723118 0.7555487
0.1592758 -0.9005993 -0.4044161
0.1671786 -0.687052 -0.7071146
0.004482716 -0.8912947 0.4534025
0.02490032 -0.8660765 0.4992912
-0.07416265 -0.9322772 -0.3540614
-0.04574133 -0.7274455 -0.6846395
-0.1339472 -0.124348 0.9831561
-0.1919781 -0.8769645 0.4405428
0.1409632 -0.9059047 -0.3993324
0.1582711 -0.7455418 -0.6473932
0.2901989 -0.746631 -0.5986041
-0.04518256 -0.1170349 0.9920996
-0.06489074 0.6758655 0.734163
-0.01392938 -0.8793417 0.4759879
0.4069552 -0.8931808 -0.1913518
0.2228936 -0.8991557 -0.3766136
-0.2307739 -0.02372387 0.9727182
0.5295961 -0.7446522 0.4062282
-0.2694776 0.6707142 0.6910315
-0.008695911 0.9321523 0.3619626
0.04249467 0.9315624 0.3610901
-0.0030867 0.9232322 0.3842303
0.03004697 0.7014948 0.7120411
0.08111918 0.9143839 0.3966384
-0.09952637 0.7133948 0.6936588
-0.04068179 0.9248193 0.3782255
-0.04085205 -0.02422452 0.9988716
0.06665437 0.7576833 0.6492098
0.08993478 0.9268985 0.364378
0.3764128 0.5684533 0.7315562
0.2229066 0.8964043 0.3831087
0.1921968 0.7483591 0.6348379
0.46637 0.06292843 0.8823487
0.6906161 -0.3850495 0.612198
0.4467537 0.4932068 0.7464305
0.9908144 -0.09400935 0.09720674
0.5595247 -0.4368727 0.7043257
0.8749093 -0.2255013 0.4285824
0.4657333 -0.8805581 -0.08780783
-0.2412517 0.5063453 -0.8278962
0.1459803 0.8195696 -0.5540719
0.06305365 0.8045906 -0.5904729
-0.2315184 0.4421149 -0.8665645
-0.442862 -0.3839534 -0.810218
-0.5935659 -0.2657001 -0.7596599
-0.4983892 -0.8485344 -0.1777576
-0.02449064 0.3921618 -0.9195704
0.01587521 0.7580103 -0.6520496
0.03343655 0.4436908 -0.8955561
0.03957408 0.7286383 -0.6837546
-0.1438578 0.4012555 -0.9045989
-0.09989782 0.7122202 -0.6948115
0.0533919 0.470808 -0.8806188
0.07071295 0.7071809 -0.7034879
0.204382 0.6657265 -0.7176604
0.3292755 0.2769854 -0.9026942
0.1365783 0.4520707 -0.881464
0.3937385 0.1760904 -0.9021986
0.984521 -0.03698539 -0.1713203
-0.09504585 -0.4483412 -0.8887951
0.01323697 -0.4559382 -0.889913
-0.2337566 -0.3945594 -0.88864
-0.05682837 -0.411171 -0.9097853
-0.3141042 -0.9459283 -0.08098266
-0.006696276 -0.9904283 -0.1378661
0.080596 -0.9864508 -0.1428957
0.04212764 -0.7390312 0.6723529
0.01625994 -0.7581953 0.6518251
0.2193899 -0.4068754 0.8867473
0.1674098 -0.7472157 0.6431506
0.2280378 -0.3861533 0.8938034
0.1901842 -0.6921458 0.6962503
0.1959144 -0.3870411 0.901009
-0.1819299 -0.9807143 -0.0714241
-0.02153649 -0.7348196 0.6779208
0.02949672 -0.4191845 0.9074219
0.005503037 -0.9952521 -0.0971751
0.1543205 -0.697834 0.6994378
0.1764917 -0.4251574 0.8877455
0.452641 -0.7495803 0.4829554
0.3075603 -0.4344892 0.8465377
0.277973 -0.6761333 0.6823306
0.4912758 -0.3223534 -0.8091579
0.5116366 -0.8583748 -0.03769543
0.6884788 -0.5449029 -0.4786207
0.5584372 -0.6399302 -0.527861
0.5177837 -0.7551908 0.401979
0.8751583 -0.3637189 -0.3190716
0.6164075 -0.654767 -0.4374039
0.6246448 -0.6483395 -0.4352871
0.4413989 -0.7651904 -0.4686693
0.8387595 -0.4208207 -0.3455324
0.8382159 -0.4216127 -0.3458857
0.843406 -0.4155385 -0.340579
0.8436497 -0.41517 -0.340425
0.8446653 -0.4011596 -0.3544171
0.8446254 -0.4012302 -0.3544325
0.967716 -0.08543339 -0.2371222
0.9658589 -0.09422722 -0.2413254
0.9847389 0.08459729 -0.1520934
0.9847389 0.08459729 -0.1520934
0.2217265 -0.02227242 0.9748547
0.3675598 0.07066774 0.9273112
0.672702 -0.4760453 0.566439
0.2757997 -0.6887663 0.6704743
0.6076427 -0.7810459 -0.1440062
0.3787012 -0.9253488 0.0177584
-0.1976845 -0.2933571 0.9353409
-0.3378525 -0.8267497 0.4498232
-0.2694407 -0.6198003 0.7370547
-0.4006972 -0.6837084 0.6099056
-0.4548704 -0.5365244 0.7107987
-0.7422763 -0.1137673 0.6603659
-0.450853 -0.7530022 0.4792906
-0.4405188 -0.7460692 -0.4993238
-0.5299739 -0.2222967 0.8183594
-0.2188548 0.7185748 0.660116
-0.2575524 -0.1261033 0.9580005
0.07017741 0.4081858 0.9101977
-0.3298883 -0.4976605 0.8021895
0.6122352 0.5796384 0.5377615
0.2341192 0.8877822 0.3962717
0.7504205 0.3391992 0.5672857
0.8148136 0.5054241 0.2839465
0.5945272 0.453839 0.6637527
0.7597561 0.630408 0.159237
-0.08361372 0.1454587 0.9858249
-0.2239181 0.3247716 0.9189039
-0.2320179 -0.2199967 0.9475069
-0.03234034 0.315924 0.9482333
-0.4909258 -0.7499115 0.443424
-0.4902498 -0.7469331 0.4491617
-0.5158792 -0.7083418 -0.4817893
-0.4889268 -0.7117794 -0.5043024
-0.5062254 -0.736432 -0.4487805
-0.3606341 -0.3843521 -0.8498333
-0.1965044 -0.1445947 -0.9697828
-0.2823449 -0.590304 -0.7561897
-0.1819774 -0.2697785 -0.9455707
0.1846108 0.02178006 -0.9825705
-0.5186085 -0.4445421 -0.7303614
-0.2639551 -0.008284399 -0.9644995
-0.1014967 0.4571953 -0.883556
0.1397015 0.688474 -0.7116792
0.3124463 -0.696879 -0.6455518
0.6924788 -0.6054251 -0.3923438
0.3682262 0.1157696 -0.9225004
0.4700013 -0.8012362 0.3702966
0.3500657 -0.9199034 0.176725
-0.3468029 -0.8395863 -0.4181182
-0.7366043 -0.09284449 -0.6699209
-0.5441218 -0.07298033 -0.8358262
-0.1471118 0.711037 -0.6875935
-0.00793698 0.5053345 -0.8628872
0.3789012 0.6611512 -0.647544
0.3268797 0.8472261 -0.4187576
0.4709095 0.540019 -0.6975843
0.0820908 0.697364 -0.7120007
0.5942447 0.8042804 -0.002519789
2.739372E-05 0.898323 -0.439336
0.1207421 0.9926162 0.01161298
0.6554258 0.7517049 0.07319047
0.1086991 0.9937918 0.02372121
0.3817254 0.9240867 0.01869953
0.3218616 0.9426061 0.08887701
0.3380363 0.8601354 -0.381967
0.622694 0.7044364 -0.3406196
-0.1039202 0.9587095 0.2647206
0.1475444 0.9615011 0.2318331
0.3201021 0.9147188 0.246626
0.2726649 0.8791005 0.3909431
0.2940746 0.09862286 -0.9506807
0.258447 -0.08613811 -0.9621776
0.4414693 -0.01938298 -0.8970671
-0.07833242 -0.2580907 -0.96294
-0.2374968 -0.4200551 -0.8758705
-0.03484543 -0.2125963 -0.9765188
0.191188 0.1465901 -0.9705456
-0.538655 -0.7188776 -0.4393927
-0.5536984 -0.7631264 -0.3332512
-0.518818 -0.7717423 0.3677522
-0.5258998 -0.7131739 0.4634787
-0.1812599 -0.4540431 0.8723474
-0.003403479 -0.1857149 -0.982598
0.2095673 0.08457919 -0.9741294
-0.4624486 -0.7556088 -0.4638931
-0.4999752 -0.7350893 -0.4578958
-0.2025402 -0.1218361 -0.9716654
0.07643209 0.1490966 -0.9858643
-0.02298063 -0.2458723 0.9690299
0.2466959 -0.1400097 0.9589258
-0.4678071 -0.7431962 0.4783474
-0.6844379 -0.5418125 -0.4878363
0.007404597 -0.1819173 -0.9832861
0.1965381 0.04559751 -0.9794354
0.278432 -0.06677247 -0.9581321
-0.03723002 -0.2237336 0.9739392
0.3033907 0.05512492 0.9512705
0.4343835 -0.054956 0.8990501
0.216335 0.1206309 0.9688383
-0.498338 -0.7239159 0.4770798
0.008280559 -0.1798316 0.9836626
0.2315194 0.09931891 0.9677473
-0.6873989 -0.5237587 0.5031497
-0.1991445 -0.1029046 0.9745524
0.09510927 0.1739558 0.9801499
-0.5379917 -0.6842585 -0.4922961
-0.5311556 -0.6763405 0.5103308
-0.01231483 -0.1751468 0.9844654
0.2026195 0.07790565 0.9761538
0.1532951 -0.4503678 0.879585
0.2903087 -0.02645349 0.9565674
0.08173344 -0.2528436 0.9640487
-0.06036497 -0.863219 -0.5012078
-0.002657069 -0.9004645 0.4349217
0.1056234 -0.5201768 -0.8475024
0.05447571 -0.2513617 -0.9663591
0.1289507 -0.9915221 0.01599814
0.1302518 -0.5950984 0.7930275
0.551964 -0.8322446 -0.0520071
-0.04090447 -0.9990894 -0.01214786
0.1006702 -0.5942922 -0.7979239
0.3270015 -0.9449607 0.0109288
0.832743 0.5068447 0.2228173
0.6831842 0.724254 0.09335797
0.8336844 0.5199326 0.1861195
0.9073426 0.3398854 0.2474013
0.6695265 0.6036038 0.4328935
0.5485397 0.6889463 0.4737694
0.3064866 0.7680459 0.5622914
0.3089813 0.7677786 0.5612903
0.2462153 0.7824045 0.5720327
0.2472666 0.7822595 0.5717777
-0.06805606 0.7891258 0.61045
-0.06629293 0.7892949 0.6104253
0.05442237 0.7942603 0.6051356
0.05390564 0.7942619 0.6051797
0.1960396 0.7838129 0.5892419
0.1978653 0.7836096 0.5889022
-0.2439033 0.7539936 0.6099222
-0.2541868 0.751395 0.6089293
-0.4492564 0.6833342 0.5755201
0.4759332 -0.7798725 0.4065546
0.548883 -0.7033755 0.4516534
0.4759332 -0.7798725 0.4065546
0.5634715 -0.6858989 0.4604809
0.6680382 -0.5504881 0.5006873
0.6641867 -0.5336457 0.5235249
0.6955527 -0.4737008 0.5401982
0.7124383 -0.4830378 0.5090249
0.6610993 -0.4543226 0.5971086
0.02521252 -0.7371063 -0.6753064
0.01845543 0.04219119 -0.9989392
0.0235936 -0.6881809 -0.7251556
0.01878416 -0.1260058 -0.9918517
0.02875609 -0.2620779 -0.9646182
0.03661427 -0.8422005 -0.53792
0.0231274 -0.6573024 -0.7532721
0.03083336 -0.9077902 -0.41829
0.09770523 -0.8890653 -0.4472323
0.07078097 -0.6241486 -0.7780931
0.1699531 -0.8510959 -0.4967413
0.1362761 -0.6250775 -0.7685748
0.0219473 0.1473396 -0.9888426
0.04528277 0.07577756 -0.9960961
0.009979934 0.1430182 -0.9896699
-0.0003726874 0.6967468 -0.7173173
-0.001354388 0.6400108 -0.768365
-0.009084583 0.8340728 -0.5515799
-0.003388173 0.8331739 -0.5530009
0.004012251 0.6984848 -0.7156138
0.00149935 0.8289263 -0.5593561
0.002164172 0.7557294 -0.6548807
0.004348068 0.6169156 -0.7870175
0.002260614 0.6626704 -0.7489079
0.001230694 0.7576827 -0.6526222
0.002410863 0.7433979 -0.6688452
-0.04085755 -0.9713699 -0.2340328
-0.03085827 -0.8869895 -0.4607577
-0.04085755 -0.9713699 -0.2340328
-0.03562764 -0.9318343 -0.3611313
-0.02190222 -0.786344 -0.6174008
-0.02190222 -0.786344 -0.6174008
-0.9091002 0.2229566 -0.3518912
-0.9450892 0.2147867 -0.246319
-0.920498 0.2947574 -0.256518
-0.884845 0.2924967 -0.3626226
-0.7371946 0.2568362 -0.6249636
-0.8983073 0.3375795 -0.281219
-0.7157194 0.3315091 -0.6146931
-0.4560387 0.3798147 -0.8048415
-0.8718346 0.3338771 -0.3583722
-0.9114801 0.2815482 -0.2998912
-0.8036476 0.3095978 -0.5082321
-0.42204 0.3827225 -0.8218309
-0.09649755 0.5190344 -0.849289
-0.7154487 0.352729 -0.6030883
-0.4199695 0.3372937 -0.8425311
0.002684128 0.4484178 -0.8938203
0.3967296 0.6239914 -0.6732315
0.3101863 0.3596024 -0.8800403
0.4841844 0.4567122 -0.7463107
0.6477549 0.6074198 -0.4598423
0.8067788 0.2839287 -0.5181628
0.817035 0.278037 -0.505123
0.9047681 0.215069 -0.3676142
0.9047681 0.215069 -0.3676142
-0.999653 -0.02634462 1.611945E-07
-0.7134491 -0.01880213 -0.7004548
-0.7599537 -0.05343918 -0.6477767
-0.9755101 -0.1313347 0.1764406
0.003959684 -0.9998935 -0.01405347
0.01818755 -0.08783459 0.9959692
0.08363353 -0.04039492 0.9956776
0.9769657 -0.1420718 0.1592284
0.7861339 -0.06909013 -0.6141825
0.999006 -0.04457622 -6.886292E-08
0.7751125 -0.03458606 -0.6308759
-0.008726033 7.613854E-05 0.9999621
-0.3250151 -0.07179622 0.9429798
-0.008726034 7.613855E-05 0.9999621
-0.8117812 -0.07952923 0.5785208
-0.9978245 -0.06592496 -0.0003008806
-0.7340232 0.006404985 -0.6790943
-0.4030969 0.003516854 -0.9151507
0.419007 -0.003657256 -0.9079757
0.7457631 -0.006508403 -0.6661794
0.997678 0.06592575 0.01710343
0.9823924 0.09704833 0.1596462
0.7911937 0.1806948 0.584262
-0.008725739 7.655336E-05 0.9999621
-0.4190067 0.003656877 0.9079759
-0.00872574 7.655336E-05 0.9999621
-0.7457627 0.006508249 0.66618
-0.997678 -0.06592585 -0.01710393
-0.8015617 -0.07961805 -0.5925875
-0.3085095 -0.07194021 -0.9484971
0.3250151 0.07179578 -0.9429798
0.8117809 0.07952861 -0.5785214
0.9978245 0.0659245 0.0003004731
0.9482876 -0.008275366 0.3173045
0.9482876 -0.008275366 0.3173046
-0.008726493 7.630418E-05 0.9999621
-0.325015 -0.07179584 0.9429798
-0.008726493 7.630418E-05 0.9999621
-0.8117812 -0.07952906 0.5785209
-0.9978245 -0.06592502 -0.0003000653
-0.7959075 0.08157736 -0.599897
-0.2988077 0.08921996 -0.9501336
0.3090804 0.07193466 -0.9483116
0.8726577 -0.00761562 -0.4882731
0.9948905 -0.008682236 -0.1005861
0.9482877 -0.008275449 0.3173042
0.9482877 -0.008275449 0.3173041
0.7905341 -0.0369374 -0.6113032
0.0987308 -0.02876937 -0.9946984
0.7778293 -0.03132983 -0.6276941
0.02453028 -0.04829326 -0.9985321
-0.6995069 -0.006481787 -0.7145965
0.4721862 -0.136197 -0.8709137
-0.76097 -0.02669345 -0.6482378
-0.01431534 -0.1264973 -0.9918638
0.002572346 -0.2088692 -0.9779404
-0.472286 -0.1404357 -0.8701861
-0.3158261 0.000967496 0.9488167
-0.8463137 0.02183151 0.5322373
-0.8051159 -0.03306765 0.592195
-0.3294736 0.1075448 0.9380201
-0.8563419 -0.07294447 0.5112317
0.9775265 -0.2100318 0.01812427
-0.3901974 0.01257037 0.9206457
-0.4580656 -0.09312477 0.884027
-0.2815333 0.03166033 0.9590292
0.237794 0.142858 0.9607528
0.996503 -0.005842837 0.08335236
0.274869 -0.1892337 -0.9426759
0.32453 -0.08182742 -0.9423294
0.2340586 -0.2636953 -0.9357786
-0.08162968 -0.2582132 -0.9626333
-0.08099168 -0.2618139 -0.961714
0.09873158 -0.02876866 0.9946983
0.7905345 -0.03693704 0.6113027
0.7778299 -0.03132939 0.6276936
0.02453095 -0.04829257 0.9985321
-0.6995065 -0.006481267 0.7145969
0.4721867 -0.1361964 0.8709136
-0.7609697 -0.02669292 0.6482382
-0.01431499 -0.1264966 0.9918638
0.002572798 -0.2088684 0.9779404
-0.4722858 -0.140435 0.8701863
-0.01187994 -0.5135652 -0.8579685
-0.8069531 -0.3053262 -0.5055715
-0.8926929 -0.1992493 -0.4042264
-0.7204001 -0.2517489 -0.6462557
-0.9598548 -0.002889612 -0.2804825
-0.8568846 -0.02238308 -0.5150221
-0.9536389 0.1228996 -0.2747156
-0.1703437 -0.2931844 -0.9407582
-0.8367245 0.07913985 -0.5418755
-0.9499844 0.117557 -0.2893269
0.6050428 -0.3233591 -0.7275729
0.8118533 -0.3274626 -0.4833865
0.8793913 -0.2714684 -0.3911216
-0.2389396 -0.1363201 -0.9614182
-0.09184831 -0.4723233 -0.876627
0.2363545 -0.8023524 -0.5480577
-0.5650402 -0.7564287 -0.3294622
-0.8765154 0.04678094 -0.4790955
-0.9600989 0.002598746 -0.2796484
-0.4002516 -0.04197183 -0.9154437
-0.3129156 -0.2763058 -0.9087018
-0.9065515 -0.01575451 -0.4218012
-0.9625177 -0.03044548 -0.2695051
-0.7078765 0.04973742 -0.7045829
-0.7128649 0.04785122 -0.6996672
-0.3833514 0.18896 -0.9040663
-0.379699 0.1906834 -0.9052451
0.149364 0.3427933 -0.9274607
0.09099953 0.357259 -0.929562
0.3834126 0.4551691 -0.8036268
0.5193862 0.4955769 -0.6961621
-0.02910014 0.2824263 -0.9588475
0.1863455 0.6178403 -0.7639038
0.579186 0.5730268 -0.5798137
0.7489322 0.5504816 -0.3688776
0.6622791 0.6550919 -0.3636498
0.8096886 0.5122615 -0.2863435
0.6882368 0.6745445 -0.2670583
0.2592801 0.7934214 -0.5506874
0.307469 0.8723292 -0.3801379
0.3105304 0.9208214 -0.2359215
-0.02150606 0.8970762 -0.4413526
0.02808044 0.9396107 -0.3410914
0.03945088 0.9818859 -0.1853222
0.01238229 0.9507349 -0.3097581
0.01738535 0.9898158 -0.1412894
-0.03736704 0.9484082 -0.3148423
-0.04125919 0.9862267 -0.1601709
-0.09215976 0.9677617 -0.2344016
-0.0009793355 0.8924 -0.4512443
-0.07506346 0.8659539 -0.4944589
-0.03366901 0.8826711 -0.4687839
0.02529131 0.5741482 -0.8183609
-0.05836114 0.9111828 -0.4078482
-0.1217539 0.9498509 -0.2880268
0.03223874 0.7832006 -0.6209331
-0.06826957 0.9060858 -0.4175499
-0.04459867 0.9310793 -0.3620808
0.1505584 0.5083366 -0.8478952
-0.0161997 0.9491791 -0.3143194
0.1925532 0.3430262 -0.9193784
0.1308036 0.9707389 -0.2013868
0.07252736 0.9040409 -0.4212483
0.1898906 0.9791899 0.07161585
0.2244141 0.181776 -0.9573902
0.3536128 0.0008509675 -0.9353917
0.3268642 -0.1532568 -0.9325624
0.04742915 0.2063641 -0.9773252
0.01121959 0.2839858 -0.9587629
0.4544782 -0.4068271 -0.7924276
0.3429665 -0.2283488 -0.9111701
0.2676489 0.09598218 -0.9587239
-0.004149299 0.202851 -0.979201
-0.03759931 0.3716498 -0.9276115
0.6009107 -0.5324808 -0.5961297
0.6777927 -0.6462184 -0.3507122
0.6556228 -0.5459837 -0.5215944
0.7043102 -0.6522222 -0.280274
0.6019367 -0.772193 -0.2034462
0.509445 -0.2283555 -0.8296504
0.08297203 0.131729 -0.9878073
0.392375 -0.07951487 -0.9163622
0.5484052 -0.4085454 -0.7296181
0.4984945 -0.6118763 -0.6140935
0.058655 0.02088461 -0.9980599
0.5744932 -0.7054151 -0.4151472
0.3415674 -0.7687584 -0.5406871
0.3288261 -0.8805746 -0.3412653
0.3136514 -0.9356145 -0.1620138
0.2356605 -0.9548604 -0.1808475
0.2264131 -0.9090337 -0.3498503
0.2158247 -0.7646464 -0.6072363
0.1098988 -0.8973689 -0.4273776
0.1319488 -0.9598271 -0.2476326
-0.2704341 -0.9115311 -0.3098011
0.1012972 -0.619132 -0.7787262
0.2209789 -0.4295427 -0.8755921
-0.2508776 -0.8353227 -0.4891796
0.1025236 -0.2736108 -0.956361
0.1743622 -0.1815904 -0.9677929
-0.5375078 -0.662636 -0.5215352
-0.1941867 -0.5777264 -0.7927949
-0.4169105 -0.4197605 -0.8062177
-0.4609887 -0.301985 -0.8344427
0.1019555 0.0002605997 -0.994789
-0.1251251 -0.3056946 -0.9438722
0.006152153 -0.04836638 -0.9988109
-0.3300815 -0.2224301 -0.9173719
-0.4082835 -0.118644 -0.9051124
0.1095919 0.2108917 -0.9713468
0.08377045 0.3260272 -0.9416417
-0.2070118 -0.008864491 -0.9782984
0.142085 0.2034027 -0.9687308
0.1473938 0.2430677 -0.9587457
0.01122707 0.3282898 -0.9445105
0.1296539 0.3684693 -0.9205545
0.1126841 0.3104767 -0.9438786
-0.04160149 -0.5301382 0.8468903
-0.08714475 -0.7015833 0.707239
-0.09124691 -0.6715493 0.7353203
-0.07879721 -0.5292425 0.8448039
0.001002035 -0.3751259 0.9269735
-0.0445154 -0.4037144 0.9138016
0.3622986 -0.04097984 0.9311609
0.09073481 -0.1155125 0.9891533
0.2756153 0.01760971 0.9611069
0.5763092 0.1733468 0.7986355
0.4591222 0.3716627 0.8068915
0.3410992 0.5238958 0.780503
-0.1722697 -0.9570085 -0.2333625
-0.1998461 -0.9798145 0.005039587
-0.2243012 -0.9216274 -0.3166893
-0.1617806 -0.7887467 -0.5930482
0.03827048 -0.544669 -0.8377776
-0.3499234 -0.9214388 -0.1688322
0.04969595 -0.2910514 -0.9554158
-0.4041562 -0.6522049 -0.6413164
0.3050381 0.2806068 -0.9100614
0.4288973 0.619906 -0.6570875
-0.6381312 -0.6146907 -0.4636206
-0.5741339 -0.7693387 -0.2801577
-0.7821116 -0.3887 -0.4870459
-0.6395689 -0.2608087 -0.7231394
-0.5617874 -0.05730698 -0.8252945
-0.2029804 -0.08819791 -0.9752027
-0.3517015 0.1854808 -0.9175528
-0.3665273 0.3480066 -0.8628727
-0.04018785 0.5621024 -0.8260909
0.06455017 0.4879124 -0.8705027
0.5009769 0.5871193 -0.6358564
0.213117 0.3239089 -0.9217724
0.577645 0.6665397 -0.4712234
0.4452732 0.894729 -0.03452667
0.6571947 0.7486828 -0.0870024
0.6571149 0.5471312 -0.5185051
0.8120384 0.5679619 -0.1342128
0.2754346 -0.08462556 0.9575878
0.303355 0.1547628 0.9402258
0.2306112 -0.4360143 0.8698909
0.3033159 0.2080055 0.9299104
0.2846899 0.2315093 0.9302447
0.390554 0.2331361 0.8905702
0.3817075 0.2273805 0.8958781
0.4409464 0.2659798 0.8572171
0.4409463 0.2659798 0.8572171
0.2980427 -0.2077327 0.9316748
0.2539857 -0.06622136 0.9649385
0.2539857 -0.06622136 0.9649384
0.2977847 -0.2068495 0.9319538
0.4095132 -0.3133615 0.8567985
0.4423779 -0.3040175 0.8437271
0.5979269 -0.04569367 0.8002473
0.6115338 0.002787437 0.7912135
0.6510162 0.1294662 0.7479416
0.6516279 0.1405714 0.7453998
0.6429748 -0.1717753 0.7463759
0.6458121 -0.1166442 0.7545336
0.6068206 -0.5116936 0.6082258
0.5434515 -0.4229361 0.7251108
0.3470404 -0.6270134 0.6974362
0.3346088 -0.6793792 0.6530551
0.2372268 -0.5520518 0.7993513
0.1357444 -0.6962777 0.7048199
-0.08162904 -0.2582132 0.9626332
-0.0809911 -0.2618136 0.9617142
0.2340587 -0.2636948 0.9357787
0.2748691 -0.1892335 0.9426759
0.3245297 -0.08182764 0.9423295
0.9775264 -0.2100322 -0.01812362
0.2377946 0.1428582 -0.9607525
0.996503 -0.005843012 -0.08335233
-0.3294734 0.1075447 -0.9380201
-0.3158257 0.0009671912 -0.9488168
-0.8463137 0.02183149 -0.5322375
-0.8051159 -0.03306765 -0.592195
-0.8563415 -0.07294386 -0.5112323
-0.3901968 0.01257042 -0.9206458
-0.2815332 0.03166019 -0.9590292
-0.4580658 -0.09312518 -0.8840269
0.8666717 0.4350347 -0.2441824
0.8431885 0.523648 -0.1217619
0.6023325 0.7884875 -0.1244321
0.9600326 0.2581754 -0.1080863
0.9249047 0.3175439 -0.2090867
0.5510703 0.5492001 -0.6282522
0.5622737 0.5458894 -0.6211708
0.3132161 0.5962948 -0.7391404
0.3163326 0.5960881 -0.737979
0.3026829 0.5886157 -0.7496099
0.2671798 0.5883628 -0.7631804
-0.07379939 0.5600908 -0.8251377
-0.09871268 0.5563495 -0.8250644
0.05367046 0.5484515 -0.8344583
0.05315216 0.5484565 -0.8344882
0.1952824 0.5440167 -0.8160337
0.1971268 0.5438288 -0.8157154
-0.2459502 0.5337982 -0.8090539
-0.2562752 0.5322261 -0.8068821
-0.4518259 0.4893095 -0.7459421
0.9187578 0.3927664 0.04023329
0.9941645 -0.06609201 0.08525692
0.9941645 -0.06609201 0.08525692
0.9797897 0.1981821 -0.02712957
0.9587563 0.2774304 -0.06179591
0.8048421 0.5934684 0.004939255
0.8496323 0.527212 -0.01313832
0.8428386 0.5380628 -0.01056634
0.9308426 0.3583824 -0.07137405
0.9352046 0.3466692 -0.07219948
0.8950638 0.4450342 -0.02837882
0.895531 0.4441109 -0.02810475
0.8109623 0.5849186 0.01451229
0.8086168 0.588154 0.01462962
0.7180662 0.695612 0.02247096
0.7216393 0.6919046 0.02246411
0.7916045 0.6106123 0.02269114
0.791561 0.6106688 0.0226921
0.5757428 0.8173084 0.02296432
0.5776051 0.8159931 0.02297471
0.6355891 0.7717501 0.02070252
0.6351911 0.7720776 0.02070522
0.7390676 0.6732451 0.02280728
0.7403266 0.6718619 0.02276605
0.3847803 0.9225081 0.03038642
0.3760342 0.9261037 0.03050501
0.1880615 0.9816249 0.03233705
-0.02190348 -0.7863447 0.6173999
-0.02190348 -0.7863446 0.6173999
-0.03562804 -0.9318343 0.3611311
-0.03085897 -0.8869896 0.4607573
-0.04085755 -0.9713699 0.234033
-0.04085755 -0.9713699 0.2340331
-0.6454434 -0.6107022 0.4587435
-0.3711588 -0.6252925 0.686477
-0.3942367 -0.6270232 0.6718776
0.01701259 -0.5483428 0.8360808
0.09808619 -0.5215194 0.8475829
0.3985968 -0.4214889 0.8145355
0.4572293 -0.3818631 0.803195
0.7161461 -0.3329774 0.6134012
0.6890357 -0.3870593 0.6127113
0.7377595 -0.2594953 0.6231961
0.8595752 -0.3755699 0.3465225
0.8846142 -0.2938506 0.3620906
0.8854576 -0.3810645 0.2659974
0.9088296 -0.2253592 0.3510584
0.9201695 -0.2958747 0.25641
0.9446926 -0.2170001 0.2459006
0.2539856 -0.06622139 -0.9649385
0.2539856 -0.06622139 -0.9649385
0.2980425 -0.2077328 -0.9316748
0.2977845 -0.2068496 -0.9319537
0.4095131 -0.3133618 -0.8567985
0.4423779 -0.3040179 -0.843727
0.5979269 -0.04569406 -0.8002473
0.6115339 0.002787111 -0.7912135
0.6510162 0.1294661 -0.7479416
0.651628 0.1405712 -0.7453999
0.6429752 -0.1717752 -0.7463756
0.6458124 -0.116644 -0.7545334
0.5554024 -0.4638609 -0.6901893
0.5165433 -0.3709017 -0.7717609
0.3461314 -0.6305897 -0.6946581
0.2786291 -0.5720621 -0.7714344
0.3379768 -0.7155805 -0.6113235
0.1357446 -0.6962783 -0.7048193
0.7202478 0.6240693 0.3029534
0.7202479 0.6240693 0.3029534
0.3359595 0.1438641 0.9308247
0.5907606 0.5099427 0.6252683
0.3040718 0.2594263 0.9166453
0.2375492 0.163616 0.957497
0.2643764 0.03358972 0.9638346
0.1947715 0.1033603 0.9753877
0.3251105 -0.02982184 0.9452058
0.3251106 -0.02982184 0.9452058
0.01110478 0.9052888 -0.4246518
-0.3380079 0.8470337 -0.4102252
-0.3380079 0.8470337 -0.4102253
0.08994335 0.9027947 -0.4205617
0.5011333 0.7903122 -0.3525229
-0.7695457 -0.0325883 0.6377596
-0.7297836 0.02094631 0.6833573
-0.9995883 0.02869003 4.650228E-08
-0.9793254 -0.09742654 -0.1772852
0.00395846 -0.9998935 0.01405475
0.01396278 -0.05212872 -0.9985429
0.07612814 0.0193786 -0.9969098
0.9807222 -0.1103144 -0.1612906
0.7896922 -0.04888056 0.611553
0.9999797 0.006377856 2.155859E-07
0.7803496 0.004977302 0.6253237
-0.7599533 -0.05343899 0.6477771
-0.7134488 -0.01880191 0.7004552
-0.999653 -0.02634455 2.13879E-07
-0.9755101 -0.1313349 -0.1764402
0.003958806 -0.9998935 0.01405203
0.01818828 -0.08783505 -0.9959692
0.08363361 -0.04039519 -0.9956776
0.9769655 -0.1420723 -0.1592287
0.7861339 -0.06908978 0.6141826
0.999006 -0.04457613 1.783928E-07
0.7751127 -0.03458572 0.6308757
-0.7665413 -0.03867047 0.6410297
-0.7246441 0.009229517 0.6890616
-0.9999189 0.01273525 2.014901E-07
-0.9783249 -0.10732 -0.1770953
0.003954956 -0.9998935 0.01405803
0.01535208 -0.06266493 -0.9979166
0.07858076 0.001509162 -0.9969067
0.9797245 -0.1196572 -0.1606925
0.7886158 -0.05479858 0.6124396
0.9999628 -0.008621775 -2.32169E-08
0.778804 -0.006714669 0.6272313
0.8549411 0.1049359 0.5080003
-0.8225111 -0.1895692 0.5362266
0.8318886 -0.01456497 0.5547516
0.9239691 0.04907692 0.3793057
0.9842652 -0.03525166 0.1731453
0.8354485 -0.09569252 0.5411736
-0.342445 -0.2801896 0.8967861
-0.2100131 -0.3474798 0.9138669
-0.8640829 -0.1801013 -0.4700258
-0.8382508 -0.1032858 -0.5354137
-0.3407302 -0.03856894 -0.9393697
-0.3023256 0.02390561 -0.9529051
-0.7380054 -0.06654373 -0.6715058
-0.9259751 -0.138369 -0.3513177
-0.2155779 0.04367315 -0.9755097
-0.7602921 -0.1043844 -0.6411394
-0.3477958 -0.2707919 0.8976135
-0.1879305 -0.155937 0.9697247
-0.2999355 -0.08318517 0.9503257
-0.4282368 -0.1607196 0.8892595
-0.07540076 -0.07457197 0.9943611
-0.474376 -0.0905365 0.8756545
-0.1618127 -0.003621151 0.986815
-0.4039594 -0.01316299 0.9146823
-0.288447 0.1036118 0.9518735
0.6848198 -0.08632931 -0.7235808
0.1491596 -0.2139407 -0.9653916
0.2266715 -0.1432685 -0.9633766
0.6060045 -0.01358869 -0.7953454
0.5391712 0.04199634 -0.8411486
-0.9709315 -0.2040195 0.1251721
-0.9671363 -0.2188047 -0.1295059
-0.9191438 -0.3080965 -0.2454615
-0.2073157 -0.04748604 0.9771211
-0.2715557 0.07888247 0.9591846
0.3141493 -0.0517807 0.9479606
0.2430834 0.0460899 0.9689099
0.02354642 0.2186907 0.9755102
-0.2597834 0.08098008 0.9622656
-0.2694636 0.02842555 0.9625911
-0.07041858 0.2522764 0.9650897
-0.3540519 0.01043257 -0.9351677
0.2430831 0.04609012 -0.9689099
0.314149 -0.05178091 -0.9479607
0.02354628 0.2186909 -0.9755102
-0.2073165 -0.0474861 -0.9771209
-0.2627667 0.06513828 -0.9626583
-0.07041863 0.252276 -0.9650897
-0.3220185 0.09429374 -0.942026
-0.9576022 -0.2671674 -0.1077937
-0.9842044 -0.1742504 0.03128186
-0.9191438 -0.3080962 0.2454617
0.1491594 -0.2139402 0.9653917
0.09211881 -0.1084223 0.9898278
0.5391714 0.04199652 0.8411484
0.6848198 -0.08632886 0.723581
0.6060046 -0.01358846 0.7953452
0.01341269 0.9999046 -0.003343541
0.04839685 0.9259469 -0.37454
-0.4151737 0.8543064 -0.3127165
0.3753293 0.9230939 0.08381952
-0.1441451 0.9835423 0.1089351
0.1655069 0.8492397 0.5013976
0.002968751 0.9999957 -5.108347E-05
-0.2446725 0.9285043 0.2793123
0.1655079 0.8492389 0.5013987
0.1961496 0.9805727 0.001636136
-0.2397599 0.9284605 -0.2836838
0.1742329 0.8491622 -0.4985645
0.01335314 0.9999051 0.00342387
-0.1422217 0.9835253 -0.1115856
-0.4205686 0.8543525 0.3052936
0.1742333 0.8491618 -0.4985651
0.04185356 0.9260039 0.3751872
0.376737 0.9230812 -0.07739881
-0.2396158 -0.3621023 0.9008144
0.01863701 -0.3047332 0.9522555
-0.1467467 0.0377902 0.9884521
-0.2302732 -0.3562224 0.9055828
-0.1113447 0.1667479 0.9796927
-0.05809848 0.4212891 0.9050636
-0.0961446 0.5119488 0.8536186
0.140472 0.2953104 0.9450182
0.23397 0.5232863 0.8194081
0.3536449 -0.07054183 0.9327161
0.5411558 -0.2427704 0.8051169
0.5959806 0.0767891 0.7993189
-0.34073 -0.03856881 0.9393698
-0.3023254 0.02390589 0.9529051
-0.8382508 -0.1032855 0.5354136
-0.8640824 -0.1801014 0.4700267
-0.8033308 -0.1097215 0.5853382
-0.4283652 0.07412562 0.9005603
-0.5894997 0.0601978 0.8055224
-0.7836004 -0.1077322 0.6118531
-0.6889021 -0.3160752 -0.6523117
-0.3424451 -0.2801903 -0.8967859
-0.2100128 -0.3474806 -0.9138665
0.8354487 -0.09569272 -0.5411732
0.8318885 -0.01456551 -0.5547517
0.8549413 0.104935 -0.508
0.9842652 -0.03525174 -0.1731455
0.9239691 0.04907634 -0.3793055
0.0134138 0.9999046 0.00334374
0.3753318 0.9230928 -0.08382002
0.1655089 0.8492384 -0.5013993
0.04839765 0.9259462 0.3745418
-0.1441445 0.9835424 -0.108935
-0.4151741 0.8543054 0.3127185
-0.006898182 -0.9999615 0.005459564
-0.1956091 -0.9246621 0.3267066
-0.5331135 -0.8460314 0.004588409
-0.06809146 -0.9816903 -0.1778986
0.3382928 -0.9293207 0.148058
0.4151752 -0.8543053 -0.3127175
0.01335389 0.9999051 -0.003424391
0.0418546 0.9260041 -0.3751866
-0.4205672 0.8543534 -0.3052928
-0.1422206 0.9835254 0.1115848
0.3767369 0.9230813 0.07739786
0.1742335 0.8491629 0.4985631
-0.006994395 -0.9999607 -0.005490418
-0.06497879 -0.9817173 0.1789106
-0.533114 -0.846031 0.004589316
0.4205671 -0.8543534 0.3052928
-0.201282 -0.9246132 -0.3233824
0.3356561 -0.9292976 -0.1540809
0.002969461 0.9999957 4.962637E-05
0.1961506 0.9805725 -0.001637618
0.1655082 0.8492381 -0.5014
0.1742345 0.8491627 0.4985633
-0.2446721 0.9285039 -0.2793141
-0.2397591 0.9284611 0.2836823
-0.002969558 -0.9999957 -4.975908E-05
0.2446714 -0.9285041 0.2793137
-0.1655078 -0.8492389 0.5013989
0.2397588 -0.9284616 -0.283681
-0.19615 -0.9805727 0.00163775
-0.174234 -0.8491633 -0.4985625
-0.1467467 0.03778983 -0.9884521
0.01863777 -0.3047333 -0.9522554
-0.2396153 -0.362103 -0.9008142
-0.2302727 -0.356223 -0.9055827
-0.1113449 0.1667478 -0.9796927
-0.05809866 0.421289 -0.9050637
-0.09614488 0.5119488 -0.8536186
0.1404717 0.2953107 -0.9450182
0.23397 0.5232863 -0.8194081
0.3536444 -0.07054143 -0.9327163
0.5411553 -0.2427698 -0.8051174
0.5959801 0.07678872 -0.7993193
2.357637E-05 -0.09112573 -0.9958396
0.0005131825 0.01140734 -0.9999349
-1.497846E-06 0.005868001 -0.999983
-8.234037E-05 -0.04807071 -0.998844
0.0009911248 0.1124896 -0.9936525
-4.500303E-05 0.05775094 -0.9983311
0.003762795 -0.008735759 -0.9999549
0.003649918 0.009123339 -0.9999518
0.004992158 0.0003472655 -0.9999876
0.0105189 -0.0002078615 -0.9999448
-0.299935 -0.08317989 -0.9503265
-0.187933 -0.1559352 -0.9697245
-0.3477959 -0.2707861 -0.8976153
-0.07540335 -0.07457186 -0.9943609
-0.4282334 -0.1607182 -0.8892614
-0.161813 -0.003621071 -0.986815
-0.4743713 -0.09053711 -0.875657
-0.2884491 0.1036163 -0.9518723
-0.4039596 -0.013164 -0.9146822
-0.002969103 -0.9999957 5.095674E-05
-0.1961498 -0.9805727 -0.001636596
-0.1655077 -0.8492391 -0.5013985
0.2446721 -0.9285042 -0.2793128
-0.1742336 -0.8491624 0.4985641
0.2397594 -0.9284608 0.2836829
-0.01335376 -0.9999051 -0.003424244
-0.3767363 -0.9230816 0.07739767
-0.04185387 -0.9260042 -0.375186
0.4205669 -0.8543536 -0.3052925
-0.1742332 -0.8491634 0.4985626
0.1422209 -0.9835255 0.1115843
-0.002969512 -0.9999957 5.075021E-05
-0.1961506 -0.9805726 -0.00163663
-0.1655091 -0.8492385 -0.5013991
0.244672 -0.9285044 -0.2793125
-0.1742336 -0.8491623 0.4985643
0.2397594 -0.9284607 0.2836837
0.2708038 -0.551296 -0.7891377
0.07411028 -0.3189456 -0.9448712
0.2553721 -0.443619 -0.859062
0.2942345 -0.2750467 -0.9153008
-0.04329458 -0.449842 -0.8920583
0.3986725 -0.3891975 -0.830413
0.03143032 0.08427293 -0.9959469
0.09275804 -0.19826 -0.9757506
0.08088156 -0.3717775 -0.9247918
0.3978698 -0.3209814 -0.8594596
-0.1539466 -0.305997 -0.9395033
-0.7402952 -0.08570673 -0.6667965
-0.8395388 0.006777272 -0.5432575
-0.8252812 0.4617149 0.325162
-0.7380015 -0.04912619 -0.6730086
-0.8908471 0.3741362 0.2577083
-0.18503 0.5613313 0.806642
-0.6035078 0.1867659 -0.7751755
-0.2053563 0.4811219 0.8522621
0.1366907 0.5055887 0.851878
0.1273566 0.4268756 0.8952975
-0.8667312 0.3938394 0.3060518
-0.3049943 0.3611116 0.8812361
0.01768692 0.2652299 0.9640231
-0.2346265 0.4610562 -0.8557909
-0.7253955 0.6567538 0.206097
-0.168529 0.5272629 0.8328218
0.03438002 0.3877214 0.9211354
-0.116185 0.7959611 0.5940936
0.08329011 0.5387895 0.8383132
-0.1182564 0.6515473 0.7493343
-0.3124584 0.949667 0.02241778
-0.153459 0.8897898 -0.4297961
-0.1223255 0.8826944 0.4537482
0.4854708 0.7877388 -0.3791911
-0.3497515 0.8164881 -0.4593705
0.1300882 0.9033698 -0.4086564
0.04280142 0.1738211 -0.9838468
0.07411027 -0.3189454 0.9448712
0.2708038 -0.5512958 0.7891378
0.2553721 -0.4436188 0.8590621
0.2942345 -0.2750465 0.9153009
-0.04329457 -0.4498418 0.8920584
0.3986725 -0.3891972 0.8304131
0.06851283 -0.01107784 0.9975889
0.0927581 -0.1982605 0.9757505
0.08088156 -0.3717773 0.9247919
0.3978697 -0.3209811 0.8594597
-0.1539466 -0.3059968 0.9395033
-0.7402952 -0.08570657 0.6667966
-0.8395388 0.006777389 0.5432575
-0.8252812 0.4617148 -0.3251621
-0.7380015 -0.04912603 0.6730085
-0.8908471 0.3741361 -0.2577084
-0.18503 0.5613311 -0.8066422
-0.6035077 0.1867668 0.7751753
-0.8667312 0.3938394 -0.3060519
-0.2053563 0.4811217 -0.8522622
0.1366907 0.5055884 -0.8518781
0.1273566 0.4268754 -0.8952978
-0.3049943 0.3611114 -0.8812362
0.01768692 0.2652297 -0.9640231
-0.2346254 0.4610586 0.8557897
-0.725395 0.6567544 -0.206097
-0.1685292 0.5272634 -0.8328214
0.03438001 0.3877212 -0.9211355
-0.1046127 0.7353058 -0.6696132
0.08329065 0.5387896 -0.838313
-0.1182551 0.6515477 -0.7493341
-0.380319 0.9239423 -0.04108904
-0.2365298 0.8453916 0.4789229
-0.122325 0.8826944 -0.4537481
0.4854714 0.7877409 0.3791861
-0.3050599 0.8315817 0.4641234
0.1300886 0.9033699 0.4086565
0.04280151 0.1738209 0.9838469
9.190204E-07 0.001667443 -0.9999988
9.190204E-07 0.001667443 -0.9999988
9.190204E-07 0.001667443 -0.9999988
9.190204E-07 0.001667443 -0.9999988
0.1611359 0.7385591 -0.6546494
0.1611359 0.7385591 -0.6546494
0.04293189 0.994928 -0.09096926
0.1413492 0.8222992 -0.5512211
0.05487835 0.995176 0.08132337
0.1423231 0.9878824 -0.06190949
-0.1156076 0.9862844 0.1178056
-0.1360956 0.9588616 0.2491237
-0.6197833 0.7241758 0.3023875
-0.5631537 0.8214855 0.08955231
-0.9849274 0.1605144 0.06444476
-0.9777174 0.19224 -0.08433649
-0.9325904 -0.2665522 -0.2433622
-0.4773386 0.8656805 -0.1508152
-0.9319648 0.2256118 -0.2837973
-0.9076252 -0.2820035 -0.3109509
-0.8331889 -0.3532369 -0.4254647
0.05526889 0.9939475 -0.09494196
0.06118546 0.9944062 -0.08609779
0.08087386 0.9964935 -0.02145303
0.109428 0.9936723 0.02532088
0.1024442 0.9927754 0.06246831
0.1343137 0.9849375 -0.1088959
0.1023597 0.9903556 -0.09337313
0.1600879 0.9859529 -0.04763388
-0.4867179 0.8391677 -0.2427006
-0.8901541 0.1592476 -0.4269262
-0.5828474 0.7940372 -0.1726093
-0.9548824 0.06122007 -0.2906058
-0.8387331 -0.4135176 -0.3543022
-0.9937375 -0.1102633 0.01810781
0.09890033 0.9932324 -0.06089726
-0.9562849 0.2909216 0.02972914
0.1117548 0.9928932 -0.04091663
0.08512608 0.9951636 -0.04902328
-0.9739645 0.09097521 0.2076457
-0.8532375 -0.4831583 0.196326
-0.4786033 0.8780277 0.002545549
0.08271585 0.995329 -0.04978323
0.06858736 0.9975816 0.01126907
-0.1544555 0.9879993 0.001025601
-0.1273833 0.9883265 0.0835735
-0.1881377 0.9775489 -0.09488185
0.05253186 0.9962415 -0.06887426
-0.1968732 0.9706104 -0.1384082
0.02519177 0.9976744 -0.06333639
-0.1649557 0.984974 -0.05114753
0.0985552 0.9944541 -0.03671648
0.1198678 0.9926742 -0.0151644
0.1149035 0.9923929 -0.04419954
-0.03874444 0.9984214 -0.04066678
-0.09729233 0.9943426 0.04263055
0.130237 0.9899604 -0.0549251
0.1854236 0.9820049 -0.0358432
-0.4905917 0.8621289 0.1267033
0.1347919 0.9905037 0.02708836
-0.5026423 0.8272689 0.2509523
-0.9331443 -0.008324478 0.3594055
-0.7845589 -0.5472733 0.291478
-0.3271903 0.8536785 0.4051909
-0.7985635 -0.1365091 0.5862266
-0.6811489 -0.5857907 0.4391873
0.2174927 0.9755863 -0.03047393
-0.2347661 -0.133329 0.9628647
-0.3418101 -0.6435078 0.6848822
-0.03626079 0.9251077 0.3779699
0.1673645 0.9852844 0.03470049
0.0794213 0.9876941 -0.1347321
0.01280328 0.9738011 -0.2270406
0.5725877 -0.1451231 0.806897
0.3249492 -0.628688 0.7065123
-0.09306198 0.8384347 -0.5369982
0.357092 0.929354 0.09373772
0.9436451 -0.2902847 0.1589618
0.5151529 -0.7738627 0.3684481
0.5032169 0.8177971 -0.2792507
0.917603 -0.2908821 -0.2709105
0.330656 -0.9361329 0.1196753
0.8254214 0.4397982 -0.353917
0.3168249 0.9330955 -0.1701626
0.109407 0.9761854 0.1873296
-0.3810991 0.9082139 0.172948
-0.2204776 0.9746848 -0.03713923
-0.6574041 0.6710904 -0.3427211
-0.4154512 0.8573666 -0.303847
-0.4265779 0.6215953 -0.6570014
-0.2650935 0.8267266 -0.4962347
-0.1981921 0.615541 -0.7627774
-0.1067525 0.8719572 -0.4778021
-0.09285554 0.9819219 -0.164947
-0.2583147 0.9238656 -0.2823937
-0.2472577 0.9534976 -0.1723544
0.1534706 0.9877725 0.02743441
-0.03996797 0.9987846 -0.02884683
0.1727975 0.9848545 0.01424988
-0.03189981 0.9994352 -0.01057417
-0.2798601 0.9548932 -0.09928501
-0.06083529 0.9981117 -0.008503585
-0.3192042 0.9473408 -0.02558108
-0.05448163 0.9985095 -0.003295648
-0.3349842 0.9422224 0.001665094
0.08883818 0.9955726 0.03070954
0.0277687 0.9991106 0.03173307
-0.03681744 0.9962746 0.07798569
-0.0003874064 -0.9958764 0.09072044
-0.1208183 -0.9838203 0.1322907
0.07869252 -0.8499197 -0.5210031
0.2183064 -0.9184268 -0.3299012
0.233706 -0.4752694 -0.8482339
0.1631012 -0.3165404 -0.9344519
0.1665466 -0.2107509 -0.9632479
0.3495157 -0.6896607 -0.634198
0.1770734 -0.4351244 -0.8827866
0.2794552 -0.5451509 -0.7903894
0.2747386 -0.9590339 -0.06908629
0.4280917 -0.7723842 -0.4692125
0.0367135 -0.9682443 -0.247296
0.5056176 -0.8600286 -0.06857075
0.0290736 -0.9995049 0.01203773
0.2781093 -0.9590953 -0.05283692
-0.007007372 -0.9805454 -0.1961677
-0.03145638 -0.9528304 -0.3018692
-0.4996155 -0.816471 -0.2894123
-0.4871714 -0.8419624 -0.2318697
-0.4632401 -0.8001885 -0.3809294
-0.05077945 -0.9741535 -0.2201059
-0.1207817 -0.9926789 -0.0008091863
-0.08576294 -0.9956989 0.0350521
0.006717091 -0.9981297 0.06076524
-0.2044456 -0.9766286 0.06632204
-0.1495642 -0.9874564 0.05060354
-0.169886 -0.9816057 0.0871167
-0.2848552 -0.9470924 0.1478986
-0.1752331 -0.9831765 0.05155273
-0.3580442 -0.9043028 0.232467
-0.2166731 -0.8855736 -0.4108678
-0.2091477 -0.9197773 0.3320652
-0.4523997 -0.8807186 -0.140248
-0.01041277 -0.908189 0.4184311
-0.5426155 -0.7797903 0.3122431
0.02448698 -0.9029082 0.4291358
-0.3085025 -0.6952136 0.6492338
0.09782817 -0.6074584 0.7883047
-0.006771089 -0.4838489 0.8751256
0.2927276 -0.4324146 0.8528355
-0.4569324 -0.5064626 0.7312376
-0.8259395 -0.5387604 0.1660158
-0.6831576 -0.5566867 -0.4726474
-0.2564314 -0.5436538 -0.7991769
-0.20076 -0.6946741 -0.6907414
-0.1069967 -0.9268534 -0.3598539
-0.3985205 -0.8173653 -0.4160475
-0.03151868 -0.9994476 -0.0105503
-0.2477805 -0.9312602 -0.267132
-0.4352896 -0.8497466 -0.2974119
-0.3025089 -0.9345756 -0.1872352
-0.3828933 -0.9155223 -0.1233369
-0.0995919 -0.9941038 -0.04288682
-0.3056432 -0.9473827 -0.09512277
-0.5186827 -0.8532482 -0.05418384
-0.3388242 -0.9391553 -0.05644352
-0.5056271 -0.8627492 0.002283068
-0.3074092 -0.9510068 -0.03295153
-0.1364138 -0.9897093 -0.04320724
-0.1154098 -0.9927105 -0.03473726
-0.1436404 -0.9895689 -0.01100807
-0.1968336 -0.9804031 -0.008153283
-0.2553161 -0.9657438 -0.04639719
-0.161519 -0.9857929 -0.04608701
-0.2999788 -0.9485808 -0.1010319
-0.1364962 -0.9904189 -0.02096487
-0.3463736 -0.9373167 0.03824925
-0.1259324 -0.9900592 0.06264321
-0.2660105 -0.9598412 0.08912666
-0.1160557 -0.9904039 0.07504297
-0.03641415 -0.9986358 0.03742571
-0.187736 -0.9808411 0.05202173
-0.1061907 -0.9933606 0.04425522
-3.991983E-05 0.001681051 0.9999987
-3.991983E-05 0.001681051 0.9999987
-3.991982E-05 0.001681051 0.9999987
-3.991982E-05 0.001681051 0.9999987
-3.50095E-05 0.001654539 0.9999988
-3.50095E-05 0.001654539 0.9999988
-3.50095E-05 0.001654539 0.9999988
-3.50095E-05 0.001654539 0.9999988
-4.431385E-05 0.001647186 0.9999988
-4.431385E-05 0.001647186 0.9999988
-4.431385E-05 0.001647186 0.9999988
-4.431385E-05 0.001647186 0.9999988
-4.015966E-05 0.001675907 0.9999987
-4.015966E-05 0.001675907 0.9999987
-4.015966E-05 0.001675907 0.9999987
-4.015966E-05 0.001675907 0.9999987
-4.00616E-05 0.001672157 -0.9999988
-4.00616E-05 0.001672157 -0.9999988
-4.00616E-05 0.001672157 -0.9999988
-4.00616E-05 0.001672157 -0.9999988
-3.517975E-05 0.001645788 -0.9999988
-3.517975E-05 0.001645789 -0.9999988
-3.517975E-05 0.001645788 -0.9999988
-3.517975E-05 0.001645788 -0.9999988
-4.443179E-05 0.001638477 -0.9999988
-4.443179E-05 0.001638477 -0.9999988
-4.443179E-05 0.001638477 -0.9999988
-4.443179E-05 0.001638477 -0.9999988
-4.030434E-05 0.001667046 -0.9999988
-4.030433E-05 0.001667046 -0.9999988
-4.030433E-05 0.001667046 -0.9999988
-4.030433E-05 0.001667046 -0.9999988
0.1071541 0.9937593 -0.03099467
0.1190709 0.9924574 -0.02916871
0.1154815 0.9930856 -0.02110256
0.1069303 0.9937077 -0.03333569
0.1228141 0.9919065 -0.03222236
0.08817354 0.9954006 -0.03746158
0.1200428 0.9916004 -0.04815085
0.1392374 0.9884276 -0.0602009
0.135876 0.9892069 -0.05484258
0.08159395 0.9960879 -0.03393571
0.09286419 0.9953417 -0.02591139
0.07793669 0.9966297 -0.02560016
0.08743113 0.9952238 -0.0434257
0.07212531 0.9973907 -0.003157526
0.1087178 0.9938415 -0.02144009
0.07581557 0.9964186 0.03744774
0.04843937 0.9937201 0.1008678
0.05124132 0.9922085 0.1135645
0.01472869 0.9982716 0.05689549
0.02289223 0.9936497 0.110166
0.003621893 0.9999875 0.003480874
0.02813132 0.9986822 0.04292781
0.05408153 0.9949379 0.08469916
0.03418754 0.9902553 0.1350034
-0.004255546 0.9730912 0.2303813
0.09531196 0.3047943 -0.9476372
0.05248605 0.3120041 -0.9486301
0.05474611 0.372777 -0.9263048
0.09343789 0.3100046 -0.9461326
0.0512299 0.2800379 -0.9586211
0.08467063 0.2818266 -0.9557222
0.197065 0.2462871 -0.9489511
0.160218 0.1360332 -0.9776632
0.1172141 0.003826081 -0.9930995
0.188688 -0.02586629 -0.9816965
0.1669662 -0.06767448 -0.9836375
-0.4312558 0.8856534 0.172153
-0.3390666 0.9127128 0.2280118
-0.3875824 0.9062368 0.1688639
-0.4701449 0.8724981 0.1330828
-0.5226836 0.8319384 0.1862272
-0.4418893 0.8916085 0.09883417
-0.5433375 0.8192675 0.183263
-0.4286313 0.9030299 0.02850185
-0.5420666 0.8180801 0.1921168
-0.3918208 0.9198504 0.01875948
-0.5380102 0.8141392 0.2184551
-0.4107893 0.9088721 0.07213803
-0.5046107 0.8153868 0.2837474
-0.115089 -0.9931154 0.02183476
-0.1192473 -0.9924063 0.03016846
-0.1080206 -0.9935854 0.03346506
-0.1073695 -0.9936359 0.0340543
-0.1217263 -0.9920349 0.03240184
-0.08839651 -0.9954283 0.03617562
-0.1177051 -0.9916868 0.05199225
-0.1382189 -0.9886092 0.05956212
-0.1303598 -0.9903231 0.04761063
-0.08576313 -0.9955682 0.03858731
-0.09687501 -0.9949499 0.02626943
-0.0805237 -0.9964243 0.0255918
-0.08947477 -0.9950223 0.04387493
-0.07459051 -0.9972107 0.002719184
-0.1092121 -0.993983 0.008415051
-0.0766867 -0.9963343 -0.03791183
-0.04862801 -0.9936606 -0.1013619
-0.0523771 -0.9923005 -0.1122347
-0.01561555 -0.998221 -0.05754293
-0.02289953 -0.9936848 -0.1098463
-0.003829074 -0.9999746 -0.006036445
-0.02741873 -0.9986099 -0.04501992
-0.05237766 -0.9948944 -0.08626687
-0.03298218 -0.9903089 -0.13491
0.004424348 -0.9738748 -0.2270428
0.2926475 -0.6591801 -0.6927042
0.3556721 -0.7235307 -0.5916088
0.355672 -0.7235307 -0.5916088
0.3013944 -0.6684943 -0.6799095
0.24319 -0.6081984 -0.7556146
0.2461289 -0.6103879 -0.7528927
0.2342135 -0.6031639 -0.762455
0.2330805 -0.6029891 -0.7629402
0.2589839 -0.5477557 -0.7955446
0.2552696 -0.5851312 -0.7697136
0.3162832 -0.6192489 -0.7186764
0.3306998 -0.4297518 -0.8402091
0.2671402 -0.8210588 -0.5044788
0.3457 -0.3619858 -0.8657124
0.2740834 -0.8149796 -0.5105749
0.2914577 -0.6245418 -0.724569
0.2203785 -0.4941872 -0.8409593
0.1922645 -0.6803261 -0.7072419
0.1612727 -0.5886391 -0.7921461
0.04293184 0.994928 0.09096888
0.1611357 0.7385594 0.6546491
0.1611358 0.7385595 0.6546491
0.1413492 0.8222995 0.5512207
0.05487836 0.995176 -0.08132359
0.1423231 0.9878824 0.06190927
-0.1156076 0.9862844 -0.1178058
-0.1360956 0.9588615 -0.2491239
-0.6197833 0.7241757 -0.3023877
-0.5631539 0.8214854 -0.08955254
-0.9849274 0.1605143 -0.06444482
-0.9777174 0.19224 0.08433642
-0.9325904 -0.2665522 0.2433622
-0.4773387 0.8656806 0.1508149
-0.9319649 0.2256119 0.283797
-0.9076254 -0.2820032 0.3109508
-0.8331892 -0.3532362 0.4254646
0.0552687 0.9939475 0.09494171
0.06118535 0.9944062 0.08609743
0.08087344 0.9964935 0.02145278
0.1094278 0.9936723 -0.02532142
0.1024441 0.9927754 -0.06246856
0.1343136 0.9849375 0.1088956
0.1023598 0.9903555 0.09337344
0.1600877 0.9859529 0.04763413
-0.4867179 0.8391675 0.2427008
-0.8901541 0.1592479 0.4269262
-0.5828474 0.794037 0.1726099
-0.9548823 0.06121991 0.290606
-0.8387333 -0.4135171 0.3543024
-0.9937375 -0.1102633 -0.01810776
0.09890045 0.9932324 0.06089752
-0.9562849 0.2909216 -0.02972917
0.1117545 0.9928932 0.04091701
0.08512565 0.9951636 0.04902305
-0.4786033 0.8780277 -0.002545738
-0.9526141 0.2223893 -0.207532
-0.9630537 -0.140162 -0.2299615
0.08271518 0.9953291 0.04978299
0.06858738 0.9975816 -0.0112693
-0.1544552 0.9879994 -0.001025829
-0.1273832 0.9883265 -0.08357341
-0.1881375 0.9775489 0.09488163
0.05253208 0.9962415 0.06887404
-0.1968731 0.9706104 0.1384076
0.02519178 0.9976744 0.06333607
-0.1649555 0.984974 0.05114699
-0.9287313 -0.1168487 -0.3518587
-0.7778385 -0.5595948 -0.2860437
0.1149032 0.992393 0.04419926
-0.03874445 0.9984214 0.0406663
-0.09729249 0.9943424 -0.04263082
-0.7985636 -0.1365092 -0.5862265
-0.6811489 -0.5857908 -0.4391871
0.1534702 0.9877725 -0.02743458
-0.2347655 -0.1333289 -0.9628649
-0.3418093 -0.643508 -0.6848826
0.5725886 -0.1451221 -0.8068964
0.324951 -0.628687 -0.7065124
0.9436455 -0.2902834 -0.1589613
0.515155 -0.7738613 -0.3684483
0.9176033 -0.2908814 0.2709102
0.3306572 -0.9361325 -0.1196752
0.8254215 0.4397982 0.3539165
0.316825 0.9330953 0.1701624
0.1094069 0.9761854 -0.18733
-0.3810992 0.9082139 -0.1729482
0.5032169 0.8177972 0.2792506
-0.2204776 0.9746848 0.03713899
-0.6574041 0.6710904 0.3427211
-0.4154513 0.8573666 0.303847
-0.4265777 0.6215955 0.6570014
-0.2650933 0.8267266 0.4962347
-0.1981922 0.6155412 0.7627773
0.357092 0.929354 -0.09373784
-0.09306213 0.8384348 0.5369979
-0.1067533 0.8719569 0.4778023
-0.03626078 0.9251076 -0.37797
-0.3271904 0.8536784 -0.4051911
0.07942115 0.9876943 0.1347316
0.01280267 0.9738012 0.2270404
-0.5723003 0.7718192 -0.2770699
-0.4826497 0.8665386 -0.127123
0.1347919 0.9905037 -0.02708862
0.1673644 0.9852844 -0.03470093
0.2174923 0.9755864 0.03047302
0.1198678 0.9926742 0.01516416
0.1854232 0.9820049 0.03584269
-0.09285597 0.9819218 0.164947
-0.2583153 0.9238654 0.2823938
-0.2472577 0.9534976 0.1723542
0.1302366 0.9899606 0.05492482
0.09855513 0.9944541 0.0367162
-0.03996821 0.9987846 0.02884674
-0.03190019 0.9994352 0.01057408
-0.2798601 0.9548932 0.09928477
0.1727969 0.9848545 -0.01424995
-0.06083547 0.9981117 0.008503422
-0.3192042 0.9473408 0.02558086
-0.05448188 0.9985095 0.003295533
-0.3349842 0.9422224 -0.001665317
0.08883765 0.9955727 -0.03070961
0.02776829 0.9991106 -0.03173323
-0.03681803 0.9962746 -0.07798586
0.3890262 -0.9056809 -0.1685257
0.3390666 -0.9127128 -0.2280118
0.4324362 -0.8854387 -0.170286
0.4692977 -0.8730307 -0.1325793
0.4431933 -0.8908321 -0.09998978
0.5220937 -0.8332189 -0.1821112
0.4280276 -0.903239 -0.03085338
0.5418355 -0.8210753 -0.1795821
0.3915067 -0.9199711 -0.01938978
0.5395586 -0.8204607 -0.1889999
0.4095524 -0.9094487 -0.07190321
0.5323811 -0.8181376 -0.2173047
0.4993869 -0.8198934 -0.2799779
-0.006771146 -0.4838491 -0.8751255
0.2927276 -0.4324146 -0.8528355
0.09782811 -0.6074582 -0.7883049
-0.3085029 -0.695213 -0.6492342
0.02448655 -0.9029079 -0.4291363
-0.4569326 -0.5064625 -0.7312376
-0.5426158 -0.7797901 -0.3122427
-0.01041265 -0.9081893 -0.4184303
-0.8259399 -0.5387599 -0.1660157
-0.4523996 -0.8807185 0.1402487
-0.2091474 -0.9197775 -0.3320647
-0.2166727 -0.8855737 0.410868
-0.6831576 -0.5566862 0.472648
-0.2564314 -0.5436539 0.7991769
-0.3580442 -0.904303 -0.2324668
-0.2007591 -0.6946746 0.6907412
-0.1752327 -0.9831766 -0.05155218
-0.2848552 -0.9470922 -0.1478983
-0.106996 -0.9268532 0.3598542
-0.39852 -0.8173657 0.4160473
-0.24778 -0.9312603 0.2671322
-0.4352896 -0.8497465 0.2974121
-0.1703481 -0.9806974 -0.09599153
0.003520111 -0.9979686 -0.0636109
-0.2044456 -0.9766286 -0.06632179
-0.0315184 -0.9994476 0.01055054
-0.3025087 -0.9345756 0.1872353
-0.3828929 -0.9155223 0.1233369
-0.1409071 -0.9873556 -0.0726233
-0.07900827 -0.9964885 -0.02772797
-0.1207817 -0.9926789 0.0008090936
-0.004018378 -0.9964319 -0.08430535
0.03619772 -0.9993448 0.0002673451
-0.05077948 -0.9741536 0.220106
-0.0995915 -0.9941038 0.04288704
-0.3056425 -0.947383 0.09512271
-0.5186829 -0.8532481 0.054184
-0.3388238 -0.9391554 0.05644355
-0.5056273 -0.8627492 -0.002282791
-0.3074091 -0.9510069 0.03295159
-0.1364135 -0.9897094 0.04320697
-0.1154093 -0.9927106 0.03473721
-0.1436405 -0.9895689 0.01100796
-0.1968338 -0.9804031 0.00815318
-0.2553164 -0.9657438 0.04639752
-0.1615192 -0.9857929 0.04608741
-0.2999788 -0.9485807 0.1010323
-0.1364963 -0.9904189 0.02096525
-0.3463734 -0.9373168 -0.03824909
-0.1259323 -0.9900592 -0.06264304
-0.2660104 -0.9598412 -0.08912645
-0.1160557 -0.9904039 -0.07504267
-0.187736 -0.9808411 -0.0520216
-0.1061906 -0.9933606 -0.04425489
-0.03641399 -0.9986358 -0.03742522
0.07869252 -0.8499195 0.5210035
-0.1208181 -0.9838203 -0.13229
0.2183064 -0.9184266 0.3299016
0.2747388 -0.9590339 0.0690867
0.2781091 -0.9590953 0.05283706
-0.03145662 -0.9528304 0.3018692
-0.4632401 -0.8001885 0.3809293
0.5056172 -0.8600288 0.06857105
-0.007007724 -0.9805455 0.1961678
-0.4996154 -0.8164713 0.2894122
0.03671369 -0.9682443 0.2472963
-0.4871708 -0.8419628 0.2318696
0.4280913 -0.7723841 0.469213
0.2794549 -0.5451509 0.7903897
0.3495157 -0.6896605 0.6341982
0.1770734 -0.4351242 0.8827866
0.1631011 -0.3165402 0.9344521
0.233706 -0.4752693 0.8482341
0.1665463 -0.2107507 0.963248
0.9455743 -0.3238854 -0.03142599
0.891898 -0.2852394 0.3509363
0.9667537 -0.04184238 0.2522626
0.4032295 -0.8067998 0.4318336
-0.04484712 -0.6320541 0.7736256
-0.1913283 -0.6745402 0.7130142
-0.1880564 -0.5395091 0.8207101
-0.1476702 -0.8988214 0.4126908
0.325106 -0.9452419 0.02870348
0.2680221 -0.9588948 -0.09319365
0.6557865 -0.6674632 -0.3527565
-0.1504647 -0.9706448 0.1876417
0.5781872 -0.7510988 -0.3186697
-0.2510625 -0.96486 -0.07754351
0.6022866 -0.7463847 -0.2831269
0.23023 -0.9510193 -0.2062922
-0.3221298 -0.8126956 -0.4855496
0.4275387 -0.8756468 -0.224619
0.7091888 -0.6403992 -0.2948563
-0.02794729 -0.9436442 -0.3297801
0.1195919 -0.5110931 -0.8511651
0.5396739 -0.839892 0.05773726
0.5965601 -0.594252 -0.5394263
0.146082 -0.7733566 -0.6169115
0.5785788 -0.5019829 -0.6428529
0.3772987 -0.8572641 0.3503488
0.4727488 -0.8774209 -0.08149436
0.377639 -0.5513954 -0.7438764
0.4172487 -0.6676461 -0.616565
0.3806454 -0.7139591 -0.5876834
0.4487203 -0.6348364 -0.6289937
0.05599539 -0.9742653 0.2183393
0.5170672 -0.8339365 -0.1928515
0.5329205 -0.793795 -0.2930619
0.5316933 -0.8330991 0.1524735
0.3418229 -0.7293753 0.5925951
0.4488286 -0.6090149 0.6539525
0.3718981 -0.5384548 0.756147
-0.1039751 -0.7603024 0.641194
-0.502259 -0.8548465 0.130282
-0.2384356 -0.9593153 -0.1512046
-0.4672981 -0.7086865 -0.5285794
-0.2339204 -0.8074151 -0.5416291
-0.1082167 -0.6097993 -0.7851332
0.2137732 -0.6930278 -0.6884865
0.2738781 -0.6274869 -0.7288697
-0.03948987 -0.3074577 0.9507421
-0.09458663 -0.3357425 0.9371929
-0.04527532 -0.4150663 0.9086641
-0.09079958 -0.2966182 0.9506698
-0.03626684 -0.2497724 0.9676252
-0.08087225 -0.2307991 0.9696348
-0.2009341 -0.1739395 0.9640387
-0.1834716 -0.1669226 0.9687492
-0.1742106 -0.1211566 0.9772266
-0.235524 -0.006972346 0.9718436
-0.2244524 -0.0005324392 0.974485
0.03685236 -0.9962701 -0.07802525
0.03685235 -0.9962701 -0.07802525
0.09749508 -0.9943209 -0.04267266
0.08290047 -0.9952404 -0.05122574
0.1749413 -0.9812243 0.08120847
0.1653116 -0.9849127 0.05117971
0.1988251 -0.9710671 0.132278
0.1972309 -0.9705194 0.1385362
0.1825656 -0.9799415 0.0799045
0.1884227 -0.977491 0.0949126
0.1454657 -0.9889238 -0.02948845
0.1546833 -0.9879637 -0.001014904
0.1275711 -0.9883017 -0.08357995
0.1275711 -0.9883017 -0.08357995
-0.474351 0.7224776 -0.5030084
-0.4955537 0.6707325 -0.5518556
-0.47503 0.630556 -0.6137962
-0.4291749 0.6877382 -0.5855129
-0.4369496 0.7937555 -0.4231162
-0.4454179 0.575065 -0.686224
-0.3815756 0.7624398 -0.5225762
-0.3822001 0.6368809 -0.6695567
-0.3009279 0.7052749 -0.6418955
-0.4750301 0.630556 0.6137961
-0.4955538 0.6707326 0.5518554
-0.4743511 0.7224777 0.5030082
-0.4291749 0.6877384 0.5855127
-0.4454181 0.5750653 0.6862236
-0.4369495 0.7937556 0.4231162
-0.3822002 0.6368811 0.6695564
-0.3815754 0.76244 0.5225762
-0.3009277 0.7052751 0.6418954
0.2683553 0.959102 -0.09005009
0.1880845 0.9807734 -0.05203681
0.1880845 0.9807734 -0.05203681
0.2665119 0.9596977 -0.08917363
0.3468042 0.9366192 -0.04971387
0.3470364 0.9370745 -0.03817502
0.3201185 0.9442235 0.07724263
0.3005824 0.9483624 0.1012883
0.2612305 0.962202 0.07698143
0.2558236 0.9656052 0.04648752
0.232436 0.9724954 -0.01505363
0.2328628 0.9723965 -0.01483734
0.2173456 0.9758313 -0.02267952
-0.1080205 -0.9935854 -0.03346483
-0.1192472 -0.9924063 -0.03016825
-0.115089 -0.9931154 -0.02183457
-0.1073696 -0.9936359 -0.03405406
-0.1217263 -0.9920349 -0.03240162
-0.08839659 -0.9954283 -0.03617548
-0.1194984 -0.9916529 -0.04842428
-0.1382189 -0.9886092 -0.05956184
-0.134474 -0.9894915 -0.05313698
-0.08321678 -0.9959746 -0.03331601
-0.09411116 -0.9952223 -0.02600167
-0.08326747 -0.996216 -0.02490803
-0.08947492 -0.9950223 -0.04387497
-0.07459036 -0.9972107 -0.002718784
-0.1084266 -0.9939161 -0.01935954
-0.07668681 -0.9963343 0.03791196
-0.04893691 -0.9937693 0.100139
-0.05237716 -0.9923005 0.1122348
-0.01561555 -0.998221 0.05754314
-0.02289955 -0.9936848 0.1098465
-0.003829075 -0.9999746 0.006036682
-0.02741873 -0.9986099 0.04502013
-0.05237769 -0.9948944 0.08626709
-0.03298219 -0.9903089 0.1349102
0.004424329 -0.9738747 0.2270429
0.1154815 0.9930856 0.02110238
0.1190709 0.9924574 0.02916849
0.1072691 0.9937047 0.03231682
0.1071787 0.9936827 0.03328123
0.1228141 0.9919065 0.03222211
0.08691711 0.9955902 0.03529556
0.1182366 0.9916012 0.05241532
0.1392373 0.9884276 0.06020063
0.1316387 0.9900773 0.04917711
0.08451103 0.9956793 0.03847986
0.09622664 0.994989 0.02715863
0.07793659 0.9966297 0.02560006
0.08743125 0.9952237 0.04342574
0.07212516 0.9973907 0.003157123
0.1093281 0.9939584 0.009706073
0.07581568 0.9964186 -0.03744787
0.04805942 0.9935835 -0.1023829
0.05124136 0.9922085 -0.1135646
0.01472869 0.9982716 -0.0568957
0.02289225 0.9936497 -0.1101662
0.003621895 0.9999875 -0.003481106
0.02813132 0.9986822 -0.04292801
0.05408156 0.9949379 -0.08469938
0.03418755 0.9902553 -0.1350036
-0.004255529 0.9730912 -0.2303815
0.473799 -0.713558 0.5160907
0.4859547 -0.6295654 0.6062142
0.5076621 -0.6576866 0.556532
0.4229072 -0.6952348 0.5812043
0.4153329 -0.7923506 0.4468549
0.456075 -0.5908571 0.6654952
0.3557457 -0.7720991 0.5266006
0.3773068 -0.6591319 0.6505265
0.2731724 -0.7340488 0.621731
0.473799 -0.7135581 -0.5160905
0.507662 -0.6576867 -0.5565317
0.4859547 -0.6295655 -0.606214
0.4229072 -0.695235 -0.5812041
0.4153331 -0.7923506 -0.4468545
0.456075 -0.590857 -0.6654951
0.3557458 -0.7720993 -0.5266004
0.377307 -0.6591319 -0.6505265
0.2731725 -0.7340488 -0.6217309
0.4324361 -0.8854389 0.1702861
0.3390668 -0.9127126 0.2280122
0.3890264 -0.9056807 0.1685261
0.4692974 -0.8730308 0.1325795
0.4431935 -0.8908319 0.0999903
0.522093 -0.8332195 0.1821108
0.4280273 -0.9032391 0.03085394
0.5418353 -0.8210754 0.1795817
0.3915063 -0.9199712 0.01939017
0.5395583 -0.8204609 0.1889997
0.4095519 -0.9094489 0.07190345
0.5323804 -0.818138 0.2173047
0.4993862 -0.819894 0.2799776
0.311724 -0.6605457 0.6830137
0.3556718 -0.7235306 0.591609
0.3556718 -0.7235306 0.5916089
0.3180149 -0.6697422 0.671053
0.235798 -0.6068278 0.7590518
0.2505949 -0.6106916 0.7511712
0.2153839 -0.6000496 0.7704222
0.2196186 -0.6007764 0.7686583
0.2608768 -0.5416556 0.799095
0.2592105 -0.5796226 0.7725593
0.3179596 -0.6188544 0.7182764
0.3306302 -0.4220839 0.8441144
0.2720226 -0.8205516 0.5026917
0.3440371 -0.3613361 0.8666458
0.2732991 -0.8150351 0.5109067
0.2897292 -0.6244059 0.7253788
0.2203787 -0.4941873 0.8409593
0.1922646 -0.680326 0.7072418
0.1612729 -0.5886391 0.7921461
-0.04484687 -0.6320536 -0.773626
-0.1880554 -0.5395091 -0.8207103
-0.1913276 -0.6745405 -0.7130142
0.3989073 -0.8044899 -0.4400786
0.8704773 -0.2987715 -0.3911585
-0.1476701 -0.8988218 -0.4126901
0.944149 -0.3295055 0.002964119
0.9526611 -0.0449215 -0.3006973
0.3251059 -0.945242 -0.02870336
0.268022 -0.9588949 0.09319402
0.6557863 -0.6674635 0.3527562
-0.1504645 -0.9706448 -0.1876415
0.578187 -0.7510987 0.3186702
-0.2510619 -0.9648601 0.07754344
0.6022869 -0.7463844 0.2831272
0.2302305 -0.9510192 0.2062925
-0.3221292 -0.8126957 0.4855499
0.4275392 -0.8756465 0.2246191
0.7091892 -0.6403989 0.2948561
-0.02794692 -0.9436441 0.32978
0.1195933 -0.5110919 0.8511655
0.5396737 -0.8398923 -0.05773667
0.5965597 -0.5942518 0.5394271
0.1460826 -0.7733564 0.6169116
0.57858 -0.5019832 0.6428517
0.3772992 -0.8572637 -0.3503489
0.4727482 -0.877421 0.08149605
0.3776386 -0.5513946 0.7438773
0.4172485 -0.667645 0.6165664
0.380646 -0.7139588 0.5876834
0.44872 -0.6348363 0.628994
0.0559957 -0.9742652 -0.2183395
0.5170674 -0.833936 0.1928527
0.5329207 -0.7937942 0.2930638
0.5316942 -0.8330994 -0.1524688
0.3418235 -0.7293766 -0.5925931
0.4488289 -0.6090152 -0.6539521
0.371898 -0.5384547 -0.7561472
-0.1039756 -0.7603032 -0.6411929
-0.5022585 -0.8548471 -0.1302799
-0.2384348 -0.9593154 0.1512054
-0.4672974 -0.7086865 0.5285798
-0.2339199 -0.807415 0.5416297
-0.108217 -0.6097985 0.7851339
0.2137727 -0.6930274 0.6884871
0.273877 -0.6274853 0.7288716
-0.4065827 0.5560835 -0.7248875
-0.4746017 0.4912361 -0.7303701
-0.4746017 0.491236 -0.7303702
-0.4209731 0.5430514 -0.7265515
-0.3602401 0.6105617 -0.7052954
-0.3608045 0.6044793 -0.710229
-0.3593737 0.6194325 -0.6979643
-0.3593765 0.6194252 -0.6979693
-0.4262706 0.5317975 -0.7317684
-0.4123686 0.5839157 -0.6992817
-0.4006371 0.6454772 -0.6502687
-0.5237619 0.3387233 -0.7816266
-0.1821983 0.9085094 -0.3760516
-0.5135874 0.2396048 -0.8239039
-0.1671916 0.8842448 -0.4360714
-0.3252315 0.62208 -0.7122087
-0.3199664 0.4080238 -0.8550664
-0.1818031 0.6776626 -0.7125457
-0.1977431 0.5305853 -0.8242434
-0.3123584 0.6674327 -0.6759925
-0.3576966 0.7299058 -0.5824868
-0.3576966 0.7299058 -0.5824868
-0.3188225 0.6765454 -0.6638063
-0.235153 0.6131088 -0.754189
-0.2500106 0.6171379 -0.7460803
-0.214597 0.605912 -0.766041
-0.2188476 0.6066248 -0.7642724
-0.2952517 0.5122874 -0.8064665
-0.2998671 0.573028 -0.762705
-0.3409064 0.6247432 -0.7024806
-0.3672162 0.3193084 -0.8736101
-0.2505846 0.8969898 -0.3641658
-0.3274128 0.2289194 -0.9167317
-0.2304393 0.8801482 -0.4150145
-0.2561689 0.6248395 -0.737532
-0.1669459 0.4307984 -0.8868721
-0.1285763 0.7048221 -0.6976347
-0.08503425 0.5698612 -0.8173296
-0.3875825 0.9062365 -0.1688643
-0.3390668 0.9127126 -0.2280122
-0.4312555 0.8856535 -0.1721531
-0.4711924 0.8724993 -0.1293173
-0.4418895 0.8916084 -0.09883469
-0.5226829 0.8319388 -0.1862269
-0.5433373 0.8192677 -0.1832627
-0.5420662 0.8180804 -0.1921166
-0.5380095 0.8141396 -0.2184552
-0.4762493 0.8661875 -0.151348
-0.4458292 0.8919091 -0.07572792
-0.3993278 0.9133047 -0.08007473
-0.3716699 0.9265266 -0.05839669
-0.3917534 -0.8738555 -0.287934
-0.384456 -0.5933846 -0.7071693
-0.4825481 0.1345809 -0.8654684
-0.07508856 -0.9934482 -0.0861541
-0.06722215 -0.9952627 -0.07023882
-0.1992423 -0.9566758 -0.2123065
-0.1203794 -0.9856423 -0.1183992
-0.4796388 -0.856943 -0.1886677
0.07644053 -0.9666529 -0.244416
0.07644054 -0.9666529 -0.2444161
0.07835089 -0.9314723 -0.3552755
0.07764749 -0.9483858 -0.3074664
0.05012187 -0.893482 -0.4462935
0.05984473 -0.8990784 -0.4336783
0.03389968 -0.8731943 -0.486192
0.0346529 -0.8684109 -0.4946332
0.05493514 -0.8248264 -0.5627111
0.05623035 -0.8348531 -0.5475935
0.1138793 -0.8645868 -0.4894093
0.1283145 -0.7536207 -0.6446639
0.07486203 -0.9569086 -0.2805742
0.1544499 -0.7085291 -0.6885724
0.06783452 -0.9634479 -0.2591655
0.07773316 -0.8637276 -0.4979281
0.0110124 -0.775409 -0.6313635
-0.01998003 -0.8910578 -0.4534502
-0.04918576 -0.8312294 -0.5537497
0.414487 -0.5337828 -0.7370729
0.4873221 -0.4440738 -0.7518748
0.4873221 -0.4440739 -0.7518748
0.4300518 -0.5157778 -0.7409648
0.3625184 -0.6048338 -0.7090533
0.3632078 -0.598437 -0.7141103
0.3613819 -0.6141092 -0.7016218
0.3613286 -0.6140937 -0.7016628
0.3843925 -0.5600132 -0.7339128
0.361874 -0.5914157 -0.7206074
0.3900425 -0.6246741 -0.6764979
0.4632636 -0.4425376 -0.7678199
0.2548634 -0.8225262 -0.5084246
0.5017822 -0.3646547 -0.7843734
0.2509017 -0.8246938 -0.5068814
0.3606738 -0.6232627 -0.6938719
0.3421814 -0.4724041 -0.8122478
0.2430837 -0.6672413 -0.7040594
0.252164 -0.561754 -0.7879377
-0.07327391 0.9621252 -0.2625759
-0.0732739 0.9621252 -0.2625759
-0.07693627 0.9303378 -0.3585424
-0.07541063 0.9456007 -0.3164692
-0.04971802 0.8957502 -0.4417692
-0.05941561 0.9014115 -0.4288676
-0.03346299 0.8756847 -0.4817228
-0.03417646 0.8710491 -0.4900057
-0.09617525 0.8001343 -0.5920604
-0.1069395 0.8245378 -0.5556093
-0.1337582 0.8696771 -0.4751534
-0.1708935 0.6481178 -0.7421179
-0.07001232 0.995542 -0.06320404
-0.1278964 0.565258 -0.8149393
-0.03161103 0.9927189 -0.1162335
-0.03699768 0.8626149 -0.5045065
0.0507512 0.7125361 -0.6997977
0.09280317 0.8996627 -0.4266085
0.1366196 0.8042614 -0.5783588
-0.3917538 -0.8738553 0.2879344
-0.4825479 0.1345807 0.8654685
-0.3844559 -0.5933844 0.7071696
-0.07508864 -0.9934482 0.08615445
-0.06722229 -0.9952627 0.07023926
-0.1992426 -0.9566756 0.212307
-0.1203797 -0.9856423 0.1183997
-0.4796394 -0.8569426 0.188668
-0.01204052 0.5457991 -0.8378297
-0.07156103 0.9867234 -0.1457956
-0.5104915 -0.1859943 -0.8395264
0.4381768 0.886081 0.1512004
0.1912447 0.9798535 0.05755793
-0.3089631 0.9413167 -0.1358856
0.2513894 0.9619763 0.1067952
-0.04884799 0.9985337 -0.02333728
0.127571 -0.9883017 0.08357989
0.127571 -0.9883017 0.08357988
0.154683 -0.9879638 0.001015137
0.1454655 -0.9889238 0.02948856
0.1884224 -0.9774911 -0.09491231
0.1825653 -0.9799415 -0.07990416
0.1972306 -0.9705195 -0.1385356
0.1988248 -0.9710672 -0.1322776
0.1653114 -0.9849127 -0.05117923
0.174941 -0.9812243 -0.08120795
0.09749537 -0.9943208 0.04267296
0.08290088 -0.9952404 0.05122603
0.03685306 -0.9962701 0.07802557
0.03685306 -0.9962701 0.07802558
1.468709E-06 0.001681614 0.9999987
1.468709E-06 0.001681614 0.9999987
1.468709E-06 0.001681614 0.9999987
1.468709E-06 0.001681614 0.9999987
5.723474E-06 0.001654989 0.9999988
5.723474E-06 0.001654989 0.9999988
5.723474E-06 0.001654989 0.9999988
5.723475E-06 0.001654989 0.9999988
-3.759435E-06 0.001647867 0.9999988
-3.759435E-06 0.001647867 0.9999988
-3.759435E-06 0.001647867 0.9999988
-3.759435E-06 0.001647867 0.9999988
1.101118E-06 0.001676477 0.9999987
1.101118E-06 0.001676477 0.9999987
1.101118E-06 0.001676477 0.9999987
1.101118E-06 0.001676477 0.9999987
1.287165E-06 0.001672548 -0.9999988
1.287165E-06 0.001672548 -0.9999988
1.287165E-06 0.001672547 -0.9999988
1.287165E-06 0.001672548 -0.9999988
5.517884E-06 0.001646066 -0.9999988
5.517884E-06 0.001646066 -0.9999988
5.517884E-06 0.001646066 -0.9999988
5.517885E-06 0.001646066 -0.9999988
-3.912932E-06 0.001638986 -0.9999988
-3.912932E-06 0.001638986 -0.9999988
-3.912932E-06 0.001638985 -0.9999988
-3.912933E-06 0.001638986 -0.9999988
-0.07780949 0.9338936 0.3489823
-0.07578835 0.9687432 0.2362051
-0.07578835 0.9687432 0.2362051
-0.07706033 0.9507205 0.3003205
-0.04971786 0.8957502 0.4417691
-0.05941551 0.9014115 0.4288674
-0.03364539 0.8753211 0.4823703
-0.03444497 0.8705216 0.4909236
-0.1012827 0.7948692 0.5982684
-0.1113598 0.8243305 0.5550482
-0.122935 0.8621801 0.4914598
-0.1705357 0.6337165 0.7545339
-0.05013804 0.9958767 0.07560357
-0.121692 0.5531705 0.8241322
-0.01678259 0.9924906 0.1211647
-0.02308476 0.8587517 0.5118721
0.05075113 0.7125362 0.6997976
0.09280307 0.8996629 0.4266082
0.1366196 0.8042615 0.5783587
0.07744043 -0.927754 0.3650695
0.07381994 -0.9595671 0.2716283
0.07381993 -0.9595671 0.2716283
0.07593019 -0.9429629 0.324123
0.05012202 -0.893482 0.4462936
0.05984483 -0.8990784 0.4336783
0.03379049 -0.8735691 0.4855258
0.0344939 -0.8689548 0.4936882
0.054503 -0.8301991 0.5547964
0.05637876 -0.83895 0.5412806
0.114363 -0.8714145 0.4770303
0.1221835 -0.7640629 0.6334661
0.08695804 -0.9599214 0.2664383
0.1446478 -0.7141084 0.684928
0.07432347 -0.9644926 0.253437
0.0802977 -0.8668289 0.4920977
0.01101232 -0.7754089 0.6313636
-0.01998011 -0.8910576 0.4534505
-0.04918576 -0.8312293 0.55375
0.4094761 -0.5478782 0.7294923
0.4780203 -0.479995 0.7355961
0.4780203 -0.479995 0.7355961
0.4241622 -0.5340723 0.7313368
0.3625184 -0.6048337 0.7090535
0.3632078 -0.5984368 0.7141105
0.3614601 -0.6141441 0.701551
0.3614572 -0.6141515 0.7015461
0.3872987 -0.5544931 0.7365714
0.3693847 -0.5834046 0.7233217
0.392923 -0.6265519 0.6730858
0.4670214 -0.4342167 0.7702901
0.2617866 -0.8238002 0.5028133
0.5018598 -0.3647048 0.7843004
0.2509251 -0.8247058 0.5068504
0.3607516 -0.6232887 0.6938081
0.3421813 -0.4724039 0.812248
0.2430836 -0.667241 0.7040598
0.252164 -0.5617537 0.7879381
0.232863 0.9723964 0.01483748
0.2324362 0.9724953 0.01505377
0.2173456 0.9758313 0.02267993
0.2558239 0.9656052 -0.04648782
0.2612307 0.9622019 -0.07698184
0.3005825 0.9483624 -0.1012887
0.3201185 0.9442235 -0.0772429
0.3470363 0.9370745 0.03817484
0.3468042 0.9366193 0.04971369
0.2665119 0.9596977 0.08917341
0.2683552 0.9591021 0.09004989
0.1880845 0.9807734 0.05203668
0.1880845 0.9807734 0.05203667
-0.4112628 0.5422605 0.7326777
-0.4831857 0.4560629 0.7473543
-0.4831857 0.4560629 0.7473543
-0.4264188 0.5251776 0.736448
-0.3602402 0.6105619 0.7052952
-0.3608045 0.6044794 0.7102289
-0.3594517 0.6194679 0.6978927
-0.3595048 0.6194833 0.6978518
-0.4222108 0.5408148 0.7275009
-0.4014472 0.5972651 0.6943449
-0.3956524 0.6430588 0.6556941
-0.5193943 0.3525127 0.7784372
-0.1711802 0.9076355 0.3832694
-0.5133434 0.2393859 0.8241196
-0.1669959 0.8842258 0.436185
-0.3249913 0.6219887 0.7123981
-0.3199665 0.408024 0.8550662
-0.1818032 0.6776629 0.7125453
-0.1977431 0.5305856 0.8242432
-0.2932972 0.6661423 0.6857343
-0.3576969 0.729906 0.5824865
-0.3576969 0.729906 0.5824865
-0.3022115 0.6753788 0.6727049
-0.2425572 0.6144686 0.7507294
-0.2455567 0.6168469 0.7477981
-0.2335949 0.6090251 0.7579724
-0.2325246 0.6088505 0.7584415
-0.2912916 0.5216702 0.8018789
-0.2923266 0.5814532 0.759248
-0.3400202 0.6258755 0.701902
-0.3680209 0.332186 0.8684546
-0.2448374 0.897895 0.3658409
-0.3329346 0.2313909 0.9141186
-0.2338876 0.8796567 0.4141268
-0.2610836 0.6252058 0.7354953
-0.1669458 0.4307986 0.8868719
-0.1285764 0.704822 0.6976348
-0.08503431 0.5698613 0.8173295
-0.01204029 0.5457996 0.8378295
-0.5104914 -0.1859934 0.8395268
-0.07156142 0.9867232 0.1457958
0.438177 0.8860809 -0.1512007
0.1912444 0.9798535 -0.05755809
0.2513898 0.9619762 -0.106796
-0.3089639 0.9413164 0.1358856
-0.04884777 0.9985337 0.0233367
-0.06763929 0.9880646 -0.1383967
-0.01741681 0.9935806 -0.1117788
0.3106647 0.9399403 -0.1414209
-0.4060271 0.9094556 0.08962486
0.5861805 0.7947777 0.1572289
-0.7616132 0.6365675 -0.1213561
0.1767265 0.9738114 -0.1430363
-0.1866517 0.5580791 0.8085228
-0.5706472 0.781974 -0.2507558
-0.6578479 0.3430346 -0.6704951
-0.560676 0.6123278 -0.5574023
-0.3168668 0.4227652 -0.8490379
-0.3473652 0.6606349 -0.6655068
-0.08660261 0.5245495 -0.8469639
-0.2142635 0.9738269 0.07584523
-0.8865935 0.1732659 0.4288717
-0.1992141 0.7702985 -0.6057675
-0.2365037 0.7328041 -0.638016
-0.6631265 0.7321582 0.1555889
-0.9803336 0.1192535 -0.1572407
-0.787158 0.5996806 -0.1441026
-0.01605232 0.9986084 -0.05023823
-0.8221672 0.1736328 -0.5421188
-0.2749519 0.9518265 -0.1357499
-0.206445 0.9540132 -0.2173464
-0.6680644 0.5942644 -0.447817
-0.4493173 0.8497953 -0.2756124
-0.3203488 0.5537202 -0.7686163
-0.2722344 0.7905683 -0.5485348
-0.3621013 0.8849308 -0.292883
-0.2582372 0.9288714 -0.2655403
-0.3950821 0.9153762 0.07743811
-0.3649642 0.826458 0.4286823
-0.04188059 0.9272149 0.3721813
0.09433296 0.9939637 0.05601545
0.3107416 0.9463815 0.08832871
0.3503444 0.936568 0.009966984
-0.02843886 0.9982759 -0.05135071
0.2975357 0.936948 0.1833056
-0.05440111 0.9974347 0.04652916
0.2915299 0.876578 0.3829119
0.1031873 0.9528911 0.285221
-0.5967928 0.6024421 -0.5300018
-0.6889025 0.1516944 -0.7088034
-0.6016892 0.1526293 -0.7840118
-0.05030277 0.9914308 0.1205605
-0.2602429 0.9580047 -0.1204197
-0.5061237 0.695487 -0.5100361
-0.4807741 0.6977749 -0.5310052
-0.4326291 0.8079688 -0.4000232
0.2137695 -0.6126348 0.7609083
0.1453949 -0.6995456 0.6996403
0.1672291 -0.687205 0.706954
0.109872 -0.7393106 0.6643406
0.1199482 -0.7437761 0.6575786
0.2002332 -0.6372979 0.7441494
0.1897799 -0.7400338 0.6452392
0.1962523 -0.7396245 0.6437709
0.1421136 -0.7926151 0.5929295
0.1075609 -0.8768532 0.4685714
0.08578862 -0.8830349 0.4613999
0.05474609 0.3727772 0.9263046
0.05248607 0.3120044 0.94863
0.09657321 0.2757999 0.9563515
0.05122993 0.2800382 0.958621
0.09273963 0.2501585 0.9637532
0.08438043 0.2873348 0.9541063
0.1746666 0.002597669 0.9846243
0.1498335 0.1125796 0.982281
0.1431435 0.05329027 0.9882663
0.1676241 -0.07070991 0.983312
0.1669662 -0.06767429 0.9836375
-0.2178286 0.5975822 0.7716519
-0.1681206 0.6837598 0.7100762
-0.2437024 0.56535 0.7880284
-0.1387456 0.7001515 0.700384
-0.09664728 0.7472145 0.6575181
-0.09750635 0.7658381 0.635598
-0.1857662 0.7519516 0.632503
-0.1315092 0.8302907 0.5415928
-0.1942615 0.7698602 0.6079293
-0.1294047 0.8553194 0.5016805
-0.1404295 0.8612369 0.4884168
-0.5061245 0.6954864 0.5100362
-0.2602434 0.9580046 0.1204188
-0.43263 0.807969 0.4000218
-0.4807752 0.6977748 0.5310043
-0.6016896 0.1526277 0.7840117
-0.05030286 0.9914308 -0.1205605
0.1031864 0.9528915 -0.2852204
-0.5967929 0.6024418 0.5300021
-0.6889026 0.1516929 0.7088037
-0.8221676 0.173631 0.5421188
-0.05440097 0.9974347 -0.04652933
0.2915297 0.8765782 -0.3829117
0.2975362 0.9369479 -0.1833062
-0.668065 0.5942637 0.4478166
-0.02843861 0.9982759 0.05135003
-0.01605255 0.9986084 0.05023805
0.3503456 0.9365677 -0.009967295
0.3107421 0.9463814 -0.08832876
-0.7871593 0.599679 0.1441023
-0.9803339 0.1192523 0.1572401
-0.6631267 0.732158 -0.1555886
-0.8865933 0.1732659 -0.4288721
0.0943335 0.9939637 -0.05601492
-0.0418802 0.9272147 -0.3721816
-0.2749523 0.9518263 0.1357504
-0.2064452 0.9540132 0.2173463
-0.3649643 0.8264571 -0.4286838
-0.214263 0.9738271 -0.07584443
-0.1866537 0.5580791 -0.8085224
-0.1992142 0.7702984 0.6057675
0.1767255 0.9738113 0.143038
0.5861791 0.7947789 -0.157228
-0.3473648 0.6606348 0.665507
-0.06763902 0.9880647 0.1383958
0.3106634 0.9399409 0.1414199
-0.01741828 0.9935811 0.1117747
-0.4060273 0.9094555 -0.08962624
-0.7616126 0.6365681 0.1213571
-0.5706471 0.781974 0.2507563
-0.657847 0.3430346 0.6704958
-0.5606754 0.6123276 0.557403
-0.3168664 0.4227652 0.8490379
-0.08660243 0.5245497 0.8469639
-0.2365039 0.7328041 0.638016
-0.4493177 0.8497956 0.2756108
-0.3203497 0.5537208 0.7686154
-0.2722344 0.790569 0.5485338
-0.3621017 0.8849312 0.2928807
-0.3950817 0.9153764 -0.07743891
-0.2582367 0.9288718 0.2655393
-0.1656797 -0.1000421 -0.9810923
-0.1872087 -0.1451917 -0.971531
-0.2244524 -0.0005325887 -0.974485
-0.2141614 0.03396988 -0.9762076
-0.09100445 -0.3795612 -0.92068
-0.1285088 0.2267745 -0.965432
-0.09758385 -0.2696565 -0.9579995
-0.0452753 -0.4150666 -0.908664
-0.0880476 -0.1835819 -0.9790534
-0.03948989 -0.3074582 -0.950742
-0.03626689 -0.2497729 -0.9676251
0.1098718 -0.7393105 -0.6643406
0.167229 -0.6872049 -0.7069542
0.1199482 -0.7437761 -0.6575788
0.1453947 -0.6995456 -0.6996404
0.2137695 -0.6126345 -0.7609085
0.1897796 -0.740034 -0.6452391
0.200233 -0.6372978 -0.7441496
0.1962524 -0.7396246 -0.6437708
0.1075611 -0.8768533 -0.4685714
0.142114 -0.7926148 -0.5929297
0.08578891 -0.8830349 -0.4614
-0.09664756 0.7472145 -0.6575181
-0.1622014 0.6935504 -0.7019108
-0.1063588 0.7593754 -0.6419012
-0.1387458 0.7001517 -0.7003838
-0.2178286 0.5975824 -0.7716517
-0.1826281 0.7644811 -0.6182362
-0.2059638 0.6264367 -0.7517686
-0.2090217 0.748844 -0.6289219
-0.1404295 0.8612368 -0.4884168
-0.1894559 0.7498859 -0.6338596
-0.1294047 0.8553194 -0.5016806
4
-0.3286311 0.3902915 0.8600432 1
-0.3286312 0.3902915 0.8600432 1
-0.3286312 0.3902915 0.8600432 1
-0.8653198 0.4616089 -0.1952918 -1
-0.8653198 0.4616089 -0.1952918 -1
-0.8653198 0.461609 -0.1952918 -1
0.1441204 -0.9835436 -0.1089559 -1
0.1441204 -0.9835436 -0.1089559 -1
0.1441204 -0.9835436 -0.1089559 -1
-0.1290784 -0.9913847 -0.02225667 -1
0.06404264 -0.9979473 1.189646E-07 -1
-0.1961505 -0.980574 1.168935E-07 -1
-0.01176856 -0.9999309 1.19201E-07 -1
0.01390498 -0.9973706 0.07112435 -1
0.01514255 -0.9973814 -0.07071841 -1
-0.01171043 -0.9999316 1.192011E-07 -1
0.1441275 -0.9835423 -0.1089586 -1
0.08621689 -0.9922127 -0.08989308 -1
-0.1961496 -0.9805742 1.168935E-07 -1
-0.8653198 0.461609 0.1952919 1
-0.8653198 0.461609 0.1952919 1
-0.8653198 0.461609 0.1952919 1
0.1441204 -0.9835436 0.1089565 1
0.1441204 -0.9835435 0.1089573 1
0.1441204 -0.9835436 0.1089565 1
-0.1290784 -0.9913847 0.02225743 1
0.0640426 -0.9979473 1.189646E-07 1
-0.1961506 -0.980574 1.168935E-07 1
-0.01176866 -0.9999309 1.19201E-07 1
0.01390488 -0.9973707 -0.07112368 1
0.01514268 -0.9973814 0.07071907 1
-0.01171034 -0.9999316 1.192011E-07 1
0.1441298 -0.9835422 0.1089564 1
0.08621794 -0.9922127 0.08989227 1
-0.1961496 -0.9805742 1.168935E-07 1
0.05175209 0.1015144 -0.9934871 -1
0.05175209 0.1015144 -0.9934871 -1
0.05175209 0.1015144 -0.9934871 -1
-0.02460665 0.4292349 -0.9028579 -1
-0.02460665 0.4292349 -0.9028579 -1
-0.02460664 0.4292348 -0.9028579 -1
0.2970638 0.3059577 -0.9045127 -1
0.2970638 0.3059577 -0.9045127 -1
0.2970638 0.3059577 -0.9045127 -1
0.9635379 -0.2503338 -0.09448639 -1
0.9635379 -0.2503338 -0.0944864 -1
0.9635379 -0.2503338 -0.0944864 -1
0.9039088 -0.2289391 -0.3612974 -1
0.9039088 -0.2289391 -0.3612974 -1
0.9039088 -0.2289391 -0.3612975 -1
0.5937613 -9.592071E-08 -0.8046414 -1
0.5937613 -9.592071E-08 -0.8046414 -1
0.5937613 -9.592071E-08 -0.8046414 -1
0.7525961 0.6432022 -0.1410324 -1
0.7525961 0.6432022 -0.1410323 -1
0.7525961 0.6432023 -0.1410323 -1
0.9649208 -0.1072381 -0.2396413 -1
0.9649208 -0.1072381 -0.2396413 -1
0.9649208 -0.1072381 -0.2396413 -1
0.9649107 -0.0967484 -0.2441045 -1
0.9649107 -0.0967484 -0.2441045 -1
0.9649107 -0.09674839 -0.2441045 -1
0.4237844 -0.7127493 -0.5589235 -1
0.4237844 -0.7127493 -0.5589235 -1
0.4237844 -0.7127493 -0.5589236 -1
0.9328257 -0.1469416 -0.3290052 -1
0.9328257 -0.1469416 -0.3290052 -1
0.9328257 -0.1469416 -0.3290052 -1
0.4629188 0.2642343 -0.8461007 -1
0.4629188 0.2642343 -0.8461007 -1
0.4629188 0.2642343 -0.8461007 -1
-0.09386161 0.618068 -0.7805012 -1
-0.09386162 0.6180681 -0.7805012 -1
-0.09386161 0.6180681 -0.7805012 -1
-0.09431998 0.6282138 -0.7723028 -1
-0.09431995 0.6282137 -0.7723028 -1
-0.09431995 0.6282138 -0.7723027 -1
-0.6835153 -0.08504679 -0.7249649 -1
-0.6835153 -0.08504679 -0.7249649 -1
-0.6835153 -0.08504679 -0.7249649 -1
0 -1.192093E-07 -1 -1
-0.9904923 -0.1375684 1.639943E-08 -1
0 -1.192093E-07 -1 -1
-0.3286305 0.3902959 -0.8600416 -1
-0.3286304 0.3902959 -0.8600415 -1
-0.3286305 0.3902959 -0.8600416 -1
-0.6835158 -0.08503603 0.7249655 1
-0.6835158 -0.08503603 0.7249655 1
-0.6835158 -0.08503607 0.7249655 1
0 -1.192093E-07 -1 1
-0.9900181 -0.1409401 1.680137E-08 1
0 -1.192093E-07 -1 1
-0.02460668 0.4292312 0.9028595 1
-0.02460668 0.4292312 0.9028595 1
-0.02460668 0.4292311 0.9028595 1
-0.09431972 0.6282166 0.7723004 1
-0.09431972 0.6282166 0.7723004 1
-0.09431974 0.6282166 0.7723003 1
0.05175206 0.1015218 0.9934864 1
0.05175207 0.1015218 0.9934864 1
0.05175206 0.1015218 0.9934864 1
0.46292 0.2642372 0.8460993 1
0.4629201 0.2642371 0.8460993 1
0.4629201 0.2642371 0.8460993 1
0.297064 0.3059616 0.9045113 1
0.297064 0.3059616 0.9045113 1
0.2970641 0.3059616 0.9045113 1
-0.09386135 0.6180711 0.7804987 1
-0.09386136 0.6180711 0.7804987 1
-0.09386136 0.6180711 0.7804987 1
0.9635397 -0.2503274 0.09448635 1
0.9635397 -0.2503274 0.09448634 1
0.9635397 -0.2503274 0.09448635 1
0.4237843 -0.7127491 0.5589239 1
0.4237843 -0.7127491 0.5589238 1
0.4237843 -0.7127491 0.5589238 1
0.9039103 -0.2289322 0.3612979 1
0.9039102 -0.2289322 0.3612979 1
0.9039103 -0.2289322 0.361298 1
0.9328257 -0.1469415 0.3290052 1
0.9328257 -0.1469415 0.3290052 1
0.9328257 -0.1469415 0.3290052 1
0.7525998 0.6431978 0.1410327 1
0.7525998 0.6431978 0.1410327 1
0.7525998 0.6431978 0.1410327 1
0.9649107 -0.09674835 0.2441045 1
0.9649107 -0.09674834 0.2441045 1
0.9649107 -0.09674834 0.2441045 1
0.5937579 9.592101E-08 0.8046439 1
0.5937579 9.592101E-08 0.8046439 1
0.5937579 9.592101E-08 0.8046439 1
0 -1.192093E-07 -1 1
0.9995373 -0.03041529 3.625784E-09 1
0.9995373 -0.03041529 3.625784E-09 1
0.9995369 -0.03043083 3.627637E-09 -1
0.9995369 -0.03043083 3.627637E-09 -1
0 -1.192093E-07 -1 -1
0.9649208 -0.1072381 0.2396413 1
0.9649208 -0.1072381 0.2396413 1
0.9649208 -0.1072381 0.2396413 1
0.7460942 0.5171274 -0.4194315 -1
0.7116627 0.5575337 -0.4274256 -1
0.7354053 0.5501422 -0.3956296 -1
0.7439739 0.5077497 -0.4343884 -1
0.6982284 0.5603828 -0.4454754 -1
0.8131725 0.3754625 -0.444723 -1
0.8159114 0.3481869 -0.4615784 -1
0.9423052 0.1318235 -0.307707 -1
0.9057468 0.2113003 -0.3673894 -1
0.9156392 0.1644072 -0.3668452 -1
0.8597603 0.2058903 -0.4673557 -1
0.789129 0.3815792 -0.4813242 -1
0.656131 0.4559147 -0.6013602 -1
0.5701329 0.4531358 -0.6852857 -1
0.9164677 0.08895244 -0.3900956 -1
0.8539214 0.1924495 -0.4835097 -1
0.9656678 -0.05888172 -0.2530188 -1
0.9995974 -3.382487E-09 -0.02837436 -1
0.990481 -0.01676787 -0.1366248 -1
0.7672669 0.2664154 -0.5833733 -1
0.9190359 0.04739809 -0.3913137 -1
0.9940233 -1.301397E-08 -0.1091691 -1
0.9787979 -0.06966043 -0.1926196 -1
0.9521758 0.1225895 -0.2798803 -1
0.9536232 0.06304 -0.2943276 -1
0.8964649 0.3166558 -0.3099674 -1
0.8801003 0.3322847 -0.3391318 -1
0.57292 0.7236584 -0.3848135 -1
0.5219244 0.7510623 -0.404352 -1
0.1529009 0.9430622 -0.2953899 -1
0.1560375 0.9372613 -0.3117592 -1
0.2794819 0.9599804 -0.01810094 -1
0.2295616 0.9722606 -0.04484413 -1
0.6384557 0.7656293 -0.07865303 -1
0.5858795 0.8065065 -0.07932552 -1
0.8496938 0.5261397 0.03460304 -1
0.8577979 0.5110428 0.05493661 -1
0.8762383 0.4749183 0.08160395 -1
0.9172541 0.3184284 0.2392662 -1
0.6998386 0.5681147 -0.43298 -1
0.7469501 0.5661882 -0.3485635 -1
0.7397003 0.3220312 -0.5908802 -1
0.8233542 0.3730909 -0.4276577 -1
0.9058673 0.1236002 -0.4051268 -1
0.6684722 0.1327571 -0.7317927 -1
0.8800639 0.1032172 -0.4635017 -1
0.9722962 0.04019431 -0.2302704 -1
0.8998444 0.1428698 -0.4121509 -1
0.7465598 0.1249828 -0.6534737 -1
0.931649 0.09847935 -0.3497598 -1
0.9124134 0.1319959 -0.3874002 -1
0.9019142 0.1001932 -0.4201334 -1
0.9564862 0.05529416 -0.2864904 -1
0.9298511 0.1045175 -0.352779 -1
0.8888511 0.1523067 -0.4321416 -1
0.9262155 0.07708584 -0.3690294 -1
0.8609364 0.1149749 -0.4955495 -1
0.963881 0.04863161 -0.261856 -1
0.905867 0.1404373 -0.3996029 -1
0.8820345 0.206138 -0.4237008 -1
0.9152253 0.1665952 -0.3668907 -1
0.9383685 0.05883304 -0.3405924 -1
0.9377911 0.1709996 -0.3021705 -1
0.9485256 0.0829677 -0.3056397 -1
0.946808 0.1454118 -0.2870714 -1
0.9692698 0.04114387 -0.2425356 -1
0.9572695 0.05502918 -0.2839135 -1
0.9467273 0.05213477 -0.3177885 -1
0.9271313 0.08880165 -0.3640631 -1
0.9465969 0.06342995 -0.3161186 -1
0.941069 0.07070175 -0.3307423 -1
0.9247265 0.07119836 -0.3739139 -1
0.9220202 0.07891166 -0.3790141 -1
0.9060599 0.1477176 -0.3965288 -1
0.951247 0.0593802 -0.30266 -1
0.9433631 0.0665075 -0.3250276 -1
0.9158826 0.0771125 -0.3939705 -1
0.9488394 0.06428897 -0.3091452 -1
0.915533 0.08734781 -0.3926445 -1
0.945756 0.06767292 -0.3177515 -1
0.9761831 0.03752664 -0.2136782 -1
0.8636391 0.1093351 -0.4921112 -1
0.9425426 0.06585975 -0.3275304 -1
0.9608021 0.05213669 -0.2722885 -1
0.9829832 0.02639768 -0.1817885 -1
0.9937808 0.01028815 -0.1108779 -1
0.9907337 -1.619084E-08 -0.1358186 -1
0.9835407 -2.153952E-08 -0.1806866 -1
0.9472426 0.05764741 -0.3152906 -1
0.980373 0.04420686 -0.1921313 -1
0.9624496 0.04605258 -0.2675257 -1
0.9340712 -0.01407821 -0.356809 -1
0.9466175 0.04473823 -0.3192395 -1
0.8559815 0.2666664 -0.4429275 -1
0.8531582 0.2887762 -0.4344301 -1
0.812694 0.2881474 -0.506458 -1
0.7872003 0.345569 -0.5107816 -1
0.9909576 -0.058894 -0.1205593 -1
0.9967306 -0.02573236 -0.07659074 -1
0.9701468 -0.04877098 -0.2375639 -1
0.9305136 -0.01351365 -0.3660081 -1
0.8496715 -0.1753336 -0.4973093 -1
0.9459863 0.09138525 -0.3110608 -1
0.9487937 0.0498838 -0.3119327 -1
0.9373652 -0.05124791 -0.344558 -1
0.9331689 0.08388982 -0.3495116 -1
0.9535066 0.04628566 -0.2977965 -1
0.9213059 0.09768789 -0.3763678 -1
0.921605 0.1193409 -0.3693265 -1
0.9129206 0.01746889 -0.4077634 -1
0.8895327 -0.1313071 -0.4375956 -1
0.7384075 -0.3024357 -0.6027331 -1
0.9169241 0.1764971 -0.3579091 -1
0.9516204 -0.07254395 -0.2985901 -1
0.8439478 0.4534339 -0.286618 -1
0.95599 0.1217202 -0.2669598 -1
0.9076475 0.3567003 -0.2212258 -1
0.945701 -0.04001194 -0.3225657 -1
0.9456834 0.06024875 -0.3194576 -1
0.2547145 0.9668701 -0.01682439 -1
0.9980016 0.04353562 -0.04579677 -1
0.9989594 -5.436963E-09 -0.04560855 -1
0.9973301 0.05684781 -0.04583765 -1
1 0 0 -1
1 0 0 -1
1 0 0 -1
1 0 0 -1
-0.6557325 -0.7549936 9.000223E-08 1
-0.7251384 -0.6886032 8.208789E-08 1
-0.6439195 -0.7650934 9.120622E-08 1
-0.4587345 -0.8885735 1.059262E-07 1
-0.5941749 -0.804336 9.58843E-08 1
-0.4258321 -0.9048024 1.078608E-07 1
-0.2290054 -0.9734253 1.160413E-07 1
-0.2387198 -0.9710886 1.157628E-07 1
-0.1214567 -0.9925969 1.183268E-07 1
-0.1006333 -0.9949238 1.186041E-07 1
0.8684155 0.1779783 0.462794 1
0.9140312 0.405644 -4.835653E-08 1
0.7247039 0.4439031 0.527024 1
0.6602472 0.7106127 0.2431121 1
0.9266582 0.2600595 -0.2714286 1
0.5789891 0.8116137 -0.07781264 1
0.9004433 0.179257 -0.3963193 1
0.4555866 0.02021123 0.8899621 -1
0.4292567 1.076678E-07 0.9031827 -1
0.634229 0.06597765 0.7703251 -1
0.6838334 0.08335853 0.724861 -1
0.9721891 0.2268156 0.05833642 -1
0.7275319 0.02607101 0.6855785 -1
0.4964098 -0.01472022 0.8679636 -1
0.7498237 0.1201726 0.6506329 -1
0.5304435 0.05373492 0.8460157 -1
0.7371879 0.2419449 0.6308858 -1
0.5221536 0.1295037 0.8429618 -1
0.7039344 0.3938279 0.5910803 -1
0.5481207 0.2730681 0.7905679 -1
0.2969247 0.6347424 0.7133991 -1
0.5151983 0.8476115 0.1269865 -1
0.1986325 0.389801 0.8992221 -1
0.1144268 0.3733768 0.9205958 -1
0.7992095 0.5968316 -0.07110826 -1
0.9121459 0.4036064 -0.07135725 -1
0.9680633 0.2466649 -0.04483343 -1
-0.05773285 0.6618565 0.7474042 -1
0.03756434 0.3643214 0.9305155 -1
0.1312912 0.458913 0.8787273 -1
-0.05879084 0.6042622 0.7946138 -1
0.07260904 0.8533748 0.5162165 -1
0.02374473 0.9356045 0.3522508 -1
0.2802609 0.93522 0.2163737 -1
0.3439313 0.9347471 -0.089216 -1
0.1506934 0.9863818 -0.06589831 -1
0.08438163 0.8417714 -0.5331989 -1
0.08200828 0.7466652 -0.6601257 -1
0.04635177 0.4535701 -0.8900146 -1
0.05550002 0.3738262 -0.925837 -1
0 0.3621596 -0.9321163 -1
0.3476288 0.643248 -0.6821923 -1
0.2462476 0.3471035 -0.9049207 -1
0.3002934 0.4182744 -0.8572461 -1
0.5333126 0.517931 -0.6688238 -1
0.6127478 0.4228068 -0.6676635 -1
0.4206125 0.3721816 -0.8273852 -1
0.688556 0.3005981 -0.6599482 -1
0.4880067 0.286289 -0.8245534 -1
0.9899043 0.1403136 0.02003452 -1
0.7239814 0.2103965 -0.6569508 -1
0.4969623 0.2088171 -0.8422731 -1
0.965278 0.2378035 0.1081109 -1
0.7599667 0.2715421 -0.5905215 -1
0.5577446 0.2858209 -0.7792481 -1
0.8723927 0.2519361 -0.4188786 -1
0.9785343 0.1713037 -0.1145666 -1
0.8956873 0.2664497 -0.356018 -1
0.5980982 0.3282464 -0.7311175 -1
0.4801906 0.4362296 -0.7609999 -1
0.6118346 0.3403548 -0.7140149 -1
0.4689682 0.3719665 -0.8010681 -1
0.4801907 0.4362299 0.7609998 1
0.4689682 0.3719667 0.8010679 1
0.6118346 0.3403547 0.7140148 1
0.5980983 0.3282465 0.7311175 1
0.5577446 0.2858211 0.779248 1
0.8956873 0.2664497 0.3560181 1
0.7599667 0.2715417 0.5905216 1
0.4969623 0.2088171 0.8422731 1
0.8723927 0.251936 0.4188785 1
0.9785342 0.1713045 0.1145664 1
0.9721889 0.2268159 -0.05833655 1
0.7239814 0.2103961 0.6569508 1
0.4880069 0.2862872 0.8245538 1
0.965278 0.2378036 -0.1081112 1
0.688556 0.3005981 0.6599481 1
0.4206131 0.3721802 0.8273855 1
0.6838332 0.083359 -0.724861 1
0.634229 0.06597749 -0.770325 1
0.9899043 0.1403139 -0.02003468 1
0.6127484 0.4228058 0.6676636 1
0.3002924 0.4182768 0.8572451 1
0.4555866 0.02021101 -0.8899621 1
0.4292567 -1.076677E-07 -0.9031826 1
0.7275319 0.0260714 -0.6855783 1
0.4964098 -0.01472009 -0.8679637 1
0.9680633 0.2466648 0.0448334 1
0.7498237 0.1201727 -0.6506329 1
0.5304435 0.05373669 -0.8460155 1
0.9121459 0.4036064 0.07135721 1
0.7371877 0.2419459 -0.6308857 1
0.5221533 0.1295053 -0.8429617 1
0.5333132 0.5179309 0.6688234 1
0.6724943 0.3726792 -0.639423 1
0.4586506 0.2117759 -0.8630126 1
0.7996657 0.5968137 0.06594115 1
0.5217288 0.8523107 -0.03695716 1
0.347629 0.6432481 0.6821921 1
0.2462476 0.3471043 0.9049204 1
0.06558201 0.4118974 0.9088672 1
0.319923 0.6653843 -0.6744725 1
0.2016235 0.3945544 -0.8964792 1
0.1144261 0.3733766 -0.9205959 1
0.08337653 0.7561002 0.6491233 1
-0.07247117 0.6150233 -0.7851717 1
0.03756564 0.3643211 -0.9305155 1
0.1497171 0.3213424 -0.9350531 1
0.2368255 0.5820084 -0.7779334 1
0.0445534 0.9383509 -0.3428014 1
0.02409797 0.9320953 -0.3614111 1
0.2806381 0.9436228 -0.1755522 1
0.3443916 0.9338655 0.09638379 1
0.1447413 0.989066 -0.02826 1
0.08303434 0.8055847 0.5866335 1
0.0428885 0.4142607 0.9091473 1
0 0.2860338 0.9582196 1
-0.9702941 0.1117332 -0.2145811 -1
-0.9388461 -0.2925303 -0.1816423 -1
-0.934496 -0.3517072 -0.0549489 -1
-0.9477866 0.2031728 -0.2458078 -1
-0.8006231 0.5757774 -0.165781 -1
-0.8064921 0.5720742 -0.1493374 -1
0.7623166 -0.477537 -0.436843 -1
0.8850625 -0.06217732 -0.4613007 -1
0.8830716 -5.593755E-08 -0.4692382 -1
0.9007093 0.3714435 -0.2252836 -1
0.9344424 0.3412446 -0.1018311 -1
0.8359127 0.5323582 0.133584 -1
0.8283343 0.5116031 0.2283087 -1
0.6574649 0.6168123 0.4327617 -1
0.6982737 0.5808998 0.4182933 -1
0.6060427 0.6612473 0.4421135 -1
0.5108301 0.6494882 0.563221 -1
0.4578056 0.6949849 0.5544459 -1
0.4616112 0.6551087 0.5981203 -1
0.3935854 0.742137 0.5425158 -1
0.3913855 0.7123074 0.5826112 -1
0.3213744 0.7620052 0.5621982 -1
0.9936789 -0.1122599 1.338242E-08 -1
0.9992599 -0.03846705 4.585629E-09 -1
1 0 0 -1
1 0 0 -1
1 0 0 -1
0.9999447 -1.253952E-09 -0.01051892 -1
1 0 0 -1
0.9995155 0.03112338 -3.710196E-09 -1
0.9948968 0.1008969 -1.202785E-08 -1
-0.2288473 -0.9734624 1.160457E-07 -1
-0.2543103 -0.9671227 1.1529E-07 -1
-0.1633834 -0.9865628 1.176074E-07 -1
-0.1922219 -0.9813516 1.169862E-07 -1
-0.2290054 -0.9734253 1.160413E-07 -1
-0.2387198 -0.9710886 1.157628E-07 -1
-0.425832 -0.9048024 1.078608E-07 -1
-0.4587345 -0.8885735 1.059262E-07 -1
-0.594175 -0.804336 9.58843E-08 -1
-0.7251383 -0.6886034 8.208792E-08 -1
-0.6557321 -0.7549937 9.000225E-08 -1
-0.6439188 -0.7650939 9.120629E-08 -1
0.01726685 1.191915E-07 0.999851 -1
-0.02061889 0.0379637 0.9990665 -1
0.2522219 0.3894505 0.8858401 -1
0.4266086 0.1459636 0.8925804 -1
0.665368 0.7238543 0.182539 -1
0.9187836 0.3117541 0.2421696 -1
0.5715024 0.3450877 -0.744513 -1
0.6866223 0.2914661 -0.6660311 -1
0.2187434 -0.06694295 -0.9734836 -1
0.1573555 -1.177242E-07 -0.9875421 -1
0.8845061 -0.06374086 -0.4621539 1
0.7604973 -0.4795959 -0.4377576 1
0.8027923 0.1073415 -0.5865174 1
0.8839605 0.4168479 -0.2117823 1
0.9341878 0.341688 -0.1026759 1
0.8250102 0.3581477 -0.4371367 1
0.5292448 0.04263791 -0.8473973 1
0.5109623 0.05676688 -0.8577268 1
0.3876313 -0.05821779 -0.9199744 1
0.3860737 -0.04969266 -0.9211286 1
0.7805634 0.6078499 0.1457379 1
0.8107105 0.5650502 0.1531883 1
0.8285893 0.5112184 0.2282445 1
0.5524249 0.7056982 0.4436407 1
0.6575564 0.6164132 0.4331909 1
0.6055817 0.661395 0.4425241 1
0.660086 0.6241288 0.4180312 1
0.4861515 0.6790108 0.550092 1
0.4034752 0.753857 0.5185632 1
0.4393555 0.6853999 0.5806839 1
0.457265 0.6942924 0.5557581 1
0.3922918 0.7423996 0.5430933 1
0.3906117 0.7114094 0.5842256 1
0.3198951 0.7622297 0.5627374 1
0.7140065 0.4566703 -0.5307043 1
0.6349049 0.5693993 -0.5221881 1
0.8494248 0.5245105 0.0580194 1
0.849731 0.4900227 -0.1945123 1
0.8904696 0.2054407 0.4060274 1
0.8274488 0.3228406 0.4594589 1
0.6446962 0.4921933 -0.584904 -1
0.1943663 0.6038616 -0.7730286 -1
0.6348501 0.2554578 -0.7291823 -1
0.8587682 0.4899383 -0.1499253 -1
0.8380724 0.478586 0.2618972 -1
0.5389398 1.004153E-07 0.8423445 -1
0.6368699 0.5052825 0.5823113 -1
0.19534 -0.5148426 0.8347332 -1
0.7250149 -0.2515158 -0.6411656 1
0.4083666 -0.346043 -0.8446841 1
0.8167497 -0.2022207 -0.540395 1
0.8674076 -0.142649 -0.4767129 1
0.8910313 -0.1042322 -0.4418131 1
0.6976119 -0.1728532 -0.6953126 1
0.9908823 -0.04341131 -0.1275457 1
0.9404207 -0.1279593 -0.3150166 1
0.8794584 -0.0934995 -0.466702 1
0.6618553 -0.1933399 -0.7242702 1
0.5903129 -0.2078702 -0.7799492 1
0.9995422 -0.02361435 0.01891446 1
0.9813778 -0.1427947 -0.1284811 1
0.9917568 0.01458084 -0.127302 1
0.997595 0.05885518 0.03660886 1
0.9473844 0.1561036 0.2794541 1
0.898275 0.08251774 0.4316169 1
0.8078191 0.1906668 0.5577406 1
0.8388262 0.02385519 0.5438764 1
0.812901 0.240999 0.5301995 1
0.8600123 6.082932E-08 0.5102734 1
0.1324272 0.5289531 0.8382552 1
0.9967733 0.0606721 -0.05255273 1
0.9691418 -0.09462708 -0.2276178 1
0.9983196 0.04012962 -0.04180274 1
0.8562512 0.2819118 0.4328506 1
0.9896035 0.03564721 -0.1393343 1
0.9791605 0.09597222 -0.1789807 1
0.9873038 0.09968228 -0.123672 1
0.9727771 -0.1106692 -0.2036103 1
0.9997547 -2.639852E-09 -0.02214469 1
0.8387655 0.2923324 0.459363 1
0.7786717 0.3106462 0.5451325 1
0.9680834 0.1209819 -0.2194951 1
0.9820606 0.1026536 -0.1581755 1
0.9895461 -0.1128307 -0.08982091 1
0.8017355 0.324912 0.5016497 1
0.7880031 0.4326779 0.4379965 1
0.9386565 0.2505247 0.236984 1
0.4836545 0.4520646 0.7494772 1
0.8613462 0.4738397 0.1831903 1
0.8044693 0.3878571 0.4498846 1
0.8365488 0.5016937 0.2202032 1
0.9082059 0.3671926 0.2008279 1
0.9981301 -0.06112495 7.286661E-09 1
0.9497551 -0.08026122 -0.3025286 1
0.942876 -0.03260077 -0.3315451 1
0.7965595 -0.1443293 -0.5870795 1
0.7764658 -0.161537 -0.6091032 1
0.492287 -0.2887595 -0.8211405 1
0.6124008 0.3408891 0.7132742 -1
0.4695396 0.3716475 0.8008813 -1
0.4876425 0.4307204 0.7593977 -1
0.6355254 0.3204418 0.7024419 -1
0.8957853 0.2654537 0.3565153 -1
0.9047902 0.2375124 0.3534721 -1
0.9784749 0.1716746 0.1145196 -1
0.9748892 0.1999398 0.09805694 -1
0.9784751 0.1716737 -0.1145195 1
0.9748893 0.1999387 -0.09805702 1
0.9047903 0.2375119 -0.3534723 1
0.8957853 0.2654536 -0.3565152 1
0.6355254 0.3204417 -0.7024419 1
0.6124007 0.3408891 -0.7132742 1
0.4876425 0.4307203 -0.7593977 1
0.4695396 0.3716473 -0.8008814 1
0.8504751 0.522842 0.05769188 -1
0.6366109 0.5668615 -0.5228716 -1
0.7141744 0.4562729 -0.5308202 -1
0.8502321 0.4893682 -0.1939699 -1
0.8893194 0.20744 0.4075289 -1
0.8273248 0.3229019 0.4596391 -1
0.8306241 -0.2229731 0.5102418 1
0.9937549 -0.01411967 0.1106881 1
0.6791813 0.06554054 0.7310385 1
0.9901648 -0.03659645 0.1350347 1
0.4479466 -0.2062199 -0.8699525 1
0.9884287 -0.09344059 0.1194896 1
0.8611265 -0.5041805 0.06529283 1
0.7967888 0.1477188 0.585924 1
0.6847647 0.0718539 -0.7252134 1
0.0736232 -0.1037807 -0.9918717 1
0.9598679 0.2159483 -0.1789411 1
0.8645308 0.4516184 0.2205165 1
0.4879532 0.06045195 -0.8707741 1
0.6892923 0.2558862 -0.6777895 1
0.2751487 0.2157961 -0.9368701 1
0.6347339 0.2526562 -0.7302588 1
0.8584021 0.490259 -0.1509706 1
0.941101 0.194496 -0.2765869 1
0.6392074 0.1114746 0.7609122 1
0.4837536 -0.2397761 0.8417186 1
0.6361659 0.5044477 0.5838028 1
0.357563 -0.3703277 0.857325 1
0.7897437 -0.4019629 0.4633906 -1
0.4849467 -0.547447 0.6820034 -1
0.6695197 -0.5307202 0.5196918 -1
0.8652655 -0.3135593 0.3911473 -1
0.9961676 -0.06768648 0.05539638 -1
0.951028 -0.2127834 0.2242074 -1
0.892832 -0.271504 0.359356 -1
0.7841149 -0.4034933 0.4715476 -1
0.7971668 -0.3679383 0.4786924 -1
0.9990115 0.01142342 -0.04295876 -1
0.983427 -0.14957 0.1024698 -1
0.9870695 1.910841E-08 0.1602929 -1
0.9949917 0.0739361 0.06726827 -1
0.9436885 0.2645531 -0.1986548 -1
0.9152153 0.2344877 -0.3277141 -1
0.8619566 0.2250879 -0.4542756 -1
0.8209137 0.4060484 -0.4015287 -1
0.8065643 0.4658663 -0.3638991 -1
0.8811591 0.2072068 -0.424999 -1
0.1297435 0.8109731 -0.5705168 -1
0.8945374 -0.2663042 0.3590054 -1
0.9953323 -0.02779401 0.09241839 -1
0.9978382 0.0633183 0.01759819 -1
0.9693498 -0.1656566 0.1814352 -1
0.9966508 0.03030745 0.07595151 -1
0.9890881 0.01373107 0.1466842 -1
0.8421429 -0.3358379 0.4219103 -1
0.6867527 -0.4653436 0.558414 -1
0.9201697 -0.2158002 0.3266774 -1
0.972207 0.01682292 0.2335178 -1
0.9368165 -0.1630948 0.3094755 -1
0.9920141 0.09333871 0.08482844 -1
0.981727 0.1387552 0.1302269 -1
0.9694114 -0.06208711 0.237459 -1
0.9725255 -0.16873 0.1603878 -1
0.9919935 -0.1001048 0.07699269 -1
0.9995635 0.01386706 0.02608599 -1
0.9995622 3.527194E-09 0.02958825 -1
0.9414535 0.3186305 -0.1101823 -1
0.8880852 0.4576969 -0.04264023 -1
0.7738748 0.5996562 -0.2037903 -1
0.8099949 0.5864369 -6.990872E-08 -1
0.8037409 0.5527097 -0.2202557 -1
0.8492052 0.4446523 -0.2848417 -1
0.8454641 0.4468156 -0.2924828 -1
0.7765043 0.5396966 -0.3252209 -1
0.7981763 0.5232614 -0.2985167 -1
0.8335897 0.5510405 0.0385057 -1
0.4794 0.7409611 -0.4702685 -1
0.802612 -0.4675858 0.3703747 -1
0.9721681 -0.2174703 0.08715503 -1
0.9750159 0.1874182 -0.1192412 -1
0.9944959 0.07084919 0.0771894 -1
0.5237931 -0.5897387 0.6146944 -1
0.4699498 -0.6129029 0.6352144 -1
0.780831 -0.4256395 0.4573119 -1
0.5885916 -0.5627536 0.5804037 -1
0.886617 0.4567467 -0.07275232 -1
0.4521688 0.742323 -0.4944696 -1
0.4063262 0.7072206 -0.5785658 -1
0.5667125 0.7833097 -0.2554664 -1
0.7443861 0.665575 0.05384503 -1
0.2546851 0.6813702 -0.6861998 -1
0.1432938 0.3596274 -0.9220278 -1
0.5305911 0.7877853 -0.3128381 -1
0.7269592 0.6585271 0.1946084 -1
0.4250492 0.6804472 -0.5969297 -1
0.2361864 0.3753558 -0.8962836 -1
0.2743399 0.6977894 -0.6616856 -1
0.1470769 0.5027395 -0.8518344 -1
0.3005931 0.3388238 -0.8915394 -1
-0.3534359 -0.3363191 -0.8729106 -1
-0.2724442 -0.4245975 -0.8634185 -1
-0.1168221 -0.4570309 -0.8817457 -1
-0.4118232 -0.7778713 -0.474677 -1
-0.5250306 -0.8254664 -0.2072398 -1
0.09145059 0.7131658 -0.6950048 -1
-0.2065901 -0.06581321 -0.9762117 -1
0.03700866 -0.1532776 -0.9874901 -1
0 0.7641496 -0.6450392 -1
0.1662078 0.9859725 0.0152766 -1
0.09179137 0.9894835 0.111789 -1
0.4291364 0.8319811 -0.3516382 -1
0.2539958 0.5559201 -0.7914792 -1
-0.3761913 -0.3516026 -0.8572375 -1
-0.2981044 -0.6952482 -0.6540366 -1
-0.4484289 -0.8330384 -0.3239733 -1
0.1656011 -0.986193 1.175634E-07 -1
-0.3255183 -0.6872266 -0.6494287 -1
-0.4787638 -0.8701041 -0.1170653 -1
-0.6259326 -0.7582915 0.1822158 -1
-0.794294 -0.2866555 0.5356544 -1
-0.1173307 -0.702682 -0.7017633 -1
-0.1099812 -0.6260697 -0.7719722 -1
0.4101697 -0.9106684 -0.04943892 -1
-0.4927692 0.109875 -0.8631952 -1
-0.2812315 0.07674656 -0.9565663 -1
-0.1936436 -0.3720885 -0.9077734 -1
-0.2993647 -0.8434536 -0.4460573 -1
-0.5877044 -0.6778164 -0.4417788 -1
-0.7318009 -0.5459225 0.407966 -1
-0.4842515 -0.7569235 0.4388252 -1
-0.4642728 -0.4694901 0.7510192 -1
-0.459614 -0.2446544 0.8537561 -1
-0.7440153 -0.1817664 0.6429638 -1
-0.578308 -0.5534717 0.5993572 -1
-0.7193846 0.5301133 0.4488496 -1
-0.8358396 -0.3049582 0.4564785 -1
-0.8034877 0.1045932 0.5860614 -1
-0.627942 0.5962186 0.5002122 -1
-0.7949522 0.1012297 0.5981669 -1
-0.6911857 0.2988349 0.657997 -1
-0.7834291 0.3178636 0.5340427 -1
-0.8306252 0.08184817 0.5507836 -1
-0.7654887 0.458248 0.4517034 -1
-0.8352728 0.06036368 0.5465123 -1
-0.7869889 0.2561059 0.5613005 -1
-0.66224 0.4022028 0.6321957 -1
-0.6675816 0.4654788 0.5810891 -1
-0.177328 0.4386423 0.8809926 1
-0.1735818 0.4142012 0.8934802 1
-0.1738584 0.438513 0.8817481 1
-0.1752256 0.4481979 0.8765928 1
-0.1525513 0.4542219 0.8777305 1
-0.1564854 0.448124 0.880169 1
-0.137714 0.4455146 0.8846196 1
-0.1374964 0.4458565 0.8844811 1
-0.140654 0.4456573 0.884085 1
-0.1395611 0.4472373 0.8834601 1
-0.1451829 0.4512807 0.8804929 1
-0.1457265 0.4510361 0.8805285 1
-0.1476277 0.4532653 0.8790659 1
-0.2571527 0.8089908 -0.5285893 1
-0.7540273 0.6131731 -0.2355032 1
-0.3973476 0.7595591 -0.5149612 1
-0.07396105 0.6064608 -0.7916662 1
-0.1187281 0.7636681 -0.6345982 1
-0.186413 0.8148812 -0.5488343 1
-0.1685188 0.8110335 -0.5602021 1
-0.1754483 0.8012384 -0.5720447 1
-0.1843678 0.8017239 -0.5685485 1
-0.1350095 0.8050522 -0.5776361 1
-0.1607485 0.8080862 -0.566707 1
-0.0552327 0.8238282 -0.5641425 1
-0.08775707 0.8210164 -0.5641198 1
-0.07299918 0.8355815 -0.5444951 1
-0.07172879 0.8356075 -0.544624 1
-0.07208797 0.8377641 -0.5412531 1
-0.07329291 0.8378878 -0.5408996 1
-0.07534532 0.8216389 -0.565007 1
-0.07245991 0.8218326 -0.5651027 1
-0.07160316 0.8135696 -0.5770422 1
0.6149922 -0.753434 -0.2326411 1
0.6321416 -0.766111 -0.1160648 1
0.268712 -0.9510256 -0.1527886 1
0.7713801 -0.6275763 -0.1054555 1
0.8078481 -0.5861164 -0.06204069 1
0.8438076 -0.529833 -0.08523942 1
0.6970401 -0.7164415 -0.02909946 1
0.7968854 -0.6040245 -0.01131858 1
0.8045333 -0.5934882 -0.02231798 1
0.8181926 -0.5729343 0.04803408 1
0.790444 -0.6110037 0.04327616 1
0.8243482 -0.5538624 0.1169904 1
0.8281189 -0.5513173 -0.1013329 1
0.665537 -0.7422003 -0.07873689 1
0.8404863 -0.5402001 -0.04203361 1
0.8198972 -0.5720447 -0.02309954 1
0.7158257 -0.6955211 0.06200071 1
0.7810843 -0.6235134 0.03374106 1
0.7566165 -0.6378293 0.1438936 1
0.6138738 -0.7430868 0.2664228 1
0.8433263 -0.5373076 0.01005978 1
0.6284842 -0.7776114 0.01811844 1
0.9554858 -0.2887436 -0.06061547 1
0.951814 -0.2487158 -0.1794171 1
0.9485477 -0.1374848 -0.2852281 1
0.8180383 -0.5665988 0.09888928 1
0.6108466 -0.7774552 0.1497663 1
0.2635556 -0.9466978 0.1852079 1
0.6812193 -0.7295102 0.06128003 1
0.8102435 -0.5846697 0.04082774 1
0.8178754 -0.5647571 0.1101334 1
0.6617139 -0.7452789 0.08181822 1
0.6072388 -0.7945195 9.471409E-08 1
0.6866836 -0.7241465 -0.06385604 1
0.7734664 -0.6327422 -0.03724465 1
0.7929639 -0.608934 0.02019059 1
0.7962118 -0.6043829 -0.02771452 1
0.9514586 -0.3048515 0.04233453 1
0.9624658 -0.199651 0.1838454 1
0.9875491 -0.01455649 0.1566364 1
0.9500806 -0.1114439 0.2914225 1
0.9944416 -0.04372913 0.0957792 1
0.9980853 -0.05898419 0.01862131 1
0.995682 -0.09171115 0.01436633 1
0.9934489 0.0124597 -0.1135962 1
0.9973618 -0.03280226 -0.06475568 1
0.9979475 0.04374718 0.04676394 1
0.9322864 -0.1987193 0.3022461 1
0.833334 0.5527699 -6.58953E-08 1
0.9999142 1.562367E-09 0.01310608 1
0.9354997 -0.216468 -0.2792524 1
0.944867 0.3267146 0.02200568 1
-0.2689837 0.72212 0.6373309 -1
-0.3570548 0.7645942 0.5365705 -1
-0.6985316 0.6854181 0.2055624 -1
-0.06726889 0.6983027 0.7126349 -1
-0.1102106 0.6570702 0.7457296 -1
-0.1179741 0.6247294 0.7718779 -1
-0.09522694 0.612496 0.784717 -1
-0.08205184 0.6094871 0.7885387 -1
-0.08353041 0.6051357 0.7917283 -1
-0.08131636 0.604773 0.7922357 -1
-0.07721171 0.6058677 0.7918099 -1
-0.07081365 0.6065069 0.7919186 -1
-0.06900036 0.6075767 0.7912584 -1
-0.06713519 0.6075725 0.791422 -1
-0.06911075 0.6104516 0.7890328 -1
-0.06962071 0.6104974 0.7889526 -1
-0.0594352 0.6161121 0.785413 -1
-0.05485979 0.6173935 0.7847394 -1
-0.05600809 0.62138 0.7815051 -1
0.01466224 0.02697036 0.9995288 -1
0.01340144 0.030357 0.9994494 -1
0.01324575 0.02739906 0.999537 -1
0.01041297 0.02240081 0.9996949 -1
0.01073674 0.02208018 0.9996986 -1
0 0.01955454 0.999809 -1
0 0.02031163 0.9997938 -1
0 0.0221383 0.9997551 -1
0 0.0213762 0.9997717 -1
0.0129307 0.02038781 0.9997086 -1
0.01444551 0.01842402 0.999726 -1
0.0131536 0.01873991 0.9997379 -1
0.01386403 0.01798421 0.9997422 -1
0 0.0174879 0.9998472 -1
0 0.01817037 0.999835 -1
-0.02853239 1.191608E-07 0.999593 -1
-0.02850302 1.191609E-07 0.9995938 -1
-0.06583089 -0.02766187 0.9974474 -1
-0.06677055 -0.02759564 0.9973868 -1
0 1.192093E-07 1 -1
-0.01360837 1.191982E-07 0.9999075 -1
0.01209125 0.07386476 0.9971951 -1
0 1.192093E-07 1 -1
-0.05235713 -0.04130952 0.9977737 -1
-0.01795192 -0.04795997 0.998688 -1
0.08736815 0.02973532 0.9957324 -1
0.1015586 0.3069777 0.9462827 -1
0.8867776 -0.2461407 0.3912035 -1
0.93362 -0.09202724 0.3462437 -1
0.9883183 -0.1116838 0.1037007 -1
0.9434729 -0.1964476 0.2669593 -1
0.7848234 -0.3898675 0.4817216 -1
0.8789409 -0.3174293 0.3559515 -1
0.9859664 -0.1543795 0.0635399 -1
0.9904069 -0.1376106 0.01254898 -1
0.9788287 -0.2016602 0.0350356 -1
0.9707844 -0.2219312 0.09123736 -1
0.9803248 -0.1903633 0.05220379 -1
0.9801048 -0.1874661 0.06519979 -1
0.9744819 -0.2149905 0.06453125 1
0.9762592 -0.1995537 0.08423872 1
0.9849498 -0.1639723 0.05465175 1
0.9829074 -0.1823018 0.02567308 1
0.9977688 -0.02507062 -0.06187875 1
0.899159 -0.2798102 0.3364809 1
0.9894104 -0.1162682 -0.08688322 1
0.9138173 -0.2572815 0.314236 1
0.952336 -0.08707332 -0.2923601 1
0.8761044 -0.108135 -0.4698384 1
0.7153122 -0.2505777 0.6523339 1
0.6991163 -0.2825485 0.6568127 1
0.602005 -0.269491 0.7516414 1
0.7686066 -0.1998369 0.6077082 1
0.8164032 -0.1996523 0.5418717 1
0.9569038 -0.2291076 0.1784518 1
0.896737 -0.2145321 0.3870899 1
0.8691832 -0.2027905 0.4509952 1
0.9556532 -0.2197705 0.1960305 1
0.9718031 -0.2289791 0.05627945 1
0.8647437 -0.3096816 -0.3953678 1
0.962415 -0.2321509 -0.1409367 1
0.7426196 -0.1894507 -0.6423587 1
0.710055 -0.3293503 -0.6223749 1
0.5223496 -0.3691946 -0.7686655 1
0.7436931 -0.3583626 -0.5643552 1
0.4572626 -0.476293 -0.7510366 1
0.7439737 0.5077503 0.434388 -1
0.6982279 0.5603839 0.4454749 -1
0.7116624 0.5575342 0.4274251 -1
0.746094 0.5171279 0.4194312 -1
0.7354051 0.5501424 0.3956294 -1
0.8153307 0.3718508 0.443805 -1
0.8186869 0.3432681 0.4603465 -1
0.8490161 0.286795 0.4437572 -1
0.8585974 0.311868 0.4068772 -1
0.9609707 3.29793E-08 0.2766505 -1
0.9661547 3.075163E-08 0.2579634 -1
0.9472546 0.05805901 0.3151792 -1
0.9462299 0.04943324 0.319696 -1
0.9568257 3.464963E-08 0.2906622 -1
0.8549514 0.2668639 0.444794 -1
0.8521018 0.2889392 0.4363906 -1
0.8121399 0.2883519 0.5072297 -1
0.7862596 0.346135 0.5118461 -1
0.9994699 0.03255758 -3.881166E-09 1
0.9985612 0.05116202 0.01606413 1
0.9986501 0.04773951 -0.02046652 1
0.9993185 0.03389252 -0.01461984 1
0.9996287 -3.248144E-09 -0.02724741 1
0.9989752 0.0165126 -0.04214356 1
0.9996172 -3.298021E-09 -0.02766581 1
0.9990767 0.01546569 -0.04008063 1
0.995214 0.08651923 -0.04542684 1
0.9972185 0.06253704 -0.04055002 1
0.9835092 0.1781302 -0.03129332 1
0.9858597 0.1619344 -0.04310267 1
0.9991417 0.03152174 -0.02687268 1
0.9919664 0.1144898 -0.05380477 1
1 0 0 1
0.9998407 0.01305766 -0.01216367 1
0.9966035 0.06412971 -0.05166005 1
0.997676 0.04481068 -0.05132838 1
1 0 0 1
1 0 0 1
1 0 0 1
1 0 0 1
1 0 0 1
0.9993864 0.0246799 -0.02485471 1
0.9993424 0.02271747 -0.02825921 1
0.9974778 0.04565886 -0.05434386 1
-0.8006231 0.5757774 0.1657809 1
-0.806492 0.5720744 0.1493373 1
-0.9702942 0.111733 0.2145808 1
-0.9477865 0.2031729 0.245808 1
-0.9388461 -0.2925302 0.1816429 1
-0.934496 -0.351707 0.05494968 1
0.9887788 -0.1425221 0.04476457 1
0.9954298 -0.09192124 0.02588502 1
0.9953181 0.01030253 0.09610344 1
0.9963633 -0.01097657 0.08449676 1
0.9815286 -0.187602 0.03751142 1
0.9976356 0.06531845 0.02137251 1
0.9888231 0.09091775 0.118165 1
0.9964209 0.02814264 0.07970905 1
0.9915099 0.06750258 0.111138 1
0.9992447 -0.01177072 -0.03703391 1
0.9881331 -0.05099313 -0.1448885 1
0.9984676 6.596788E-09 0.05533787 1
0.9805331 -0.03055288 -0.1939619 1
0.9981719 0.02044713 0.05687458 1
0.9973484 0.031034 0.06582496 1
0.9973426 -8.684862E-09 -0.07285391 1
0.9991428 0.01954774 -0.03648996 1
0.99913 -4.971664E-09 -0.04170535 1
0.9903477 -0.01375966 -0.1379205 1
0.9850031 0.09460277 -0.1442893 1
0.9918934 0.1158256 -0.05226839 1
0.9738764 -0.01345976 -0.2266798 1
0.9903517 0.09718225 -0.09878829 1
0.9947127 -1.224247E-08 -0.1026973 1
0.9222816 -0.2317725 -0.3093191 1
0.9277862 -0.186089 -0.3233937 1
0.6833276 -0.4790673 -0.5509611 1
0.9299526 -0.05118755 -0.3640988 1
0.6861783 -0.3353754 -0.6455098 1
0.5515997 -0.4977229 -0.6693354 1
0.5974088 -0.3200509 -0.7353029 1
0.7686324 -0.1469323 -0.6225877 1
0.830998 -0.1030088 -0.5466549 1
0.9181359 -0.09353283 -0.385069 1
0.9955584 -0.01001568 -0.09361099 1
0.9879831 -0.0140366 -0.153923 1
0.9248205 0.05375592 0.3765864 1
0.9235826 0.07199574 0.3765791 1
0.700434 0.09818801 0.706931 1
0.7063129 0.05794593 0.7055243 1
0.9986358 -0.03339169 0.04014307 1
0.4184672 0.09719767 0.903016 1
0.4811887 0.1127664 0.8693339 1
0.2776268 0.1292424 0.9519559 1
0.2639194 0.1238594 0.9565593 1
0.3035805 0.1302551 0.9438606 1
0.5469443 0.1700669 0.819713 1
0.2883852 0.1121286 0.9509267 1
0.8784353 0.2669984 0.3963121 1
0.9242969 0.1315528 0.3582865 1
0.5064676 0.1497342 0.8491586 1
0.2798361 0.05880045 0.9582456 1
0.8912873 0.3621528 0.2728596 1
0.611517 0.2090584 0.7631131 1
0.3959464 0.08162354 0.9146389 1
0.8755919 0.3929141 0.2809937 1
0.9242323 0.3218469 0.2054487 1
0.4883928 0.1363869 0.8618998 1
0.73712 0.5729163 -0.3583588 1
0.5837445 0.4717955 -0.6607962 1
0.4755765 0.5393654 -0.6949188 1
0.9868498 0.074416 0.1434916 1
0.9714216 0.2077941 -0.1147247 1
0.7659113 -0.3324227 0.550341 1
0.810025 -0.2338101 0.537766 1
0.8974162 -0.04925429 0.4384269 1
0.880168 -0.03574292 0.4733147 1
0.9557973 -0.1337067 0.2618667 1
0.9394772 -0.1795539 0.2917928 1
0.9749311 -0.02416187 0.2211916 1
0.9414978 4.017581E-08 0.3370191 1
0.9127879 -0.06510432 0.4032117 1
0.9879339 0.05141169 -0.1460941 1
0.9875646 0.1057482 -0.1163335 1
0.9319115 0.1692427 -0.3207769 1
0.9896615 -0.01717586 -0.1423914 1
0.9902871 0.01964907 0.1376419 1
1 0 0 1
0.9782737 -0.01338289 0.2068854 1
0.990301 -1.656276E-08 -0.1389385 1
0.9906965 0.03784386 -0.1307218 1
0.9943326 0.09620079 -0.04525672 1
0.9898514 -0.02676309 -0.1395635 1
0.9884894 -0.06963277 -0.134313 1
0.9961052 -1.051106E-08 -0.08817317 1
0.9939418 -0.01506513 -0.1088704 1
0.9991591 4.887655E-09 0.04100062 1
0.9947146 -0.01225161 -0.1019448 1
1 0 0 1
0.9999325 -1.385599E-09 -0.01162325 1
0.9940534 -1.298109E-08 -0.1088933 1
0.9988759 -5.650535E-09 -0.04740013 1
0.9982882 -6.97217E-09 -0.05848681 1
0.9829112 -0.02681358 -0.1821175 1
0.9647592 -0.03523 -0.2607654 1
0.9965519 -0.0108453 -0.08226032 1
0.9554315 0.03709185 -0.2928734 1
0.9388498 0.1080105 -0.3269477 1
0.859717 0.0231124 -0.5102475 1
0.8702766 0.1422188 -0.4715851 1
0.8616869 0.20878 -0.4625005 1
0.6173533 0.2884015 -0.731915 1
0.7442859 0.2391711 -0.623567 1
0.7059337 0.198042 -0.6800272 1
0.8550699 0.2304585 -0.4644832 1
0.5904759 0.3190793 -0.7413006 1
0.8140193 0.06113604 -0.5776114 1
0.6770949 0.3626636 -0.6403263 1
0.8524398 -6.232564E-08 -0.5228254 1
0.9164544 -0.05116628 -0.3968543 1
0.7878289 0.2685708 -0.5542522 1
0.8885142 0.2701483 -0.3708942 1
0.9634882 -0.03430117 -0.2655448 1
0.9343976 -0.0464133 -0.3531951 1
0.9744522 -0.03278295 -0.2221893 1
0.9417039 -0.03041009 -0.3350659 1
0.938944 0.05489588 -0.3396627 1
-0.02740036 -0.9980626 -0.05586193 1
-0.02740063 -0.9980626 -0.05586275 1
0 -1 1.192093E-07 1
0 -1 1.192093E-07 1
0.01479724 -0.9973785 0.07083462 1
-0.03474444 -0.9959771 0.08259907 1
-0.06858823 -0.9966508 0.04453297 1
0 -1 1.192093E-07 1
0 -1 1.192093E-07 1
0.0148103 -0.9973786 0.07083014 1
-0.04719611 -0.9924024 0.1136231 1
-0.06497313 -0.9817175 0.1789124 1
0.08622108 -0.9935668 -0.07342479 1
0.1422258 -0.9835254 -0.1115783 1
0.06592181 -0.9978249 1.1895E-07 1
-0.01212368 -0.9999267 1.192005E-07 1
-0.01335656 -0.999911 1.191987E-07 1
0.0139053 -0.9973707 -0.07112389 1
0.06092145 -0.9968119 -0.05152304 1
0.06592119 -0.9978249 1.1895E-07 1
-0.01211484 -0.9999268 1.192005E-07 1
-0.01334427 -0.9999111 1.191987E-07 1
-0.06761494 -0.9977117 1.189365E-07 1
-0.06761478 -0.9977117 1.189365E-07 1
-0.02740178 -0.9980624 -0.05586269 1
-0.02740213 -0.9980624 -0.05586357 1
0 -1 1.192093E-07 1
0 -1 1.192093E-07 1
0 -1 1.192093E-07 1
0 -1 1.192093E-07 1
-0.06880387 -0.9966488 0.04424016 1
-0.0952963 -0.9954491 1.186668E-07 1
-0.06956009 -0.9966424 -0.04319402 1
0.01481 -0.9973786 0.07083038 1
-0.04719681 -0.9924023 0.1136236 1
-0.06497434 -0.9817173 0.1789127 1
0.8439476 0.4534343 0.2866181 1
0.95599 0.1217201 0.2669596 1
0.9076475 0.3567003 0.2212257 1
0.9169242 0.1764968 0.357909 1
0.9516204 -0.07254802 0.2985891 1
0.945701 -0.04001272 0.3225658 1
0.9456834 0.06024852 0.3194576 1
0.8506814 -0.1742678 0.4959554 1
0.7384077 -0.3024353 0.6027329 1
0.9364476 -0.0536942 0.3466739 1
0.8895327 -0.1313069 0.4375957 1
0.9261876 -0.01843283 0.3766123 1
0.9701469 -0.04877066 0.2375635 1
0.9331689 0.08388986 0.3495116 1
0.9129206 0.01746898 0.4077634 1
0.9213058 0.0976879 0.3763677 1
0.9535066 0.0462857 0.2977965 1
0.921605 0.1193409 0.3693265 1
0.9611946 0.06095206 0.2690532 1
0.9480659 0.09447566 0.3037197 1
0.9011481 0.1454712 0.408375 1
0.9340711 -0.01407512 0.3568094 1
0.9967304 -0.02573427 0.07659148 1
0.9909574 -0.05889462 0.1205606 1
0.9835408 2.15395E-08 0.1806864 1
0.9466175 0.04473973 0.3192394 1
0.9247264 0.07119705 0.3739148 1
0.9220202 0.07891283 0.3790138 1
0.9271311 0.08879916 0.364064 1
0.9631636 0.04588265 0.2649729 1
0.9472427 0.05764776 0.3152905 1
0.8559817 0.2666657 0.4429274 1
0.8531585 0.2887755 0.4344301 1
0.8126938 0.2881475 0.506458 1
0.7872004 0.3455687 0.5107816 1
0.9787977 -0.0696617 0.1926197 1
0.9410686 0.07070062 0.3307435 1
0.9446988 0.06811415 0.3207875 1
0.9813638 0.04320597 0.1872387 1
0.9907337 1.619085E-08 0.1358187 1
0.9728492 0.03962538 0.2280225 1
0.9264541 0.07707428 0.3684324 1
0.9433624 0.06650742 0.3250294 1
0.9467279 0.05212963 0.3177876 1
0.9572694 0.05503073 0.2839136 1
0.9564863 0.05529457 0.2864897 1
0.9692696 0.0411444 0.2425357 1
0.9465967 0.06343392 0.316118 1
0.9512457 0.05938919 0.3026621 1
0.9262167 0.07708832 0.369026 1
0.9158811 0.07712954 0.3939707 1
0.9829832 0.02639979 0.1817882 1
0.9937809 0.01030388 0.1108753 1
0.960802 0.05212296 0.272292 1
0.8609365 0.11499 0.4955459 1
0.9155309 0.08737238 0.392644 1
0.9425418 0.065865 0.3275313 1
0.9940231 1.301402E-08 0.1091695 1
0.8636396 0.1093416 0.4921089 1
0.9722963 0.04019602 0.23027 1
0.8800634 0.1032193 0.4635021 1
0.6684732 0.132761 0.7317911 1
0.74656 0.1249769 0.6534746 1
0.9190356 0.0473973 0.3913144 1
0.9019129 0.1001887 0.4201372 1
0.7672663 0.2664186 0.5833728 1
0.8998448 0.1428681 0.4121504 1
0.9316497 0.09847749 0.3497583 1
0.7397012 0.3220285 0.5908808 1
0.570137 0.4531336 0.6852837 1
0.9638812 0.04862918 0.2618556 1
0.9058667 0.123593 0.40513 1
0.8233561 0.3730857 0.4276585 1
0.6998441 0.5681055 0.4329833 1
0.9124147 0.1319929 0.3873981 1
0.6672901 0.4770465 0.5719709 1
0.9298508 0.1045144 0.3527806 1
0.8888505 0.1523063 0.4321431 1
0.7891284 0.3815807 0.4813239 1
0.8597603 0.2058904 0.4673556 1
0.9058667 0.1404393 0.3996028 1
0.882034 0.2061446 0.4236986 1
0.9152244 0.1666008 0.3668904 1
0.9383685 0.05883279 0.3405926 1
0.9377905 0.1710036 0.3021702 1
0.9485255 0.0829681 0.3056396 1
0.9468074 0.145416 0.2870712 1
0.8539214 0.1924477 0.4835104 1
0.9156399 0.1644029 0.3668453 1
0.9057468 0.2113 0.3673896 1
0.9164681 0.08895001 0.3900949 1
0.942305 0.1318249 0.3077068 1
0.8159114 0.3481869 0.4615783 1
0.9656685 -0.05887861 0.2530172 1
0.8131725 0.3754626 0.4447229 1
0.9995974 3.382634E-09 0.02837559 1
0.7439739 0.5077498 0.4343883 1
0.990481 -0.01676839 0.1366248 1
0.9521758 0.122591 0.2798799 1
0.9536232 0.0630412 0.2943273 1
0.8964648 0.316656 0.3099675 1
0.8801003 0.332285 0.3391317 1
0.5729202 0.7236583 0.3848134 1
0.5219245 0.7510623 0.4043518 1
0.1529009 0.9430623 0.2953896 1
0.1560376 0.9372613 0.311759 1
0.2794812 0.9599807 0.01810054 1
0.2295609 0.9722608 0.04484382 1
0.6401695 0.7638211 0.0822228 1
0.6022433 0.7963393 0.05609648 1
0.8487946 0.5277107 -0.03269666 1
0.8672142 0.4937097 -0.06473393 1
0.8657718 0.4937528 -0.08153234 1
0.9172541 0.3184282 -0.2392663 1
0.7116627 0.5575337 0.4274254 1
0.6982284 0.560383 0.4454753 1
0.7460942 0.5171275 0.4194314 1
0.7354053 0.5501423 0.3956296 1
0.9172827 0.1743877 0.3580244 -1
0.9444789 -0.040039 0.3261238 -1
0.9444915 0.06025095 0.3229639 -1
0.9560859 0.1219701 0.2665016 -1
0.845189 0.4510275 0.2867575 -1
0.9078091 0.3575593 0.2191667 -1
0.9525958 -0.07262082 0.2954446 -1
0.7743744 -0.1407051 0.6168845 -1
0.5818188 -0.3055897 0.7537255 -1
0.5595353 -0.2644557 0.7854829 -1
0.6783545 -0.3188296 0.6619539 1
0.6340525 -0.3775482 0.6748592 1
0.5600754 -0.6067469 0.5640692 1
0.7505403 -0.02038831 0.6605103 1
0.8638301 0.1062076 0.4924608 1
-0.02868157 -0.9993048 -0.02382418 -1
0 -0.9994728 -0.03247324 -1
0.1074143 -0.9910734 -0.07896812 -1
0.1057629 -0.9936584 0.03817551 -1
-0.9596109 3.353723E-08 0.2813307 -1
-0.8462656 -0.5325218 -0.01596902 -1
0 -0.9998234 0.01880074 -1
-0.1241427 -0.9891699 0.07830532 -1
-0.1226243 -0.9892824 -0.0792713 -1
0 -0.9995695 -0.0293442 -1
-0.03487144 -0.9980661 -0.05146041 -1
-0.01273364 -0.9997851 -0.01636853 -1
0 -0.9999219 -0.01250602 -1
0.1160212 -0.9900994 -0.07900941 -1
0.1162047 -0.9923971 0.04055306 -1
-0.9672406 3.026265E-08 0.2538615 -1
-0.829843 -0.5575534 -0.0222478 -1
0 -1 1.192093E-07 -1
-0.1334217 -0.9880044 0.07775677 -1
-0.1313583 -0.9880416 -0.08073912 -1
0 -0.9996766 -0.02543291 -1
-0.03772894 -0.9986338 -0.03615535 -1
0.9266583 0.260059 0.2714288 -1
0.9004431 0.1792571 0.3963194 -1
0.5789834 0.8116179 0.0778128 -1
0.6602445 0.7106155 -0.243111 -1
0.9140319 0.4056423 -4.835632E-08 -1
0.8684142 0.1779834 -0.4627944 -1
0.7247046 0.4439037 -0.5270227 -1
0.6866235 0.2914648 0.6660305 1
0.1573564 1.177242E-07 0.9875421 1
0.218743 -0.06694441 0.9734834 1
0.5715022 0.3450873 0.7445134 1
0.9187837 0.3117543 -0.2421691 1
0.6653705 0.7238524 -0.1825379 1
0.4266079 0.1459623 -0.8925811 1
0.2522189 0.3894508 -0.8858408 1
0.01726452 -1.191915E-07 -0.9998511 1
-0.02062846 0.03796734 -0.9990662 1
0.5389396 -1.004153E-07 -0.8423445 1
0.1953401 -0.5148436 -0.8347326 1
0.6368698 0.5052825 -0.5823113 1
0.8587682 0.4899388 0.1499243 1
0.8380724 0.4785861 -0.2618973 1
0.6446972 0.4921928 0.5849032 1
0.6348511 0.2554571 0.7291816 1
0.1943689 0.6038611 0.7730283 1
0.89047 0.2054394 -0.406027 -1
0.8274494 0.3228396 -0.4594586 -1
0.8494248 0.5245105 -0.05801886 -1
0.8497311 0.4900226 0.1945123 -1
0.7140061 0.4566706 0.5307046 -1
0.6349041 0.5694001 0.5221882 -1
0.8504751 0.5228421 -0.0576914 1
0.8273254 0.3229008 -0.4596387 1
0.8893199 0.2074387 -0.4075283 1
0.8502313 0.4893695 0.1939695 1
0.7141719 0.4562764 0.5308204 1
0.6366094 0.5668629 0.5228719 1
0.9937549 -0.01412049 -0.1106878 -1
0.8306241 -0.2229738 -0.5102416 -1
0.6791817 0.06553931 -0.7310382 -1
0.9901648 -0.03659689 -0.1350344 -1
0.4479475 -0.2062197 0.869952 -1
0.9884287 -0.09344044 -0.1194896 -1
0.861127 -0.5041798 -0.06529233 -1
0.7967876 0.1477186 -0.5859255 -1
0.6847648 0.0718545 0.7252132 -1
0.07362219 -0.1037799 0.9918718 -1
0.9598678 0.2159483 0.1789416 -1
0.8645298 0.4516197 -0.2205174 -1
0.4879519 0.0604523 0.8707747 -1
0.689293 0.2558845 0.6777894 -1
0.2751493 0.2157951 0.9368701 -1
0.6347352 0.2526557 0.7302578 -1
0.8584021 0.4902591 0.1509698 -1
0.941101 0.1944957 0.2765872 -1
0.6392046 0.111477 -0.7609143 -1
0.4837534 -0.2397789 -0.8417178 -1
0.6361644 0.5044492 -0.5838032 -1
0.3575629 -0.3703294 -0.8573244 -1
0.7965595 -0.1443293 0.5870795 -1
0.590313 -0.20787 0.7799492 -1
0.492287 -0.2887594 0.8211405 -1
0.7764659 -0.1615369 0.6091032 -1
0.9680834 0.1209819 0.219495 -1
0.942876 -0.03260069 0.3315451 -1
0.8794585 -0.09349938 0.4667019 -1
0.6618553 -0.1933398 0.7242702 -1
0.697612 -0.172853 0.6953126 -1
0.8910314 -0.1042321 0.4418131 -1
0.725015 -0.2515156 0.6411656 -1
0.9820604 0.1026537 0.1581754 -1
0.9497551 -0.08026125 0.3025286 -1
0.9791605 0.09597227 0.1789806 -1
0.9873038 0.09968233 0.123672 -1
0.9895461 -0.1128307 0.08982086 -1
0.9981301 -0.06112495 7.286661E-09 -1
0.9896035 0.03564724 0.1393343 -1
0.9727771 -0.1106693 0.20361 -1
0.9386565 0.2505246 -0.236984 -1
0.9082059 0.3671925 -0.2008279 -1
0.8365488 0.5016938 -0.2202032 -1
0.9967733 0.06067212 0.05255273 -1
0.9908823 -0.04341128 0.1275456 -1
0.9997547 2.639848E-09 0.02214465 -1
0.7807543 0.4488564 -0.4346847 -1
0.8044693 0.387857 -0.4498847 -1
0.9691418 -0.09462704 0.2276176 -1
0.8197683 0.3262486 -0.4706823 -1
0.8674076 -0.1426489 0.476713 -1
0.8167498 -0.2022206 0.5403949 -1
0.4083666 -0.3460428 0.8446841 -1
0.9404207 -0.1279593 0.3150166 -1
0.9995422 -0.02361436 -0.01891446 -1
0.9813778 -0.1427947 0.1284812 -1
0.9917569 0.01458089 0.1273019 -1
0.997595 0.05885515 -0.03660891 -1
0.9983196 0.0401296 0.04180269 -1
0.9473844 0.1561036 -0.2794542 -1
0.898275 0.08251762 -0.4316168 -1
0.8072077 0.186295 -0.5600982 -1
0.8388263 0.02385505 -0.5438762 -1
0.812901 0.2409989 -0.5301995 -1
0.8403396 0.2800123 -0.4641363 -1
0.7229536 0.3445155 -0.5988716 -1
0.8600123 -6.082931E-08 -0.5102733 -1
0.1324269 0.5289528 -0.8382554 -1
0.8287497 0.3054664 -0.4688969 -1
0.4836545 0.4520648 -0.7494771 -1
0.8613462 0.4738396 -0.1831902 -1
0.6695198 -0.5307203 -0.5196915 1
0.4849478 -0.5474473 -0.6820024 1
0.7897438 -0.4019628 -0.4633902 1
0.8652655 -0.3135594 -0.3911472 1
0.892832 -0.271504 -0.3593558 1
0.7841148 -0.4034935 -0.4715474 1
0.7971672 -0.3679386 -0.4786917 1
0.9961676 -0.06768652 -0.05539637 1
0.951028 -0.2127834 -0.2242073 1
0.9990115 0.01142342 0.04295875 1
0.983427 -0.14957 -0.1024698 1
0.9870695 -1.910841E-08 -0.1602929 1
0.9949917 0.07393607 -0.06726827 1
0.9436885 0.2645532 0.1986547 1
0.9152153 0.2344878 0.327714 1
0.8619566 0.225088 0.4542755 1
0.8144493 0.4003974 0.4199456 1
0.8065643 0.4658664 0.363899 1
0.8811591 0.2072069 0.4249989 1
0.1297435 0.8109733 0.5705166 1
0.9953323 -0.02779404 -0.09241839 1
0.9978382 0.06331829 -0.0175982 1
0.9693498 -0.1656567 -0.1814352 1
0.9966508 0.03030742 -0.07595153 1
0.8945375 -0.2663044 -0.3590049 1
0.9890881 0.013731 -0.1466842 1
0.9920141 0.09333867 -0.08482844 1
0.8421431 -0.335838 -0.4219098 1
0.6867526 -0.4653439 -0.5584137 1
0.9201698 -0.2158005 -0.3266769 1
0.9722072 0.01682283 -0.2335172 1
0.9368168 -0.1630947 -0.3094744 1
0.9817271 0.1387549 -0.1302267 1
0.9694116 -0.06208713 -0.2374583 1
0.9725255 -0.16873 -0.1603878 1
0.9919935 -0.1001048 -0.07699265 1
0.9995635 0.01386704 -0.026086 1
0.9995622 -3.527192E-09 -0.02958823 1
0.9414535 0.3186306 0.1101822 1
0.8880852 0.4576969 0.04264012 1
0.7750353 0.5985555 0.202612 1
0.809995 0.5864369 -6.990872E-08 1
0.8037409 0.5527098 0.2202556 1
0.8299988 0.4549446 0.322688 1
0.8269541 0.4800528 0.292739 1
0.7207368 0.5876075 0.3677716 1
0.8252536 0.4932157 0.2751269 1
0.8335897 0.5510405 -0.03850579 1
0.4793999 0.7409614 0.4702683 1
-0.1457277 0.4510309 -0.8805311 -1
-0.1451834 0.4512761 -0.8804953 -1
-0.1476282 0.4532593 -0.8790689 -1
-0.1395609 0.4472361 -0.8834608 -1
-0.1406533 0.4456568 -0.8840853 -1
-0.1374964 0.4458563 -0.8844814 -1
-0.137714 0.4455144 -0.8846197 -1
-0.1564854 0.4481238 -0.8801691 -1
-0.1525513 0.4542217 -0.8777307 -1
-0.1752256 0.4481977 -0.8765929 -1
-0.177328 0.4386421 -0.8809927 -1
-0.1738583 0.4385128 -0.8817483 -1
-0.1735818 0.414201 -0.8934803 -1
0.1662078 0.9859725 -0.01527683 1
0.09179137 0.9894835 -0.1117892 1
0 0.7641498 0.645039 1
0.09145048 0.713166 0.6950046 1
0.0370087 -0.1532774 0.9874901 1
-0.2065902 -0.06581303 0.9762117 1
0.4291364 0.8319814 0.3516379 1
0.175621 0.4141569 0.8931023 1
0.268479 0.6866696 0.675577 1
0.254419 0.5564706 0.7909561 1
0.257661 0.6847269 0.6817332 1
0.4063263 0.7072207 0.5785656 1
0.1277172 0.4770148 0.8695663 1
-0.3761913 -0.3516024 0.8572375 1
0.4521689 0.7423231 0.4944694 1
0.9750159 0.1874182 0.1192412 1
0.5667129 0.7833096 0.2554657 1
0.9923692 0.06416832 -0.1052898 1
0.4250489 0.6804476 0.5969295 1
0.7894359 -0.486194 -0.3747084 1
0.9721681 -0.2174703 -0.08715498 1
0.6451693 -0.5623976 -0.5171707 1
0.5602099 -0.5604644 -0.6099546 1
0.8009459 -0.4070197 -0.4391136 1
0.5885916 -0.5627537 -0.5804036 1
0.8912823 0.4534488 -5.40553E-08 1
0.7443867 0.6655744 -0.05384461 1
0.5305883 0.787787 0.3128384 1
0.7269594 0.6585268 -0.1946086 1
0.2361891 0.375354 0.8962836 1
0.3005939 0.3388242 0.891539 1
-0.353436 -0.3363188 0.8729106 1
-0.272442 -0.4245978 0.8634191 1
-0.1168221 -0.4570307 0.8817458 1
-0.3963716 -0.7616223 0.512661 1
-0.5482331 -0.8038095 0.2309351 1
-0.2981043 -0.6952481 0.6540368 1
-0.4484289 -0.8330383 0.3239735 1
0.1656011 -0.986193 1.175634E-07 1
-0.3255184 -0.6872264 0.6494288 1
-0.4913814 -0.8593141 0.1418576 1
-0.5190867 -0.7819943 -0.3450133 1
-0.8004694 -0.3445477 -0.4904443 1
-0.1173307 -0.7026818 0.7017634 1
-0.1099811 -0.6260695 0.7719724 1
0.4101697 -0.9106684 0.04943914 1
-0.4927693 0.1098753 0.8631952 1
-0.2812315 0.07674683 0.9565663 1
-0.1936436 -0.3720884 0.9077735 1
-0.2993638 -0.8434542 0.4460567 1
-0.5877046 -0.6778163 0.4417787 1
-0.7318007 -0.5459227 -0.4079659 1
-0.4842514 -0.7569238 -0.4388246 1
-0.4642731 -0.4694903 -0.751019 1
-0.4596145 -0.2446548 -0.8537557 1
-0.7440153 -0.1817666 -0.6429636 1
-0.5756313 -0.5500216 -0.6050826 1
-0.7193846 0.5301131 -0.4488497 1
-0.8329484 -0.2430864 -0.4970977 1
-0.8034877 0.1045931 -0.5860614 1
-0.6279421 0.5962185 -0.5002121 1
-0.7949523 0.1012283 -0.5981671 1
-0.691184 0.2988322 -0.6580001 1
-0.7834292 0.3178633 -0.5340428 1
-0.8306254 0.08184811 -0.5507834 1
-0.7654889 0.4582479 -0.4517032 1
-0.835273 0.06036372 -0.5465121 1
-0.7869909 0.2561035 -0.5612989 1
-0.6622397 0.4022008 -0.6321971 1
-0.6675852 0.4654751 -0.5810878 1
0.6321416 -0.7661109 0.116065 -1
0.6149922 -0.7534339 0.2326413 -1
0.268712 -0.9510255 0.1527889 -1
0.77138 -0.6275764 0.1054557 -1
0.8078482 -0.5861164 0.06204088 -1
0.8438076 -0.529833 0.08523922 -1
0.6970401 -0.7164415 0.02909963 -1
0.7968854 -0.6040245 0.01131872 -1
0.8045333 -0.5934882 0.02231813 -1
0.8181925 -0.5729344 -0.04803394 -1
0.790444 -0.6110037 -0.04327602 -1
0.8243481 -0.5538624 -0.1169902 -1
0.8281185 -0.5513178 0.1013328 -1
0.665537 -0.7422002 0.07873711 -1
0.8404857 -0.5402009 0.04203369 -1
0.8198961 -0.5720462 0.02309964 -1
0.7158252 -0.6955217 -0.06200051 -1
0.7810839 -0.6235138 -0.03374083 -1
0.7566165 -0.6378294 -0.1438934 -1
0.6138738 -0.7430869 -0.2664227 -1
0.8433256 -0.5373087 -0.01005965 -1
0.6284841 -0.7776116 -0.01811828 -1
0.9554856 -0.2887437 0.0606156 -1
0.951814 -0.2487166 0.1794166 -1
0.9485477 -0.1374851 0.2852281 -1
0.8180383 -0.566599 -0.09888877 -1
0.6108466 -0.7774553 -0.1497661 -1
0.2635557 -0.9466977 -0.1852077 -1
0.6812192 -0.7295102 -0.06127976 -1
0.8102425 -0.5846711 -0.04082759 -1
0.817875 -0.5647577 -0.110133 -1
0.6617136 -0.7452792 -0.08181804 -1
0.6072387 -0.7945197 9.471411E-08 -1
0.6866832 -0.7241468 0.06385618 -1
0.7734664 -0.6327422 0.03724466 -1
0.7929639 -0.6089341 -0.02019048 -1
0.7962118 -0.6043831 0.02771478 -1
0.9514586 -0.3048515 -0.04233437 -1
0.9624658 -0.1996518 -0.1838444 -1
0.9845978 -2.084186E-08 -0.1748342 -1
0.9500808 -0.1114442 -0.2914222 -1
0.9944416 -0.04372911 -0.09577918 -1
0.9980853 -0.05898419 -0.01862129 -1
0.9981726 -0.02864438 -0.05320739 -1
0.9931753 0.01279114 0.1159276 -1
0.9973618 -0.03280225 0.06475568 -1
0.9906906 0.1280992 -0.04607434 -1
0.9322866 -0.198719 -0.3022458 -1
0.833334 0.5527699 -6.58953E-08 -1
0.9990857 -0.04074688 -0.01294937 -1
0.9354998 -0.2164678 0.2792524 -1
0.9448668 0.3267145 -0.02200578 -1
-0.2689838 0.7221202 -0.6373307 1
-0.6985316 0.685418 -0.2055626 1
-0.3570548 0.764594 -0.5365707 1
-0.06726888 0.6983024 -0.7126351 1
-0.1102106 0.6570706 -0.7457293 1
-0.1179742 0.6247301 -0.7718774 1
-0.09522709 0.6124964 -0.7847167 1
-0.08205187 0.6094875 -0.7885385 1
-0.08353046 0.6051357 -0.7917284 1
-0.08131628 0.604773 -0.7922357 1
-0.0772117 0.6058675 -0.79181 1
-0.07081364 0.6065068 -0.7919186 1
-0.06900036 0.6075765 -0.7912586 1
-0.06713519 0.6075724 -0.7914221 1
-0.06911075 0.6104515 -0.789033 1
-0.06962071 0.6104972 -0.7889527 1
-0.0594352 0.6161119 -0.7854132 1
-0.05485979 0.6173933 -0.7847396 1
-0.05600809 0.6213798 -0.7815053 1
0.8490161 0.2867949 -0.4437573 1
0.8186869 0.343268 -0.4603466 1
0.8585973 0.311868 -0.4068772 1
0.8153307 0.3718507 -0.4438051 1
0.7439737 0.5077501 -0.4343881 1
0.746094 0.5171278 -0.4194313 1
0.7116624 0.5575342 -0.4274253 1
0.6982279 0.5603838 -0.445475 1
0.7354051 0.5501423 -0.3956295 1
0.9994699 0.03255753 -3.88116E-09 -1
0.9986501 0.04773959 0.02046642 -1
0.9985612 0.05116194 -0.01606417 -1
0.9993185 0.03389242 0.01461985 -1
0.9996287 3.248144E-09 0.02724741 -1
0.9989752 0.01651255 0.04214356 -1
0.9996172 3.29802E-09 0.0276658 -1
0.9990767 0.01546567 0.04008062 -1
0.995214 0.08651928 0.04542684 -1
0.9972185 0.0625371 0.04054999 -1
0.9835092 0.1781302 0.03129327 -1
0.9858597 0.1619345 0.04310263 -1
0.9991417 0.03152169 0.02687269 -1
0.9919664 0.1144898 0.0538048 -1
1 0 0 -1
0.9998407 0.0130576 0.01216367 -1
0.9966035 0.06412951 0.05166006 -1
0.9976761 0.04481042 0.05132834 -1
1 0 0 -1
1 0 0 -1
1 0 0 -1
1 0 0 -1
1 0 0 -1
0.9993864 0.0246799 0.02485468 -1
0.9993424 0.02271756 0.02825922 -1
0.9974778 0.04565905 0.05434385 -1
0.9962661 -0.02177644 -0.08354395 -1
0.9989973 -0.01240852 -0.04301851 -1
0.9965139 -0.02256419 -0.0803176 -1
0.9971554 -8.98511E-09 -0.07537257 -1
0.9986603 -0.04616607 0.02337142 -1
0.9995437 -3.600323E-09 -0.0302017 -1
0.3922918 0.7423994 -0.5430935 -1
0.3198954 0.7622293 -0.5627376 -1
0.3906118 0.7114092 -0.5842257 -1
0.4572649 0.6942922 -0.5557584 -1
0.6055818 0.6613946 -0.4425244 -1
0.4393556 0.6853998 -0.5806841 -1
0.6575566 0.6164129 -0.4331912 -1
0.8285895 0.511218 -0.2282448 -1
0.4861515 0.6790105 -0.5500923 -1
0.4034751 0.7538567 -0.5185634 -1
0.5524249 0.7056981 -0.4436408 -1
0.8107107 0.5650501 -0.1531885 -1
0.9341875 0.341689 0.1026759 -1
0.6600862 0.6241282 -0.4180314 -1
0.7805632 0.60785 -0.1457379 -1
0.8839599 0.4168493 0.2117823 -1
0.8845063 -0.06374089 0.4621534 -1
0.8250101 0.3581481 0.4371366 -1
0.8027921 0.1073426 0.5865173 -1
0.760497 -0.4795964 0.4377575 -1
0.5292448 0.04263778 0.8473973 -1
0.5109623 0.05676707 0.8577268 -1
0.3876313 -0.05821758 0.9199744 -1
0.3860736 -0.04969244 0.9211286 -1
0.02634462 -0.9996531 1.191679E-07 -1
0 -0.9995533 0.02989085 -1
0.1322563 -0.9884784 -0.07361363 -1
0.1426088 -0.9883721 0.05275901 -1
-0.9583932 3.402841E-08 0.285451 -1
-0.7308533 -0.6809346 -0.04670616 -1
-0.03655271 -0.99863 -0.0374444 -1
-0.1559358 -0.9846675 0.07819244 -1
-0.1472936 -0.9860433 -0.0776099 -1
-0.04457368 -0.9989493 -0.01066385 -1
-0.04084998 -0.9991654 1.191098E-07 -1
-0.06761573 -0.9977115 1.189365E-07 -1
0.01515551 -0.9973815 -0.07071462 -1
-0.06761596 -0.9977115 1.189365E-07 -1
0.06181771 -0.9968197 -0.05029007 -1
0.06592481 -0.9978247 1.1895E-07 -1
-0.01218843 -0.9999259 1.192004E-07 -1
-0.01339303 -0.9999105 1.191986E-07 -1
-0.01335678 -0.999911 1.191987E-07 -1
-0.01212352 -0.9999267 1.192005E-07 -1
0.0659213 -0.9978249 1.1895E-07 -1
0.0862202 -0.9935669 0.07342436 -1
0.1422248 -0.9835258 0.1115777 -1
-0.06761596 -0.9977115 1.189365E-07 -1
-0.01334489 -0.9999111 1.191987E-07 -1
-0.06761592 -0.9977115 1.189365E-07 -1
-0.01211498 -0.9999268 1.192005E-07 -1
0.06592117 -0.9978249 1.1895E-07 -1
0.06092155 -0.996812 0.05152296 -1
0.01390508 -0.9973706 0.07112429 -1
0.01514241 -0.9973814 -0.07071867 -1
0.06180903 -0.9968197 -0.05030112 -1
0.06592436 -0.9978248 1.1895E-07 -1
-0.02740181 -0.9980624 0.05586266 -1
-0.02740214 -0.9980624 0.05586364 -1
-0.06761566 -0.9977115 1.189365E-07 -1
0.0151554 -0.9973815 -0.07071424 -1
-0.06761603 -0.9977115 1.189365E-07 -1
0.06181766 -0.9968199 -0.05028982 -1
0.06592488 -0.9978247 1.1895E-07 -1
-0.06858768 -0.9966508 -0.04453208 -1
-0.03474386 -0.9959772 -0.08259816 -1
0.01479713 -0.9973785 -0.07083385 -1
0 -1 1.192093E-07 -1
0 -1 1.192093E-07 -1
-0.02740188 -0.9980624 0.05586266 -1
-0.02740218 -0.9980624 0.05586364 -1
-0.09573572 -0.9933614 -0.06378207 1
-0.108436 -0.9939408 0.01798442 1
-0.1062434 -0.9909372 -0.08219504 1
-0.1053595 -0.9933948 0.0454565 1
-0.09054165 -0.9910967 0.09761956 1
-0.1194909 -0.9887622 0.08984186 1
-0.1314492 -0.9720876 0.1943381 1
-0.2143188 -0.9685228 0.1266138 1
-0.1068729 -0.9724 0.2074047 1
-0.1314013 -0.9649776 0.2270507 1
0.9253935 0.2211417 0.3078039 1
0.4768203 0.476485 0.7386505 1
0.5080162 0.4768668 0.7172989 1
0.9295666 0.2109769 0.3023157 1
0.389873 0.5578638 0.7326576 1
-0.04347031 -0.2849492 -0.9575566 1
0.7915937 0.5152568 0.3284661 1
0.7309981 0.526395 0.4342238 1
0.8653067 0.4403317 0.2394835 1
0.9135367 0.3031644 -0.2711865 1
0.07573365 -0.3582884 -0.9305343 1
-0.9520504 -0.1905553 -0.2393502 1
-0.8652895 -0.4280697 -0.2608266 1
-0.964343 -0.1852637 -0.1889973 1
-0.9954895 -0.02572799 0.09131704 1
-0.9882858 -0.1041239 0.1115758 1
-0.108436 -0.9939408 -0.01798362 -1
-0.09573574 -0.9933612 0.06378281 -1
-0.1062433 -0.9909372 0.0821958 -1
-0.1053596 -0.9933948 -0.04545575 -1
-0.09054176 -0.9910969 -0.09761883 -1
-0.119491 -0.9887622 -0.08984111 -1
-0.1314494 -0.9720876 -0.1943374 -1
-0.2143185 -0.9685231 -0.1266132 -1
-0.106873 -0.9724001 -0.207404 -1
-0.1314012 -0.9649779 -0.2270498 -1
0.9242323 0.3218465 -0.2054493 -1
0.4883923 0.1363866 -0.8619002 -1
0.3959456 0.08162343 -0.9146392 -1
0.6115165 0.2090577 -0.7631137 -1
0.2798352 0.05880022 -0.9582458 -1
0.5064673 0.1497331 -0.849159 -1
0.2883848 0.1121284 -0.9509268 -1
0.8755922 0.3929128 -0.2809943 -1
0.5469441 0.1700662 -0.8197133 -1
0.3035804 0.1302548 -0.9438606 -1
0.7371201 0.5729167 0.358358 -1
0.5837447 0.471796 0.6607957 -1
0.4755769 0.5393662 0.6949177 -1
0.8912872 0.3621528 -0.27286 -1
0.9868495 0.07441676 -0.1434923 -1
0.9714216 0.2077946 0.114724 -1
0.7659112 -0.3324229 -0.5503409 -1
0.4811885 0.1127663 -0.8693339 -1
0.2776264 0.129242 -0.951956 -1
0.8784352 0.2669987 -0.3963123 -1
0.9242965 0.131554 -0.3582869 -1
0.4184671 0.09719733 -0.9030161 -1
0.2639189 0.1238587 -0.9565594 -1
0.7063129 0.05794577 -0.7055243 -1
0.700434 0.09818758 -0.7069311 -1
0.9235826 0.07199566 -0.3765791 -1
0.9248205 0.0537557 -0.3765866 -1
0.9879831 -0.01403626 0.1539231 -1
0.9955584 -0.01001483 0.09361129 -1
0.9181359 -0.09353253 0.3850691 -1
0.8309981 -0.1030081 0.546655 -1
0.9986358 -0.03339251 -0.04014337 -1
0.9738764 -0.01345966 0.2266799 -1
0.7686322 -0.1469323 0.6225878 -1
0.5974088 -0.3200508 0.7353029 -1
0.6861781 -0.3353758 0.6455098 -1
0.5515997 -0.4977227 0.6693355 -1
0.6833273 -0.4790676 0.5509611 -1
0.9299526 -0.05118804 0.3640988 -1
0.9277862 -0.1860896 0.3233935 -1
0.9222814 -0.2317729 0.3093191 -1
0.9850031 0.09460276 0.144289 -1
0.9947127 1.224248E-08 0.1026974 -1
0.9903477 -0.01375963 0.1379205 -1
0.99913 4.97167E-09 0.0417054 -1
0.9973426 8.684864E-09 0.07285393 -1
0.9981719 0.02044712 -0.05687456 -1
0.9973484 0.03103399 -0.06582496 -1
0.9915099 0.06750257 -0.111138 -1
0.9991428 0.01954774 0.03649002 -1
0.9918934 0.1158255 0.05226836 -1
0.9984676 -6.596782E-09 -0.05533783 -1
0.9903517 0.09718254 0.09878831 -1
0.9964209 0.02814262 -0.07970908 -1
0.9888231 0.0909178 -0.1181651 -1
0.9992447 -0.01177071 0.03703389 -1
0.9976356 0.0653184 -0.02137255 -1
0.9953181 0.01030276 -0.09610336 -1
0.9881331 -0.0509931 0.1448884 -1
0.9963633 -0.01097593 -0.0844966 -1
0.9805331 -0.03055285 0.1939619 -1
0.9887789 -0.1425212 -0.04476446 -1
0.9954298 -0.09192067 -0.02588527 -1
0.9815289 -0.1876007 -0.03751125 -1
0.9744522 -0.0327829 0.2221892 -1
0.9343978 -0.04641324 0.353195 -1
0.9417039 -0.03040981 0.3350658 -1
0.9988759 5.650531E-09 0.0474001 -1
0.9999325 1.385601E-09 0.01162327 -1
0.8885142 0.2701485 0.370894 -1
0.9389437 0.054896 0.3396631 -1
0.9634881 -0.03430092 0.265545 -1
1 0 0 -1
0.9991591 -4.887661E-09 -0.04100068 -1
0.7878289 0.2685709 0.5542521 -1
0.6770949 0.3626637 0.6403261 -1
0.7059336 0.1980422 0.6800272 -1
0.5904757 0.3190797 0.7413007 -1
0.6173525 0.2884017 0.7319157 -1
0.8524399 6.232563E-08 0.5228253 -1
0.9965519 -0.01084507 0.08226031 -1
0.9164544 -0.05116578 0.3968543 -1
0.8140194 0.06113637 0.5776113 -1
0.85507 0.230458 0.464483 -1
0.9982882 6.972138E-09 0.05848654 -1
0.7442857 0.2391713 0.6235672 -1
0.8597168 0.02311106 0.5102479 -1
0.8702766 0.1422186 0.4715851 -1
0.8616869 0.2087804 0.4625002 -1
0.9319116 0.1692427 0.3207769 -1
0.9388498 0.1080105 0.3269477 -1
0.9554315 0.03709226 0.2928734 -1
0.9879339 0.05141183 0.1460941 -1
0.9875646 0.1057482 0.1163335 -1
0.9394772 -0.179554 -0.2917927 -1
0.9896615 -0.01717544 0.1423912 -1
0.9647593 -0.03522908 0.2607651 -1
0.9557973 -0.1337068 -0.2618667 -1
0.9940535 1.298107E-08 0.1088931 -1
0.9829112 -0.02681365 0.1821171 -1
0.810025 -0.2338102 -0.5377659 -1
0.9749311 -0.02416209 -0.2211916 -1
0.8974163 -0.04925445 -0.4384267 -1
0.8801681 -0.03574275 -0.4733146 -1
0.9947146 -0.0122515 0.1019447 -1
0.9902871 0.01964901 -0.1376419 -1
1 0 0 -1
0.9414978 -4.017581E-08 -0.3370191 -1
0.9127879 -0.06510539 -0.4032117 -1
0.9939418 -0.01506497 0.1088704 -1
0.9961052 1.051106E-08 0.08817315 -1
0.9782737 -0.0133836 -0.2068853 -1
0.9898514 -0.02676289 0.1395634 -1
0.9884894 -0.06963236 0.1343129 -1
0.9943326 0.09620059 0.04525636 -1
0.990301 1.656277E-08 0.1389386 -1
0.9906965 0.03784399 0.1307217 -1
0.9707844 -0.221931 -0.09123732 1
0.9801049 -0.1874658 -0.0651999 1
0.9803248 -0.1903631 -0.05220383 1
0.9788287 -0.2016602 -0.03503558 1
0.9859664 -0.1543795 -0.06353983 1
0.9904069 -0.1376111 -0.0125489 1
0.8789416 -0.3174282 -0.3559509 1
0.9883181 -0.1116842 -0.1037006 1
0.9434731 -0.1964471 -0.2669591 1
0.7848244 -0.3898658 -0.4817212 1
0.8867781 -0.2461399 -0.3912032 1
0.93362 -0.09202739 -0.3462437 1
0.9849498 -0.1639729 -0.05465169 -1
0.9762591 -0.1995542 -0.0842386 -1
0.9744819 -0.2149905 -0.06453118 -1
0.9829074 -0.182302 -0.02567297 -1
0.9977688 -0.02507132 0.0618788 -1
0.899159 -0.2798103 -0.3364807 -1
0.9894104 -0.1162684 0.08688341 -1
0.9138172 -0.2572816 -0.314236 -1
0.952336 -0.0870731 0.29236 -1
0.8761042 -0.1081353 0.4698386 -1
0.7153122 -0.2505777 -0.6523338 -1
0.6991163 -0.2825483 -0.6568128 -1
0.6020047 -0.2694907 -0.7516416 -1
0.7686065 -0.1998372 -0.6077082 -1
0.8164033 -0.1996515 -0.5418717 -1
0.9569038 -0.2291077 -0.1784511 -1
0.8967372 -0.2145316 -0.3870899 -1
0.8691835 -0.2027891 -0.4509954 -1
0.9556534 -0.2197699 -0.1960302 -1
0.9718032 -0.2289789 -0.0562796 -1
0.8647439 -0.3096816 0.3953672 -1
0.962415 -0.232151 0.1409364 -1
0.7426198 -0.1894506 0.6423585 -1
0.7100544 -0.3293509 0.6223752 -1
0.5223497 -0.3691948 0.7686651 -1
0.7436935 -0.3583625 0.5643548 -1
0.4572626 -0.4762928 0.7510367 -1
0.9609705 -3.297936E-08 -0.2766509 1
0.9472546 0.0580587 -0.3151794 1
0.9661547 -3.075166E-08 -0.2579636 1
0.9462299 0.0494317 -0.319696 1
0.9568259 -3.464958E-08 -0.2906618 1
0.8549511 0.2668647 -0.4447941 1
0.8521014 0.2889399 -0.4363908 1
0.81214 0.2883517 -0.5072297 1
0.7862594 0.3461354 -0.5118462 1
0.9529584 0.1211371 -0.2778418 1
0.9636371 -0.068323 -0.2583321 1
0.9477048 -0.1822978 -0.2619603 1
0.9546331 0.06442688 -0.2907317 1
0.8961303 0.3142266 -0.3133885 1
0.8793715 0.3317648 -0.3415231 1
0.5710495 0.724885 -0.385285 1
0.5204375 0.7517995 -0.404898 1
0.1517929 0.94324 -0.295394 1
0.1550773 0.9372349 -0.312317 1
0.2787476 0.9601735 -0.01915064 1
0.2289 0.9723817 -0.04559598 1
0.6619775 0.748907 -0.03040109 1
0.6248824 0.7806103 -0.01302584 1
0.8523966 0.5210192 0.0442621 1
0.8687965 0.4908235 0.06545883 1
0.8670613 0.4913985 0.08205053 1
0.914161 0.3622817 0.1818287 1
-0.9954894 -0.02572946 -0.09131677 -1
-0.9882857 -0.1041264 -0.1115758 -1
-0.9643431 -0.1852632 0.1889976 -1
-0.9520504 -0.1905555 0.2393503 -1
-0.8652893 -0.4280703 0.2608261 -1
-0.04347109 -0.2849496 0.9575563 -1
0.9135374 0.3031621 0.271187 -1
0.07573353 -0.3582878 0.9305345 -1
0.9295666 0.2109767 -0.3023156 -1
0.925394 0.2211398 -0.3078038 -1
0.4768204 0.4764857 -0.7386501 -1
0.5080157 0.4768683 -0.7172983 -1
0.3898731 0.5578656 -0.7326562 -1
0.7915939 0.5152568 -0.3284656 -1
0.8653071 0.4403311 -0.2394836 -1
0.7309973 0.5263958 -0.434224 -1
-0.2571527 0.808991 0.5285891 -1
-0.3973475 0.7595593 0.5149609 -1
-0.7540273 0.6131731 0.235503 -1
-0.07396106 0.606461 0.791666 -1
-0.1187281 0.7636683 0.634598 -1
-0.1864131 0.8148813 0.5488341 -1
-0.1685188 0.8110337 0.5602018 -1
-0.1754484 0.8012386 0.5720444 -1
-0.1843678 0.8017241 0.5685482 -1
-0.1350095 0.8050526 0.5776357 -1
-0.1607486 0.8080866 0.5667065 -1
-0.05523271 0.8238285 0.5641421 -1
-0.08775704 0.8210166 0.5641195 -1
-0.07299919 0.8355817 0.5444946 -1
-0.0717288 0.8356077 0.5446237 -1
-0.072088 0.8377643 0.5412526 -1
-0.07329296 0.8378882 0.5408991 -1
-0.07534532 0.8216392 0.5650066 -1
-0.07245993 0.821833 0.565102 -1
-0.07160315 0.81357 0.5770417 -1
0.01209125 0.07386451 -0.9971951 1
0.1015586 0.3069774 -0.9462828 1
0.08736815 0.02973508 -0.9957324 1
-0.01795194 -0.04796023 -0.998688 1
-0.05235713 -0.04130978 -0.9977737 1
0 -1.192093E-07 -1 1
-0.01360837 -1.191982E-07 -0.9999075 1
0 -1.192093E-07 -1 1
-0.06583092 -0.02766213 -0.9974474 1
-0.06677058 -0.02759588 -0.9973868 1
-0.0285324 -1.191608E-07 -0.999593 1
-0.02850303 -1.191609E-07 -0.9995938 1
0 0.01817014 -0.999835 1
0 0.01748766 -0.9998472 1
0.01386404 0.01798397 -0.9997422 1
0.0131536 0.01873967 -0.9997379 1
0.01444551 0.01842378 -0.999726 1
0.01293069 0.02038758 -0.9997086 1
0 0.02137595 -0.9997717 1
0 0.02213806 -0.9997551 1
0 0.0203114 -0.9997938 1
0 0.01955432 -0.999809 1
0.01073674 0.02207996 -0.9996986 1
0.01041298 0.02240058 -0.9996949 1
0.01324575 0.02739883 -0.999537 1
0.01466224 0.02697012 -0.9995288 1
0.01340144 0.03035676 -0.9994494 1
0.9986602 -0.04616819 -0.02337218 1
0.9995437 3.600357E-09 0.03020198 1
0.9971554 8.98513E-09 0.07537274 1
0.9989973 -0.01240938 0.0430184 1
0.9962661 -0.02177642 0.08354396 1
0.9965139 -0.02256417 0.08031761 1
0.7623163 -0.4775375 0.436843 1
0.8830717 5.593755E-08 0.4692382 1
0.8850626 -0.06217752 0.4613006 1
0.9007088 0.3714443 0.2252838 1
0.9344422 0.3412453 0.1018309 1
0.8359126 0.5323583 -0.1335842 1
0.8283343 0.5116029 -0.2283088 1
0.657465 0.616812 -0.432762 1
0.6982739 0.5808994 -0.4182936 1
0.6060429 0.661247 -0.4421136 1
0.5108301 0.649488 -0.5632212 1
0.4578056 0.6949848 -0.5544459 1
0.4616111 0.6551082 -0.598121 1
0.3935854 0.7421368 -0.5425161 1
0.3913855 0.7123071 -0.5826115 1
0.3213744 0.762005 -0.5621983 1
0.9477048 -0.1822979 0.2619602 -1
0.9636372 -0.06832293 0.258332 -1
0.9529585 0.1211372 0.2778417 -1
0.9546332 0.06442703 0.2907315 -1
0.8961303 0.3142267 0.3133882 -1
0.8793715 0.3317649 0.341523 -1
0.5710496 0.7248847 0.3852848 -1
0.5204377 0.7517995 0.4048979 -1
0.1517928 0.94324 0.2953937 -1
0.1550772 0.9372349 0.3123168 -1
0.2787468 0.9601738 0.01915026 -1
0.2288993 0.9723819 0.04559572 -1
0.661343 0.7495444 0.02843759 -1
0.6131287 0.7893746 0.03100346 -1
0.8533267 0.5193228 -0.04623323 -1
0.8609263 0.5047683 -0.06336197 -1
0.8744161 0.4789882 -0.07724584 -1
0.914161 0.3622817 -0.1818288 -1
0.5818192 -0.3055925 -0.753724 1
0.5595353 -0.264457 -0.7854826 1
0.9172826 0.174388 -0.3580245 1
0.7743976 -0.1407922 -0.6168355 1
0.9525958 -0.07261674 -0.2954457 1
0.8451892 0.4510271 -0.2867575 1
0.9560858 0.1219704 -0.2665017 1
0.9078089 0.3575596 -0.219167 1
0.9444789 -0.04003825 -0.3261238 1
0.9444915 0.06025117 -0.322964 1
0.6783543 -0.3188297 -0.6619542 -1
0.7505399 -0.02038843 -0.6605107 -1
0.8638298 0.1062073 -0.4924614 -1
0.6340523 -0.3775485 -0.6748592 -1
0.5600752 -0.6067471 -0.564069 -1
0.1074144 -0.9910733 0.07896853 1
0 -0.9994728 0.03247367 1
-0.02868189 -0.9993048 0.02382448 1
0.105763 -0.9936585 -0.03817398 1
-0.9596096 -3.353773E-08 -0.2813349 1
-0.8462671 -0.5325197 0.01596855 1
0 -0.9998234 -0.01880064 1
-0.1241428 -0.9891698 -0.07830581 1
-0.1226244 -0.9892823 0.07927179 1
0 -0.9995695 0.02934449 1
-0.03487147 -0.9980661 0.05146074 1
0.1322566 -0.9884784 0.07361415 1
0 -0.9995533 -0.02989051 1
0.02634455 -0.9996531 1.191679E-07 1
0.1426095 -0.9883719 -0.05276151 1
-0.9584078 -3.402259E-08 -0.2854022 1
-0.7308488 -0.6809396 0.04670542 1
-0.0365527 -0.99863 0.03744466 1
-0.155936 -0.9846676 -0.07819034 1
-0.1472935 -0.9860433 0.07761034 1
-0.04457359 -0.9989493 0.01066421 1
-0.04084988 -0.9991654 1.191098E-07 1
0.1160215 -0.9900994 0.07900989 1
0 -0.9999219 0.0125061 1
-0.01273355 -0.9997851 0.01636874 1
0.1162048 -0.9923971 -0.04055465 1
-0.9672017 -3.02803E-08 -0.2540096 1
-0.8298476 -0.5575465 0.02224485 1
0 -1 1.192093E-07 1
-0.1334215 -0.9880046 -0.07775401 1
-0.1313585 -0.9880416 0.08073957 1
0 -0.9996766 0.02543318 1
-0.03772895 -0.9986338 0.03615567 1
0.3988904 0.4930568 -0.7731634 1
0.4190479 0.4354692 0.7967219 1
0.5063362 0.4290543 -0.7480215 1
0.3164384 0.4589357 -0.8302079 1
0.1743461 0.3530771 -0.9192063 1
0.5354926 0.3631878 -0.7624581 1
0.9395161 -0.1086243 0.3248235 1
0.9776534 -0.06564458 0.1997117 1
-0.3940909 -0.338852 0.8543254 1
-0.4692332 -0.3635477 0.8047692 1
-0.9379944 -0.05384896 0.3424425 1
-0.9520851 -0.05601145 0.3006603 1
-0.5823715 -0.4398727 0.683634 1
-0.2925363 -0.325376 0.8991958 1
-0.9562584 -0.2117282 0.2018446 1
-0.6036304 -0.2510914 0.7566926 1
0.9195727 0.08816286 0.3829013 1
0.9809637 0.01936656 0.1932229 1
0.9500666 0.06385788 0.3054435 1
0.8887522 0.1031409 0.4466336 1
0.9971291 9.026454E-09 0.07571939 1
0.8756116 0.05423981 0.4799608 1
0.9867418 0.01210976 0.1618451 1
0.909893 0.09740362 0.403246 1
0.9572201 0.05506416 0.2840735 1
0.7106227 0.2989885 0.6368841 -1
0.9619033 0.2576123 0.0915312 -1
0.9341339 0.311974 0.1733959 -1
0.7620547 0.2966319 0.5755713 -1
0.7305381 0.4736358 0.491918 -1
-0.1333059 0.02656911 -0.9907189 -1
0.1968592 -0.3220345 -0.9260348 -1
0.3312556 -0.2673101 -0.9048841 -1
-0.9657596 -0.1493178 -0.2121617 -1
-0.9504166 -0.1789117 -0.2543599 -1
-0.9292843 0.1875535 0.318205 -1
-0.9474017 0.2256599 0.226953 -1
-0.9464716 -0.3093411 0.09219385 -1
-0.8419597 -0.5069632 -0.1846405 -1
-0.8100199 -0.5472832 -0.2105921 -1
-0.8966479 -0.4399595 0.04958162 -1
-0.8930646 -0.3006202 0.3347582 1
-0.9474018 0.22566 -0.2269528 1
-0.9292845 0.1875532 -0.3182046 1
-0.9464717 -0.3093408 -0.09219372 1
-0.965759 -0.1493204 0.2121625 1
-0.8329175 -0.5189343 0.192239 1
-0.8966479 -0.4399595 -0.04958141 1
-0.8095009 -0.5433969 0.2223244 1
-0.1143728 1.18427E-07 0.9934381 1
-0.03944727 0.3881042 0.9207711 1
0.3312551 -0.2673079 0.9048849 1
0.9619029 0.2576138 -0.09153064 1
0.9669904 0.2469154 -0.06294722 1
0.7305387 0.4736341 -0.4919188 1
0.7106228 0.2989875 -0.6368844 1
0.7620549 0.2966306 -0.5755716 1
0.7078151 -0.01185637 -0.7062983 -1
0.6387309 -0.3169775 -0.7011049 -1
0.7006065 0.08097423 -0.7089385 -1
0.7228197 -0.234886 -0.6498926 -1
0.7053561 0.1793321 -0.6857935 -1
0.6957021 0.2598111 -0.669699 -1
0.7078951 -8.419962E-08 -0.7063177 -1
0.6569088 0.3706193 -0.6565915 -1
0.695702 0.2598115 -0.6696991 -1
0.7248279 -0.1438674 -0.6737409 -1
0.7342596 -0.01774144 -0.678637 -1
0.6176792 -0.4885608 -0.6162637 -1
0.7078863 -8.420067E-08 -0.7063265 -1
0.7151808 0.02416744 -0.6985217 -1
0.6088504 0.5152531 -0.6031713 -1
0.6176784 -0.4885615 -0.6162637 -1
0.6880336 0.2455766 -0.6828632 -1
0.6753243 -0.330887 -0.6591289 -1
-0.2854623 -0.8605538 -0.4218515 -1
-0.4169149 0.8632985 0.2844256 -1
-0.3105125 0.9469997 -0.08230442 -1
-0.5608167 0.8090909 0.1756606 -1
-0.3456211 0.9177849 -0.1954917 -1
-0.2661906 0.8672352 -0.4207683 -1
-0.2403452 0.8202748 -0.5190217 -1
-0.3887285 0.8942876 -0.2216751 -1
-0.2165098 0.8496808 -0.4807977 -1
-0.4587677 0.8559005 0.2386767 -1
-0.4575524 0.7182854 0.5241296 -1
-0.4345925 0.8678776 0.2406614 -1
-0.9379948 -0.0538447 -0.3424421 -1
-0.9520851 -0.05601212 -0.3006601 -1
-0.4692331 -0.363548 -0.8047692 -1
-0.3940923 -0.3388507 -0.8543254 -1
-0.4996714 -0.4105857 -0.7627242 -1
-0.8851545 -0.2347974 -0.4017111 -1
-0.7876149 -0.2642021 -0.5566506 -1
-0.5400476 -0.3687287 -0.7565632 -1
0.3941338 0.5919209 -0.7030566 -1
0.9395161 -0.1086227 -0.3248242 -1
0.9776534 -0.06564433 -0.1997115 -1
0.5354924 0.3631861 0.7624591 -1
0.5063363 0.4290545 0.7480214 -1
0.3988906 0.4930565 0.7731634 -1
0.1743464 0.3530734 0.9192077 -1
0.3164386 0.4589352 0.830208 -1
0.7078152 -0.01185731 0.7062982 1
0.7228194 -0.2348877 0.6498923 1
0.6957024 0.2598112 0.6696989 1
0.6387305 -0.3169795 0.7011044 1
0.7053565 0.1793315 0.6857932 1
0.7006069 0.08097332 0.7089382 1
-0.9756725 2.613461E-08 0.219233 1
-0.9379125 0.2737023 0.2130896 1
-0.8305022 0.5243475 0.1879513 1
-0.9767979 0.02930737 0.2121482 1
-0.9309034 -0.3074489 0.197216 1
-0.8543278 -0.4842641 0.1887122 1
0.7078866 8.420064E-08 0.7063262 1
0.6880343 0.2455752 0.6828629 1
0.608851 0.5152515 0.603172 1
0.7151811 0.02416729 0.6985213 1
0.675325 -0.3308865 0.6591285 1
0.6176796 -0.48856 0.616264 1
-0.9756796 2.613092E-08 0.219202 1
-0.9625282 0.1089644 0.2483272 1
-0.8305018 0.5243482 0.1879519 1
-0.9044656 -0.3684237 0.2149558 1
-0.9621652 0.1247341 0.2422385 1
-0.9070908 -0.3629767 0.2131528 1
0.7078952 8.41996E-08 0.7063175 1
0.7248281 -0.1438672 0.6737407 1
0.6957022 0.2598122 0.6696987 1
0.6176789 -0.4885608 0.616264 1
0.6569089 0.3706203 0.6565907 1
0.7342598 -0.01774094 0.6786368 1
-0.9756736 2.613406E-08 0.2192284 1
-0.9650341 -0.2052532 0.163035 1
-0.934783 0.2971203 0.1946797 1
-0.9171482 -0.3124371 0.2474312 1
-0.9604878 0.1924681 0.2010453 1
-0.9722226 0.06798837 0.223966 1
-0.3105129 0.9469994 0.08230413 1
-0.4169165 0.8632976 -0.2844257 1
-0.2854689 -0.8605511 0.4218527 1
-0.5608171 0.8090906 -0.1756612 1
-0.3456215 0.9177848 0.1954917 1
-0.2661908 0.8672352 0.4207681 1
-0.2403453 0.8202748 0.5190219 1
-0.3887289 0.8942874 0.2216753 1
-0.2165107 0.8496807 0.4807974 1
-0.4587689 0.8558999 -0.2386765 1
-0.4575549 0.7182839 -0.5241297 1
-0.4345944 0.8678763 -0.2406629 1
0.9997801 -0.0209719 2.500045E-09 1
0.9998035 0.01982722 -2.363589E-09 1
1 0 0 1
0.999265 -0.03833425 4.569799E-09 1
0.9988499 0.04794841 -5.715895E-09 1
0.999521 0.03094853 -3.689352E-09 1
1 0 0 1
1 0 0 1
1 0 0 1
0.9999447 1.253932E-09 0.01051874 1
0.9500667 0.06385997 -0.3054426 -1
0.9809644 0.0193447 -0.193222 -1
0.9195723 0.08816715 -0.3829012 -1
0.9971291 -9.026453E-09 -0.07571939 -1
0.8887504 0.1031619 -0.4466321 -1
0.9867421 0.01209128 -0.1618454 -1
0.8756116 0.05426703 -0.4799577 -1
0.9572192 0.05507509 -0.2840742 -1
0.9098905 0.09742828 -0.4032457 -1
-0.9756736 -2.613405E-08 -0.2192283 -1
-0.9604878 0.1924678 -0.2010453 -1
-0.934783 0.2971202 -0.19468 -1
-0.9650339 -0.205254 -0.1630348 -1
-0.9722226 0.06798755 -0.2239661 -1
-0.9171479 -0.3124383 -0.2474309 -1
-0.9755828 0.01377961 -0.2191996 -1
-0.9163538 0.3591559 -0.1769257 -1
-0.9521902 0.1507087 -0.2657457 -1
-0.9044657 -0.3684236 -0.2149556 -1
-0.9722226 0.06798735 -0.2239661 -1
-0.9561092 -0.1656753 -0.241675 -1
-0.9756736 -2.613404E-08 -0.2192283 -1
-0.960488 0.1924685 -0.2010439 -1
-0.9347828 0.2971216 -0.1946792 -1
-0.9650339 -0.2052538 -0.1630353 -1
-0.9722226 0.06798751 -0.223966 -1
-0.9171474 -0.3124389 -0.2474321 -1
0.4305896 0.802558 -0.4129085 -1
0.8009362 0.5835279 -0.1341517 -1
0.7878894 0.610463 -0.0810279 -1
0.8533034 0.5069491 0.1219672 -1
0.402498 0.8093731 -0.4276806 -1
0.2763037 0.9143841 -0.2959024 -1
0.9184519 0.390637 0.06203882 -1
0.9408869 0.3380847 0.0207493 -1
0.3025769 0.8932044 -0.3326158 -1
0.0925323 0.9460627 -0.3104889 -1
0.3699383 0.8638307 -0.3419683 -1
0.2977279 0.847478 -0.4394762 -1
0.3109007 0.8260118 -0.4701549 -1
0.2310525 0.801461 -0.5516115 -1
0.2894114 0.877919 -0.3814438 -1
0.2168898 0.8486922 -0.4823699 -1
0 0.8216678 -0.5699669 -1
0.6087077 0.735865 -0.2966107 -1
0.1812803 0.874452 -0.4499683 -1
-0.01622432 0.8609769 -0.5083854 -1
0.2089369 0.8708472 -0.444939 -1
0.3110901 0.906484 -0.2854994 -1
0.3561335 0.9014367 -0.2461322 -1
0.4257265 0.8704066 -0.2472842 -1
0.9164478 0.3984791 -0.03657632 -1
0.6048542 0.7510993 -0.2645777 -1
0.8058653 0.5602368 -0.1916139 -1
0.8156501 0.5217212 -0.2500442 -1
0.9673285 0.2263844 -0.1141304 -1
0.9211369 0.2793474 -0.2710575 -1
0.9482189 0.2981191 -0.1095716 -1
0.9489548 0.3131202 -0.03795731 -1
0.9802846 0.1918689 0.04720731 -1
0.8753256 0.3114402 -0.3698789 -1
0.8702683 -0.3940727 0.2955331 -1
0.9307106 0.3588345 -0.0708217 -1
0.9867945 -0.07784509 0.1420446 -1
0.8089229 0.5719128 0.1362342 -1
0.8009362 0.5835278 0.1341515 1
0.4305896 0.8025581 0.4129083 1
0.7878893 0.6104629 0.08102769 1
0.8533034 0.5069491 -0.1219673 1
0.402498 0.8093732 0.4276804 1
0.2763038 0.9143841 0.2959022 1
0.9191213 0.3895622 -0.05879788 1
0.9408872 0.3380838 -0.02074944 1
0.3025769 0.8932045 0.3326156 1
0.09253231 0.9460629 0.3104887 1
0.3699382 0.8638308 0.3419681 1
0.2977279 0.8474782 0.439476 1
0.3109007 0.8260118 0.4701547 1
0.2310525 0.8014612 0.5516113 1
0.2894114 0.8779191 0.3814436 1
0.2168898 0.8486923 0.4823697 1
0 0.8216679 0.5699667 1
0.608708 0.735865 0.2966101 1
0.3110901 0.9064841 0.2854992 1
0.1812803 0.8744521 0.4499681 1
-0.01622432 0.8609771 0.5083852 1
0.2089369 0.8708473 0.4449388 1
0.3561335 0.9014367 0.2461319 1
0.4257264 0.8704066 0.247284 1
0.9164487 0.398477 0.03657543 1
0.6048548 0.7510989 0.2645777 1
0.8058656 0.5602364 0.1916141 1
0.8156501 0.5217211 0.250044 1
0.9661114 0.2348994 0.1070101 1
0.9211372 0.2793461 0.2710574 1
0.9482195 0.2981172 0.1095717 1
0.9241216 0.3814115 0.02290537 1
0.9624293 0.2715325 -3.23692E-08 1
0.8753256 0.3114398 0.3698788 1
0.8702679 -0.3940749 -0.2955315 1
0.9463719 0.3191571 0.05019125 1
0.9867945 -0.07784519 -0.1420452 1
0.8089198 0.571917 -0.1362347 1
0.9890007 0.1479111 -1.763237E-08 -1
0.9887668 0.1494662 -1.781776E-08 -1
0.9887207 0.1497708 -1.785407E-08 -1
0.9889558 0.148211 -1.766813E-08 -1
-0.4110759 -0.5528144 -0.7248538 1
-0.4364215 -0.5416182 -0.7184611 1
-0.474426 -0.05983009 -0.87826 1
-0.4391093 -0.4469599 -0.7793652 1
-0.4620975 0.09751217 -0.8814518 1
-0.4696287 0.01233619 -0.882778 1
-0.4769661 0.04891136 -0.8775598 1
-0.452211 0.1636125 -0.8767762 1
-0.5166621 -0.08650146 -0.8518087 1
-0.5295343 -0.2755528 -0.8022869 1
-0.1477215 -0.5867813 -0.7961572 1
-0.0707794 -0.6800991 -0.7296956 1
0.3609349 -0.6866143 -0.6311 1
-0.5112299 -0.4131838 -0.7536067 1
0.04039823 -0.7132855 -0.6997085 1
0.4184974 -0.6657571 -0.6177602 1
0.5394451 -0.6884242 -0.4848416 1
-0.5274173 -0.05167696 -0.8480334 1
-0.4710194 -0.04728461 -0.8808547 1
-0.4695941 0.01910883 -0.8826757 1
-0.4636157 0.07355579 -0.882978 1
-0.4622009 0.1031144 -0.8807599 1
-0.4737975 -0.03268619 -0.8800272 1
-0.5295064 -0.02521707 -0.8479311 1
-0.4694893 0.03360435 -0.8822986 1
-0.4278331 -0.4712176 -0.771306 1
0.1749748 -0.7456447 -0.6429604 1
-0.3907117 -0.4601073 -0.797274 1
0.1881078 -0.6325341 -0.751343 1
0.5440936 -0.609974 -0.5761025 1
0.01218212 -0.2679937 -0.9633437 1
-0.5255602 -1.014181E-07 -0.8507565 1
-0.1165317 -0.2858513 -0.9511622 1
-0.4707917 0.01663944 -0.8820875 1
-0.4715811 -1.051215E-07 -0.8818228 1
-0.2219232 -0.195565 -0.9552511 1
-0.1282025 -0.1705799 -0.9769683 1
-0.425045 -0.2291487 -0.875687 1
-0.4713896 -1.051337E-07 -0.8819252 1
-0.468527 0.04218134 -0.8824417 1
-0.4754472 -0.07341736 -0.8766756 1
-0.4710901 0.01386265 -0.8819763 1
-0.4756533 -0.1752108 -0.8620066 1
-0.4735584 -0.03586944 -0.8800318 1
-0.4742718 -0.2178361 -0.8530029 1
-0.4740297 -0.04385938 -0.879416 1
-0.4756766 -0.1248767 -0.870711 1
-0.5126764 0.01911666 -0.8583692 1
-0.5020319 0.04742977 -0.8635477 1
-0.4700178 0.01511437 -0.8825276 1
-0.4744881 -0.05419884 -0.8785919 1
-0.4759805 -1.048393E-07 -0.879456 1
-0.4729748 0.01334519 -0.8809749 1
-0.4678611 0.05614858 -0.8820168 1
-0.4590551 -0.1321102 -0.8785303 1
-0.4946342 0.09094966 -0.8643293 1
-0.4689318 -0.0170398 -0.8830702 1
-0.3565276 -0.1069058 -0.9281484 1
-0.2782802 -0.1093032 -0.9542606 1
-0.379691 0.2738875 -0.8836405 1
-0.5943562 0.332656 -0.7321754 1
-0.6554483 0.2206127 -0.7223002 1
-0.4667936 0.07654397 -0.8810476 1
-0.4031019 0.9147151 0.02837717 1
-0.587317 0.7152001 0.3788768 1
-0.396228 0.3339106 -0.855282 1
-0.4475284 0.1072866 -0.8878108 1
-0.4329504 -0.08756761 -0.8971545 1
-0.4721992 -0.1942579 -0.8598209 1
0.1809153 0.9823125 0.04829157 1
0.6221181 0.7047623 0.3409973 1
-0.4377606 -0.5188678 -0.734263 1
-0.6129781 0.3088788 -0.727222 1
0.3069666 0.5881277 -0.7482497 1
0.6572253 0.08072729 -0.7493585 1
-0.760854 0.2660755 -0.5918658 1
-0.1817971 0.298976 -0.9367834 1
-0.09253258 -0.1583554 -0.9830369 1
-0.5534446 0.5068862 -0.6608825 1
-0.8577144 0.205269 -0.4713711 1
-0.9125 0.1733722 -0.370521 1
-0.8353657 -0.2581119 -0.4853273 1
-0.8593183 -0.2121141 -0.4653813 1
-0.5080734 -0.7306393 -0.4561005 1
-0.6588957 -0.5139444 -0.5492885 1
-0.3386864 -0.7833387 -0.5212219 1
-0.4667261 -0.5603582 -0.6842263 1
-0.3482388 -0.7716626 -0.5322283 1
-0.442881 -0.4719439 -0.7623159 1
-0.4736704 -0.1892793 -0.860122 1
-0.4507774 -0.3738096 -0.8105963 1
-0.4704334 -0.2736376 -0.8389369 1
-0.4632007 0.09643637 -0.8809912 1
-0.4739882 -0.04436655 -0.8794128 1
-0.4534562 0.09238754 -0.8864774 1
-0.4726481 -0.0244061 -0.8809133 1
-0.47133 -0.2267562 -0.8523085 1
-0.474179 -0.03639595 -0.8796759 1
-0.4780222 -0.1842588 -0.8588036 1
-0.4700353 -0.02855824 -0.8821856 1
-0.4757317 -0.1676089 -0.8634737 1
-0.4363009 0.06661175 -0.897332 1
-0.4565673 0.04091736 -0.8887476 1
-0.4376708 0.0540803 -0.8975075 1
-0.1701502 -0.08933195 -0.9813608 -1
-0.2055938 -0.1055778 -0.9729259 -1
-0.1230463 0.5103465 -0.8511206 -1
0.1530534 0.3660939 -0.9179053 -1
-0.1140601 0.8529683 -0.5093481 -1
0.08168308 0.9482154 -0.3069456 -1
0.02318088 0.9774585 -0.2098521 -1
-0.1107432 0.6417348 -0.758889 -1
0.172226 0.8968199 -0.4074955 -1
0.1614202 0.8381444 -0.521016 -1
-0.1282524 0.03465779 -0.9911358 -1
-0.1770313 0.4374636 -0.8816382 -1
-0.08339638 0.2436311 -0.966276 -1
-0.2046386 -0.0423382 -0.9779217 -1
-0.1292131 -0.01569978 -0.9914927 -1
-0.03655817 0.04439842 -0.9983449 -1
-0.1044818 0.1958167 -0.9750588 -1
0 0.3022136 -0.9532403 -1
-0.0349056 0.352803 -0.9350465 -1
-0.07091521 0.302771 -0.9504215 -1
0 0.4341035 -0.9008632 -1
-0.08014689 0.2236543 -0.9713678 -1
-0.1464998 0.0186312 -0.9890353 -1
-0.1554445 -0.02137849 -0.9876133 -1
-0.165352 -0.06103875 -0.9843441 -1
-0.160772 -0.03333182 -0.9864287 -1
-0.1600549 -0.02632511 -0.9867572 -1
-0.1696175 -0.05795623 -0.9838045 -1
-0.1799868 -0.09870087 -0.9787048 -1
-0.1601608 -0.02319798 -0.9868184 -1
-0.20531 -0.1666289 -0.964408 -1
-0.0102582 0.4229078 -0.9061148 -1
-0.2269836 -0.2846386 -0.9313751 -1
-0.09588501 0.204385 -0.9741833 -1
-0.2607641 -0.4015086 -0.8779483 -1
-0.2097583 -0.2341584 -0.9493006 -1
-0.2626953 -0.4199905 -0.8686768 -1
-0.2870497 -0.5826657 -0.7603311 -1
-0.3080441 -0.7716869 -0.5564247 -1
-0.3170303 -0.8289607 -0.4607778 -1
-0.3155982 -0.8856158 -0.3407092 -1
-0.3037066 -0.6838436 -0.6634158 -1
-0.1519866 -0.07078116 -0.985845 -1
0.05019119 0.6098991 -0.7908882 -1
0.1485296 0.7948394 -0.5883617 -1
0.09561118 0.6878363 -0.7195415 -1
-0.03988029 0.3656411 -0.9299012 -1
0 0.4516999 -0.8921701 -1
-0.1473764 0.01508733 -0.9889655 -1
-0.06102464 0.2901852 -0.9550228 -1
-0.04023548 0.3483826 -0.9364886 -1
-0.08246174 0.2213643 -0.9716986 -1
-0.1070283 0.1765763 -0.9784508 -1
-0.1350976 0.05621127 -0.9892367 -1
-0.1107368 0.1345948 -0.9846938 -1
-0.1112188 0.1301743 -0.9852336 -1
-0.1193338 0.1024053 -0.987559 -1
-0.129431 0.07323819 -0.9888802 -1
-0.1242186 0.07443702 -0.989459 -1
-0.1154039 0.05919413 -0.9915534 -1
-0.1308756 0.0498627 -0.9901443 -1
-0.1314607 0.0301046 -0.9908643 -1
-0.1284584 0.03403285 -0.9911309 -1
-0.1254164 0.08066247 -0.9888198 -1
-0.1314 0.06776691 -0.9890106 -1
-0.1087183 0.1392148 -0.9842762 -1
-0.1400707 0.04024578 -0.9893233 -1
-0.1470173 0.01396866 -0.9890354 -1
-0.1597176 -0.04208759 -0.9862652 -1
-0.1646797 -0.04584952 -0.9852811 -1
-0.1623183 -0.05562587 -0.9851695 -1
-0.1808874 -0.03024533 -0.9830388 -1
-0.1592247 -0.0218723 -0.9870002 -1
-0.1487173 -0.02813979 -0.9884794 -1
0.9875365 -0.1573907 1.876243E-08 -1
0.9873161 -0.1587671 1.892651E-08 -1
0.9861068 -0.1661132 1.980223E-08 -1
0.9863607 -0.1645986 1.962168E-08 -1
0.986878 -0.1614677 1.924845E-08 -1
0.9852483 -0.1711309 2.040039E-08 -1
0.9855729 -0.1692515 2.017635E-08 -1
0.9871899 -0.1595495 1.901978E-08 -1
0.9853897 -0.1703151 2.030314E-08 -1
0.9856042 -0.1690694 2.015464E-08 -1
0.9866357 -0.1629419 1.942418E-08 -1
0.9864262 -0.1642053 1.95748E-08 -1
0.9863777 -0.1644961 1.960946E-08 -1
0.9865624 -0.1633846 1.947697E-08 -1
0.987503 -0.1576002 1.87874E-08 -1
0.987322 -0.1587304 1.892213E-08 -1
0.9875364 -0.157391 1.876247E-08 1
0.9863605 -0.1645992 1.962175E-08 1
0.9861066 -0.1661139 1.980232E-08 1
0.987316 -0.1587675 1.892655E-08 1
0.9868779 -0.1614683 1.924852E-08 1
0.9871898 -0.1595501 1.901985E-08 1
0.9855729 -0.1692518 2.017638E-08 1
0.9852483 -0.1711311 2.040041E-08 1
0.9853896 -0.1703155 2.030318E-08 1
0.9864262 -0.1642055 1.957482E-08 1
0.9866356 -0.162942 1.942419E-08 1
0.9856042 -0.1690697 2.015468E-08 1
0.9863777 -0.1644963 1.960948E-08 1
0.9873219 -0.1587304 1.892214E-08 1
0.987503 -0.1576002 1.878741E-08 1
0.9865624 -0.1633848 1.947699E-08 1
0.4230693 -0.07378501 -0.9030883 -1
0.5066729 -0.08600074 -0.8578383 -1
0.4906881 -0.07550571 -0.8680578 -1
0.4153817 -0.0751097 -0.9065411 -1
0.4386347 -0.08337757 -0.8947893 -1
0.4005348 -0.06986335 -0.9136143 -1
0.3828168 -0.09098534 -0.9193331 -1
0.3423728 -0.105095 -0.9336682 -1
0.3682803 -0.1018207 -0.9241225 -1
0.3988559 -0.06383799 -0.914789 -1
0.3906607 -0.06036059 -0.9185538 -1
0.3894955 -0.05407605 -0.9194397 -1
0.3794399 -0.07357723 -0.9222863 -1
0.4022681 -0.0319862 -0.9149631 -1
0.3928571 -0.06276743 -0.9174551 -1
0.4071882 -1.088791E-07 -0.9133444 -1
0.4110105 0.07220963 -0.9087663 -1
0.411816 0.08260318 -0.9075155 -1
0.4079131 0.04595233 -0.9118637 -1
0.4119687 0.09102802 -0.9066399 -1
0.4024925 -1.09127E-07 -0.9154233 -1
0.4091621 0.02767817 -0.912042 -1
0.410364 0.05518369 -0.9102507 -1
0.4122842 0.1090788 -0.904502 -1
0.4129015 0.2115371 -0.8858694 -1
-0.9954276 0.02318367 -0.09266198 -1
-0.9986188 0.0186767 -0.04910911 -1
-0.9984981 0.01849527 -0.05156974 -1
-0.9956065 0.0232785 -0.09069654 -1
-0.9986738 0.01928837 -0.04773575 -1
-0.9964078 0.02242576 -0.08166215 -1
-0.9802691 0.03427101 -0.1946742 -1
-0.9870697 0.02694159 -0.1580109 -1
-0.9929314 0.0192415 -0.1171201 -1
-0.9815016 0.02803676 -0.1893894 -1
-0.9853134 0.02474648 -0.1689533 -1
0.8324704 0.3170322 0.4544046 -1
0.7906095 0.1450941 0.5948818 -1
0.8241787 0.2586047 0.5038384 -1
0.8420404 0.398237 0.3638342 -1
0.7849783 0.3844302 0.4858215 -1
0.8402203 0.3727693 0.393793 -1
0.7567696 0.3834698 0.5293871 -1
0.8638739 0.4003996 0.3056175 -1
0.7855974 0.4121737 0.4614646 -1
0.8625675 0.3601742 0.3553194 -1
0.835821 0.4816347 0.2634982 -1
0.8619112 0.3613287 0.35574 -1
0.8470359 0.4039906 0.3454298 -1
0.4905708 -0.07593658 -0.8680865 1
0.5065574 -0.08694468 -0.8578115 1
0.4225463 -0.07635644 -0.9031193 1
0.4151346 -0.0759292 -0.906586 1
0.4387652 -0.0830626 -0.8947547 1
0.4001989 -0.06874946 -0.9138461 1
0.3826301 -0.09360424 -0.9191478 1
0.3426082 -0.1041537 -0.9336872 1
0.3697115 -0.09311111 -0.9244696 1
0.3981763 -0.06975198 -0.9146532 1
0.3904713 -0.06227003 -0.9185069 1
0.3893512 -0.05507911 -0.9194413 1
0.3791732 -0.07476447 -0.9223005 1
0.4019577 -0.03256133 -0.9150792 1
0.3944432 -0.05110626 -0.9174981 1
0.4071815 -1.088795E-07 -0.9133474 1
0.4108506 0.07259987 -0.9088076 1
0.411581 0.08094928 -0.9077712 1
0.4080149 0.0461788 -0.9118067 1
0.4121045 0.09072357 -0.9066087 1
0.4025832 -1.091222E-07 -0.9153835 1
0.4098762 0.02984574 -0.9116529 1
0.4104747 0.05730173 -0.9100699 1
0.4123322 0.1094782 -0.9044318 1
0.4125531 0.2086001 -0.8867278 1
0.9317983 0.03390988 0.3613892 -1
0.76683 -0.1359555 0.6272863 -1
0.9341956 0.2940864 0.2019693 -1
0.8967547 -0.0435891 0.4403761 -1
0.9666957 0.08793108 0.240349 -1
0.9655728 0.08693429 0.2451767 -1
0.9664943 0.05972589 0.249643 -1
0.9666923 0.05836661 0.2491974 -1
0.9629818 0.08265482 0.2565817 -1
0.9627646 0.08054475 0.2580639 -1
0.9453919 0.1428705 0.2929542 -1
0.943518 0.1314233 0.3041409 -1
0.9466156 0.1255663 0.2969042 -1
0.9368308 0.08075329 0.3403335 -1
0.9493603 0.1444902 0.2789942 -1
0.9482851 0.08908237 0.3046631 -1
0.9653369 -0.01311174 0.2606775 -1
0.9738435 0.04334238 0.2230476 -1
0.9849148 0.04498568 0.1670899 -1
-0.4744258 -0.0598298 0.87826 -1
-0.4364213 -0.5416179 0.7184613 -1
-0.4110753 -0.5528144 0.7248542 -1
-0.4391088 -0.4469597 0.7793655 -1
-0.4620974 0.09751241 0.881452 -1
-0.4696288 0.0123364 0.8827779 -1
-0.4769663 0.04891152 0.8775597 -1
-0.4522109 0.1636128 0.8767761 -1
-0.5166619 -0.08650124 0.8518087 -1
-0.5295343 -0.2755527 0.8022869 -1
-0.1477215 -0.5867811 0.7961574 -1
-0.07077941 -0.6800989 0.7296958 -1
0.3609348 -0.686614 0.6311002 -1
-0.5112299 -0.4131837 0.753607 -1
0.04039808 -0.7132853 0.6997086 -1
0.4184971 -0.6657569 0.6177605 -1
0.5394445 -0.6884243 0.484842 -1
-0.5274172 -0.05167684 0.8480335 -1
-0.4710194 -0.04728435 0.8808547 -1
-0.4695941 0.01910886 0.8826758 -1
-0.4636158 0.07355619 0.882978 -1
-0.4622009 0.1031145 0.8807599 -1
-0.4737975 -0.03268601 0.8800271 -1
-0.5295066 -0.02521726 0.8479311 -1
-0.4694894 0.033604 0.8822985 -1
-0.4278331 -0.4712178 0.7713059 -1
0.1749745 -0.7456445 0.6429606 -1
-0.3907116 -0.4601078 0.7972738 -1
0.1881082 -0.6325337 0.7513433 -1
0.5440933 -0.609974 0.5761027 -1
0.01218212 -0.2679934 0.9633438 -1
-0.5255601 1.014181E-07 0.8507566 -1
-0.1165317 -0.2858511 0.9511623 -1
-0.4707915 0.01663893 0.8820877 -1
-0.4715812 1.051215E-07 0.8818228 -1
-0.425045 -0.2291485 0.8756871 -1
-0.2496527 -0.1818287 0.9511109 -1
-0.2066798 -0.1627867 0.9647715 -1
-0.4713897 1.051337E-07 0.8819252 -1
-0.4685271 0.04218156 0.8824417 -1
-0.4754472 -0.07341702 0.8766756 -1
-0.4710899 0.01386267 0.8819764 -1
-0.4756537 -0.1752105 0.8620064 -1
-0.4735588 -0.03586912 0.8800317 -1
-0.474272 -0.2178356 0.853003 -1
-0.47403 -0.04385908 0.8794158 -1
-0.475676 -0.1248761 0.8707114 -1
-0.3381035 -0.1224934 0.9331032 -1
-0.2574627 -0.1314636 0.9573038 -1
-0.470018 0.01511451 0.8825275 -1
-0.4744879 -0.05419843 0.878592 -1
-0.4759799 1.048393E-07 0.8794563 -1
-0.5943561 0.3326563 0.7321754 -1
-0.6554482 0.2206128 0.7223002 -1
-0.4632009 0.09643636 0.880991 -1
-0.4031018 0.9147151 -0.02837732 -1
-0.5873169 0.7152001 -0.3788773 -1
0.1809145 0.9823126 -0.04829086 -1
0.6221173 0.7047636 -0.3409962 -1
0.3069657 0.5881303 0.748248 -1
0.6572258 0.08072978 0.7493578 -1
-0.1817969 0.2989765 0.9367834 -1
-0.09253281 -0.1583555 0.9830368 -1
-0.5534444 0.5068865 0.6608825 -1
-0.8577142 0.2052692 0.4713714 -1
-0.9125001 0.1733723 0.3705208 -1
-0.8353657 -0.2581118 0.4853274 -1
-0.7608541 0.2660756 0.5918657 -1
-0.8593183 -0.212114 0.4653813 -1
-0.5080735 -0.7306393 0.4561006 -1
-0.6588957 -0.5139443 0.5492883 -1
-0.3386865 -0.7833386 0.5212221 -1
-0.4667263 -0.560358 0.6842263 -1
-0.3482392 -0.7716623 0.5322283 -1
-0.6129783 0.308879 0.7272218 -1
-0.4377608 -0.5188676 0.734263 -1
-0.4428809 -0.4719444 0.7623157 -1
-0.3962281 0.3339107 0.8552819 -1
-0.379691 0.2738878 0.8836405 -1
-0.4329507 -0.0875672 0.8971543 -1
-0.4721996 -0.1942579 0.8598207 -1
-0.4631179 -0.02536468 0.8859338 -1
-0.4600181 -0.1273113 0.8787351 -1
-0.4946342 0.09094986 0.8643293 -1
-0.4475282 0.107287 0.8878109 -1
-0.4667938 0.07654464 0.8810476 -1
-0.5020317 0.04742992 0.8635477 -1
-0.4678612 0.05614891 0.8820168 -1
-0.47367 -0.1892795 0.8601222 -1
-0.450776 -0.3738098 0.8105969 -1
-0.4704341 -0.2736376 0.8389365 -1
-0.4729749 0.01334524 0.8809749 -1
-0.5126767 0.0191169 0.8583689 -1
-0.4739887 -0.04436658 0.8794125 -1
-0.4726478 -0.02440618 0.8809134 -1
-0.4713295 -0.2267559 0.8523089 -1
-0.4534562 0.09238738 0.8864774 -1
-0.4741793 -0.0363959 0.8796757 -1
-0.4780228 -0.1842588 0.8588033 -1
-0.4700349 -0.02855822 0.8821858 -1
-0.4757307 -0.1676083 0.8634743 -1
-0.4363009 0.06661157 0.897332 -1
-0.4565671 0.04091732 0.8887478 -1
-0.4376708 0.0540802 0.8975077 -1
0.8232846 0.2597159 0.5047277 1
0.7906095 0.1450941 0.5948818 1
0.8311617 0.31824 0.4559535 1
0.8426197 0.3978353 0.3629315 1
0.8396896 0.3734998 0.3942325 1
0.7842859 0.3851255 0.4863889 1
0.8650283 0.3995549 0.3034503 1
0.756707 0.3835692 0.5294047 1
0.8626781 0.35963 0.3556022 1
0.7865695 0.4111373 0.4607326 1
0.8627843 0.3605147 0.3544465 1
0.8396959 0.4779078 0.2579051 1
0.849929 0.4009447 0.3418539 1
-0.3170299 -0.8289608 0.460778 1
-0.3155974 -0.8856159 0.3407095 1
-0.3080437 -0.771687 0.5564247 1
-0.2870496 -0.5826662 0.7603307 1
-0.2626953 -0.419991 0.8686767 1
-0.3037064 -0.6838436 0.6634158 1
-0.2097586 -0.2341576 0.9493006 1
-0.2607641 -0.4015078 0.8779486 1
-0.151987 -0.07078026 0.985845 1
-0.09588496 0.2043857 0.9741833 1
-0.2269836 -0.2846382 0.9313751 1
-0.01025884 0.4229081 0.9061147 1
0.05019163 0.6098995 0.7908878 1
0.1485288 0.7948395 0.5883617 1
-0.2053099 -0.1666287 0.9644082 1
0.0956097 0.6878365 0.7195415 1
-0.1601608 -0.02319749 0.9868184 1
-0.1799869 -0.09870064 0.9787048 1
-0.03988111 0.3656414 0.9299011 1
0 0.4516996 0.8921703 1
-0.0610249 0.2901853 0.9550229 1
-0.04023547 0.3483828 0.9364884 1
-0.1710707 -0.06650295 0.983012 1
-0.1653809 -0.06331634 0.9841954 1
-0.160772 -0.0333316 0.9864287 1
-0.1473765 0.01508753 0.9889655 1
-0.08246186 0.2213644 0.9716986 1
-0.1070283 0.1765762 0.9784508 1
-0.1634028 -0.04915514 0.9853342 1
-0.1548912 -0.0152058 0.9878147 1
-0.1464996 0.0186311 0.9890354 1
-0.1701088 -0.08239613 0.9819745 1
-0.1295895 1.182041E-07 0.9915678 1
-0.08014696 0.2236544 0.9713678 1
-0.1350978 0.05621145 0.9892367 1
-0.1107369 0.1345946 0.9846938 1
-0.1112188 0.1301745 0.9852336 1
-0.119334 0.1024054 0.987559 1
-0.1294305 0.07323823 0.9888803 1
-0.1242183 0.074437 0.989459 1
-0.115404 0.05919383 0.9915535 1
-0.1308757 0.0498626 0.9901443 1
-0.1314607 0.03010451 0.9908643 1
-0.1284585 0.03403279 0.9911309 1
-0.1254162 0.08066282 0.9888198 1
-0.1313999 0.06776731 0.9890106 1
-0.1087183 0.1392153 0.9842762 1
-0.1400708 0.04024618 0.9893233 1
-0.1470174 0.01396883 0.9890354 1
-0.1597178 -0.04208741 0.9862652 1
-0.1646799 -0.04584926 0.9852809 1
-0.1623183 -0.05562555 0.9851694 1
-0.1592253 -0.02187205 0.9870002 1
-0.1487173 -0.02813949 0.9884794 1
-0.1808874 -0.03024486 0.9830388 1
-0.1230462 0.510347 0.8511204 1
-0.2055939 -0.1055771 0.9729259 1
0.1530532 0.3660944 0.9179052 1
-0.1282524 0.0346582 0.9911358 1
-0.03655827 0.04439853 0.9983449 1
0 0.3022136 0.9532403 1
0 0.4341035 0.9008631 1
-0.2046388 -0.04233793 0.9779215 1
-0.1044822 0.1958168 0.9750588 1
-0.03490586 0.3528029 0.9350465 1
-0.08339689 0.2436313 0.9662758 1
-0.07091524 0.3027708 0.9504215 1
-0.1770318 0.4374639 0.8816378 1
0.1614202 0.8381444 0.5210159 1
-0.1107434 0.6417351 0.7588888 1
0.1722261 0.8968199 0.4074953 1
0.08168309 0.9482155 0.3069454 1
-0.1140601 0.8529685 0.5093479 1
0.02318084 0.9774585 0.2098518 1
0.3163894 0.8924986 0.321472 1
0.2723903 0.9582809 0.08661142 1
0 0.9875126 0.1575402 1
0.795504 0.5422913 0.2703582 1
0.9504241 0.2115339 0.2279199 1
0.9326063 0.101542 0.346316 1
0.9639214 0.05889786 0.2595893 1
0.8767222 0.07416741 0.4752446 1
0.8241068 0.2980693 0.4816669 1
0.8410845 0.185719 0.5080212 1
0.742865 0.4872564 0.4590566 1
0.8554502 -0.03269169 0.5168522 1
0.7833909 0.4018944 0.4741094 1
0.869357 -0.259988 0.4202676 1
0.7578979 0.423269 0.4964215 1
0.867581 0.1045706 0.4861771 1
0.883267 -0.4425827 0.15479 1
0.8320319 0.2840105 0.4765092 1
0.6814594 0.5154482 0.5195442 1
0.9223179 -0.1515458 0.3554764 1
0.905338 -0.2957477 0.304789 1
0.7594682 0.515295 0.3970886 1
0.8003895 0.3910217 0.4543995 1
0.9036437 -0.1494714 0.4013556 1
0.7592694 0.04359374 0.6493148 1
0.7837986 0.4970916 0.3722364 1
0.8217341 0.4055617 0.4003409 1
0.9249647 0.1875365 0.3305604 1
0.8929899 0.1752337 0.4145627 1
0.8594798 0.03867471 0.5097045 1
0.854602 0.09898692 0.5097616 1
0.8874736 0.14876 0.4361894 1
0.8558542 0.5004341 0.1306887 1
0.7797624 0.3262136 0.5343739 1
0.6756463 0.5257846 0.5167715 1
0.6150544 0.6503999 0.4457445 1
0.6104884 0.7433788 0.2732983 1
0.5689006 0.7758779 0.272701 1
0.8796468 0.2305472 0.416016 1
0.8239714 -0.4274256 0.3719926 1
0.8904624 -0.2780953 0.3601942 1
0.7135799 -0.6553066 0.2477441 1
0.8966786 -0.3945041 0.2008332 1
0.7933394 -0.5289076 0.3014454 1
0.7669638 -0.3174389 0.5576731 1
0.9164404 -0.05963844 0.3957023 1
-0.9992054 0.01729761 -0.03590902 1
-0.9954534 0.02128378 -0.09284186 1
-0.9989737 0.0176723 -0.04170264 1
-0.995855 0.02196421 -0.08826225 1
-0.9993142 0.01630994 -0.03324449 1
-0.9967218 0.02099537 -0.07813401 1
-0.9796041 0.03448914 -0.1979556 1
-0.9830242 0.03238264 -0.1805954 1
-0.9846564 0.03162553 -0.1716142 1
-0.9712632 0.03697584 -0.2351181 1
-0.9738417 0.03645374 -0.2242844 1
-0.4254833 0.05500477 -0.9032932 -1
-0.4382812 0.05405504 -0.8972111 -1
-0.4754997 -1.048703E-07 -0.8797161 -1
-0.467376 -1.05388E-07 -0.8840588 -1
-0.4747007 -0.1563189 -0.8661546 -1
-0.4746463 -0.1249406 -0.871264 -1
-0.4737953 -0.2133934 -0.8543895 -1
-0.4731112 -0.2179942 -0.8536068 -1
-0.4754337 -0.1591263 -0.8652408 -1
-0.4749994 -0.1752943 -0.86235 -1
-0.473198 -0.0433679 -0.8798881 -1
-0.4749309 -0.07345802 -0.8769521 -1
-0.4693311 0.01408525 -0.88291 -1
-0.4705736 0.01386919 -0.8822518 -1
0.7857799 0.08986131 -0.6119437 -1
0.7897972 0.08356962 -0.6076484 -1
0.8130539 0.04770683 -0.5802305 -1
0.8230921 0.03086115 -0.5670689 -1
0.7794394 0.099347 -0.6185502 -1
0.8396417 -6.474741E-08 -0.5431407 -1
0.8238978 0.02424652 -0.5662196 -1
0.8539671 -0.03341731 -0.5192529 -1
0.8732257 -0.06675309 -0.4827224 -1
0.8130538 0.04770695 0.5802306 1
0.7897971 0.08356983 0.6076485 1
0.7857799 0.08986153 0.6119436 1
0.8230921 0.03086131 0.5670689 1
0.8396415 6.474745E-08 0.543141 1
0.7794397 0.09934708 0.6185499 1
0.8539671 -0.03341712 0.5192529 1
0.823898 0.02424664 0.5662193 1
0.8732258 -0.06675296 0.4827222 1
-0.1642258 -0.04656187 -0.9853234 1
-0.1483484 -0.02400535 -0.9886439 1
-0.1589696 -0.02188349 -0.9870411 1
-0.1644896 -0.0458742 -0.9853116 1
-0.1517622 -1.178285E-07 -0.9884171 1
-0.146528 0.01397046 -0.989108 1
-0.1139934 0.1193308 -0.986289 1
-0.1075398 0.1392224 -0.9844046 1
-0.1169766 0.1107192 -0.9869437 1
-0.1247896 0.08067019 -0.9888985 1
-0.1337604 0.01663194 -0.9908743 1
-0.1327531 0.01666949 -0.9910091 1
-0.1292802 -1.182089E-07 -0.9916083 1
0.4225463 -0.07635622 0.9031193 -1
0.5065574 -0.08694449 0.8578115 -1
0.4905708 -0.07593641 0.8680865 -1
0.4151346 -0.07592899 0.9065861 -1
0.4387652 -0.08306237 0.8947546 -1
0.4001989 -0.06874935 0.913846 -1
0.3829253 -0.09103444 0.919283 -1
0.3426084 -0.1041535 0.9336872 -1
0.3688299 -0.09975172 0.9241289 -1
0.3986721 -0.06391309 0.9148639 -1
0.3906063 -0.0609351 0.9185389 -1
0.3893245 -0.05552927 0.9194254 -1
0.3791731 -0.07476455 0.9223005 -1
0.4019575 -0.03256088 0.9150794 -1
0.3933857 -0.06078301 0.9173622 -1
0.4071813 1.088795E-07 0.9133475 -1
0.4107929 0.07136124 0.9089319 -1
0.4115807 0.08094934 0.9077713 -1
0.4080146 0.04617902 0.9118069 -1
0.412104 0.09072379 0.9066089 -1
0.4025831 1.091222E-07 0.9153836 -1
0.4098755 0.02984595 0.9116531 -1
0.4104748 0.05730192 0.9100699 -1
0.412332 0.1094784 0.9044319 -1
0.412553 0.2086002 0.8867278 -1
0.4906881 -0.07550555 0.8680578 1
0.5066729 -0.08600055 0.8578383 1
0.4229361 -0.07502394 0.9030485 1
0.4153731 -0.07516479 0.9065405 1
0.4386348 -0.08337737 0.8947893 1
0.4007543 -0.06737927 0.9137046 1
0.382444 -0.09418835 0.9191656 1
0.342373 -0.1050947 0.9336681 1
0.3691938 -0.09500635 0.9244836 1
0.3984096 -0.06916238 0.9145964 1
0.3904189 -0.06282848 0.9184911 1
0.3894955 -0.05407592 0.9194396 1
0.3794398 -0.07357728 0.9222863 1
0.4022679 -0.03198576 0.9149631 1
0.3940045 -0.05229824 0.9176195 1
0.407188 1.088791E-07 0.9133445 1
0.4110806 0.07374314 0.9086115 1
0.4118157 0.08260325 0.9075158 1
0.4079129 0.04595255 0.9118639 1
0.4119681 0.09102826 0.9066402 1
0.4024924 1.09127E-07 0.9154235 1
0.4091613 0.02767838 0.9120423 1
0.410364 0.05518388 0.9102507 1
0.412284 0.109079 0.9045021 1
0.4129015 0.2115372 0.8858693 1
0.7894909 0.08453698 -0.6079126 1
0.8085912 0.06060929 -0.5852408 1
0.7871545 0.09147249 -0.6099349 1
0.8244595 0.02903683 -0.5651757 1
0.7925484 0.07407485 -0.6052933 1
0.8327426 0.01957374 -0.5533142 1
0.8313651 -6.624776E-08 -0.5557266 1
0.8523951 -0.02742453 -0.5221786 1
0.8748842 -0.0791283 -0.4778246 1
0.7894908 0.0845372 0.6079127 -1
0.7871544 0.09147266 0.6099349 -1
0.8085912 0.06060948 0.5852407 -1
0.8244595 0.02903696 0.5651757 -1
0.7925482 0.07407506 0.6052935 -1
0.8327428 0.01957387 0.5533141 -1
0.831365 6.624779E-08 0.5557268 -1
0.8523952 -0.02742438 0.5221786 -1
0.8748842 -0.07912826 0.4778246 -1
0.8311619 0.3182399 -0.4559534 -1
0.7906094 0.1450939 -0.5948821 -1
0.8232845 0.2597159 -0.5047281 -1
0.8426199 0.397835 -0.3629314 -1
0.8396896 0.3734999 -0.3942326 -1
0.7842861 0.3851251 -0.4863885 -1
0.8650285 0.3995545 -0.30345 -1
0.756707 0.3835692 -0.5294048 -1
0.8626783 0.3596296 -0.355602 -1
0.7865697 0.4111372 -0.4607326 -1
0.8627847 0.3605143 -0.3544463 -1
0.8396963 0.4779071 -0.257905 -1
0.8499293 0.4009443 -0.3418535 -1
0.9256097 0.04871474 -0.3753314 1
0.9341958 0.294086 -0.2019694 1
0.7668299 -0.1359559 -0.6272861 1
0.8911346 -0.0304622 -0.4527154 1
0.9682729 0.08019958 -0.2366762 1
0.9644924 0.0906423 -0.2480692 1
0.9713856 0.05077942 -0.2320165 1
0.9697427 0.04832988 -0.2392976 1
0.9614189 0.0709409 -0.2657837 1
0.9614196 0.07857457 -0.2636258 1
0.9455146 0.1510174 -0.2884373 1
0.9434336 0.1242844 -0.3073864 1
0.9469123 0.1352291 -0.2916681 1
0.9384307 0.1014504 -0.3302357 1
0.9470125 0.1348014 -0.2915403 1
0.9486743 0.08695692 -0.304065 1
0.9653368 -0.01311208 -0.260678 1
0.9738435 0.04334216 -0.223048 1
0.9849148 0.04498564 -0.1670902 1
0.9504244 0.2115337 -0.2279191 -1
0.9639216 0.05889823 -0.2595885 -1
0.9326066 0.1015421 -0.3463152 -1
0.795658 0.5422353 -0.2700175 -1
0.2916954 0.9532462 -0.07896657 -1
0.8767222 0.07416718 -0.4752445 -1
0.3140856 0.897172 -0.3105362 -1
0 0.9912328 -0.1321282 -1
0.8241068 0.2980691 -0.4816669 -1
0.8410846 0.1857187 -0.5080209 -1
0.742865 0.4872561 -0.4590567 -1
0.8554506 -0.03269176 -0.5168517 -1
0.7833911 0.4018942 -0.4741093 -1
0.8693575 -0.2599875 -0.4202667 -1
0.7578977 0.423269 -0.4964217 -1
0.8675812 0.104571 -0.4861768 -1
0.8832672 -0.4425821 -0.1547902 -1
0.8320315 0.2840108 -0.4765096 -1
0.6814591 0.5154485 -0.5195445 -1
0.9223179 -0.1515455 -0.3554766 -1
0.9053379 -0.2957475 -0.3047898 -1
0.7594683 0.5152943 -0.3970892 -1
0.8003898 0.3910209 -0.4543997 -1
0.9036434 -0.1494715 -0.4013563 -1
0.7592679 0.04359338 -0.6493164 -1
0.7837977 0.4970923 -0.372237 -1
0.8217348 0.4055608 -0.4003405 -1
0.924965 0.1875358 -0.3305604 -1
0.8929903 0.1752341 -0.4145617 -1
0.8594792 0.03867437 -0.5097055 -1
0.8546017 0.09898504 -0.5097627 -1
0.887473 0.1487605 -0.4361903 -1
0.8558533 0.5004319 -0.1307018 -1
0.7797624 0.3262128 -0.5343744 -1
0.6756474 0.5257828 -0.5167718 -1
0.6150556 0.6503989 -0.4457444 -1
0.6104882 0.7433789 -0.2732987 -1
0.5688993 0.7758785 -0.2727019 -1
0.8796465 0.2305467 -0.4160171 -1
0.8239714 -0.4274257 -0.3719925 -1
0.8904624 -0.2780948 -0.3601946 -1
0.7135802 -0.6553063 -0.2477441 -1
0.8966786 -0.394504 -0.2008334 -1
0.7933396 -0.5289079 -0.3014446 -1
0.7669638 -0.3174397 -0.5576724 -1
0.9164402 -0.05964151 -0.3957021 -1
0.853578 -0.05166383 -0.518397 -1
0.8287684 -0.03009306 -0.5587821 -1
0.8657978 0.1110442 -0.4879174 -1
0.8209547 -0.1125451 -0.559792 -1
0.8781766 -0.03309374 -0.4771906 -1
0.8671818 -0.06282886 -0.4940125 -1
0.8822896 -0.01811589 -0.4703585 -1
0.8778261 -0.02940214 -0.4780764 -1
0.8537954 -0.0307486 -0.5196999 -1
0.8509135 -0.02731533 -0.5245953 -1
0.8364977 -0.03190149 -0.5470411 -1
0.8213421 -0.04261407 -0.5688422 -1
0.8402258 -0.05479043 -0.5394616 -1
0.8300935 -0.1043104 -0.5477812 -1
0.8403897 -0.1034672 -0.5320148 -1
0.8428038 -0.1508675 -0.5166436 -1
0.85842 -0.2570603 -0.4438864 -1
0.8835599 -0.2054626 -0.4208408 -1
0.9136518 -0.2048894 -0.3510853 -1
0.9250152 0.05168083 -0.376399 -1
0.7672979 -0.1258043 -0.6288302 -1
0.9335818 0.2941111 -0.2047526 -1
0.8905147 -0.02600246 -0.4542109 -1
0.968262 0.08016107 -0.2367342 -1
0.964457 0.09065249 -0.2482031 -1
0.9713917 0.05072347 -0.232003 -1
0.9697405 0.04835667 -0.239301 -1
0.9525666 0.09265614 -0.2898824 -1
0.9499283 0.1057403 -0.2940327 -1
0.9365661 0.1609939 -0.3113277 -1
0.9300361 0.1397906 -0.3398405 -1
0.9423097 0.1397554 -0.3041723 -1
0.9446995 0.09834221 -0.3128444 -1
0.9528317 0.1175262 -0.2798202 -1
0.95816 0.06334268 -0.2791362 -1
0.9762561 -0.0537025 -0.2098578 -1
0.9848045 -2.070268E-08 -0.1736667 -1
0.9948764 -1.205187E-08 -0.1010984 -1
0.8241786 0.2586047 -0.5038387 1
0.7906094 0.145094 -0.5948821 1
0.8324707 0.317032 -0.4544044 1
0.8409801 0.4002008 -0.3641316 1
0.8402203 0.3727692 -0.3937932 1
0.7849787 0.3844298 -0.4858213 1
0.7567696 0.3834697 -0.5293872 1
0.7855975 0.4121734 -0.4614647 1
0.8358213 0.4816341 -0.2634982 1
0.8472279 0.4059551 -0.3426445 1
0.8617576 0.4047933 -0.3058043 1
0.8676985 0.3482912 -0.3546726 1
0.8753489 0.3287985 -0.3544799 1
0.3378165 0.1544776 -0.9284486 -1
-0.325595 0.8039765 -0.497604 -1
-0.8640984 0.08830617 0.495516 -1
0.9209552 -0.03596074 -0.3880056 -1
0.4517924 0.03240338 -0.8915346 -1
0.58225 0.05869078 -0.8108888 -1
0.4448673 0.05306061 -0.8940234 -1
0.3369971 0.01862442 -0.9413216 -1
0.9939318 0.05442841 0.09558827 -1
0.9953981 0.05977615 0.07489684 -1
0.9886395 0.02674562 0.1479077 -1
0.9829834 0.0213292 0.1824521 -1
0.998018 0.02778288 0.05646294 -1
0.9971386 0.03374201 0.06764646 -1
0.9943755 -0.01937259 0.1041257 -1
0.9952626 -0.01499885 0.0960589 -1
0.996559 0.01026051 0.08224997 -1
0.9968755 0.01647231 0.07725204 -1
0.9904336 0.06015802 0.1241865 -1
0.9906811 0.06746348 0.1183204 -1
0.9894208 0.03621506 0.1404818 -1
0.9860968 0.06730348 0.1519319 -1
0.9901247 0.03306611 0.1362341 -1
0.9857012 2.008706E-08 0.1685025 -1
0.9798552 -0.1175444 0.1614531 -1
0.9921151 -0.07379634 0.1012996 -1
0.9961718 -0.08094189 0.03301815 -1
0.8568676 -0.04392386 0.513662 -1
0.8273771 -0.04050928 0.5601841 -1
0.8568482 0.07721774 0.5097535 -1
0.826408 -0.1055227 0.5530958 -1
0.878205 -0.03299369 0.4771451 -1
0.8672985 -0.06286407 0.4938031 -1
0.8772783 -0.03098918 0.4789807 -1
0.8778729 -0.02960245 0.477978 -1
0.8715718 -0.04191132 0.4884731 -1
0.8705347 -0.06214437 0.4881674 -1
0.8433425 -0.05258702 0.5347973 -1
0.8427271 -0.0481095 0.5361871 -1
0.8319152 -0.08150668 0.5488841 -1
0.8172441 -0.09725764 0.5680255 -1
0.8344768 -0.0811196 0.5450397 -1
0.8342836 -0.1170218 0.5387733 -1
0.8514836 -0.2096546 0.480646 -1
0.8738363 -0.1644611 0.4575618 -1
0.8965657 -0.1707598 0.4086701 -1
0.996379 0.0592377 -0.06099002 -1
0.9971992 0.06672345 -0.03378976 -1
0.9888072 0.02509062 -0.1470744 -1
0.9832427 0.01768869 -0.1814411 -1
0.9980268 0.0275746 -0.0564095 -1
0.9971493 0.03357704 -0.06757219 -1
0.9953295 -0.01447034 -0.09544524 -1
0.9954596 -0.01391293 -0.09416243 -1
0.9923047 0.03047162 -0.1200111 -1
0.9911811 0.04442631 -0.1248454 -1
0.9888544 0.08548964 -0.1218955 -1
0.9839464 0.07294624 -0.1628749 -1
0.9910834 0.06221849 -0.117824 -1
0.9868874 -1.924161E-08 -0.1614103 -1
0.9954193 0.02077018 -0.09332319 -1
0.9912758 -0.03223044 -0.1278028 -1
0.9787418 -0.1749061 -0.107109 -1
0.9907251 -0.1261465 -0.05050741 -1
0.9881753 -0.1516658 0.02252092 -1
0.3378161 0.1544781 0.9284487 1
-0.8640985 0.088306 -0.4955158 1
-0.3255951 0.8039768 0.4976037 1
0.9209564 -0.03596117 0.3880027 1
0.4517956 0.03240338 0.891533 1
0.5822503 0.05869098 0.8108885 1
0.4448364 0.05306653 0.8940384 1
0.336997 0.01862462 0.9413216 1
-0.719116 -0.5869232 -0.3720129 1
0.3418326 -0.113057 -0.9329356 1
-0.8594929 0.1397647 0.4916683 1
0.4337862 -0.06111733 -0.8989407 1
0.8577511 -0.1383299 -0.495104 1
0.3456046 -0.02198861 -0.9381227 1
0.5562461 -0.05329487 -0.829307 1
0.4543332 -1.061954E-07 -0.8908319 1
-0.469331 0.01408525 0.8829101 1
-0.4705735 0.01386922 0.8822519 1
-0.4749309 -0.07345768 0.8769521 1
-0.4731981 -0.04336771 0.8798881 1
-0.4749999 -0.1752939 0.8623499 1
-0.4754342 -0.159126 0.8652407 1
-0.4731115 -0.2179936 0.8536068 1
-0.4737959 -0.213393 0.8543893 1
-0.4746458 -0.12494 0.8712644 1
-0.4747003 -0.1563182 0.8661549 1
-0.4754991 1.048703E-07 0.8797163 1
-0.4673755 1.05388E-07 0.884059 1
-0.4254836 0.05500475 0.9032931 1
-0.4382812 0.05405502 0.8972111 1
0.9894869 0.1446221 -1.72403E-08 1
0.9894237 0.1450546 -1.729186E-08 1
0.9890823 0.1473643 -1.756719E-08 1
0.9891531 0.1468879 -1.75104E-08 1
0.9889044 0.1485538 -1.770899E-08 1
0.9892389 0.1463099 -1.744149E-08 1
0.9891741 0.1467466 -1.749356E-08 1
0.9888374 0.1489987 -1.776202E-08 1
0.9875079 0.1575694 -1.878374E-08 1
0.9874579 0.1578826 -1.882107E-08 1
0.9872105 0.159422 -1.900458E-08 1
0.9872617 0.1591047 -1.896676E-08 1
0.9890007 0.147911 -1.763237E-08 1
0.9889558 0.148211 -1.766812E-08 1
0.9887207 0.1497707 -1.785406E-08 1
0.9887668 0.1494661 -1.781775E-08 1
0.9894868 0.1446225 -1.724035E-08 -1
0.989153 0.1468884 -1.751046E-08 -1
0.9890822 0.1473648 -1.756725E-08 -1
0.9894236 0.1450551 -1.729191E-08 -1
0.9889044 0.1485539 -1.7709E-08 -1
0.9888374 0.1489988 -1.776203E-08 -1
0.9891741 0.1467469 -1.749359E-08 -1
0.9892387 0.1463101 -1.744152E-08 -1
0.9875079 0.1575695 -1.878375E-08 -1
0.9872617 0.1591049 -1.896678E-08 -1
0.9872105 0.1594222 -1.90046E-08 -1
0.9874579 0.1578828 -1.882109E-08 -1
0.9886248 0.02708497 0.1479443 1
0.9953897 0.05953842 0.07519533 1
0.9939148 0.05440433 0.09577847 1
0.9829729 0.02204934 0.1824234 1
0.9980268 0.02757446 0.05640944 1
0.9971493 0.03357697 0.06757212 1
0.9943771 -0.01917146 0.1041469 1
0.9952595 -0.01482504 0.09611925 1
0.9927113 0.04126697 0.1132313 1
0.9915044 0.05438339 0.1181588 1
0.9902757 0.07407639 0.1177561 1
0.9850475 0.09062366 0.1465224 1
0.9890904 0.03901245 0.1420499 1
0.9921367 0.04332013 0.1174225 1
0.9921176 1.493818E-08 0.1253106 1
0.9914812 -0.04598528 0.1218625 1
0.9787418 -0.174906 0.107109 1
0.9907251 -0.1261464 0.05050742 1
0.9881753 -0.1516658 -0.02252088 1
0.9888272 0.02469151 -0.1470064 1
0.9971735 0.0672035 -0.03359379 1
0.9963749 0.05941711 -0.06088331 1
0.9832667 0.01682549 -0.1813936 1
0.998018 0.02778302 -0.05646298 1
0.9971386 0.03374209 -0.06764651 1
0.9953283 -0.01454827 -0.09544613 1
0.9954606 -0.01397118 -0.09414373 1
0.9956767 -1.107296E-08 -0.09288675 1
0.9960971 -1.052185E-08 -0.08826371 1
0.9906137 0.06384179 -0.1208663 1
0.9899132 0.04769775 -0.1334042 1
0.9916641 0.05788113 -0.115118 1
0.9813668 0.01505731 -0.1915531 1
0.9932891 0.04901546 -0.1047584 1
0.9861374 -1.978043E-08 -0.1659303 1
0.9798552 -0.1175446 -0.1614531 1
0.9921151 -0.07379649 -0.1012996 1
0.9961718 -0.08094181 -0.03301803 1
0.8537633 -0.05173272 -0.5180851 1
0.8648944 0.1112034 -0.4894807 1
0.8288563 -0.03064543 -0.5586216 1
0.8212299 -0.1135117 -0.5591928 1
0.878205 -0.03299376 -0.477145 1
0.8672985 -0.06286425 -0.4938031 1
0.8822789 -0.01805336 -0.4703808 1
0.8778297 -0.02945183 -0.4780667 1
0.864701 -0.05868231 -0.4988473 1
0.8657385 -0.06682811 -0.4960151 1
0.8456495 -0.04133391 -0.5321358 1
0.8368899 -0.06420449 -0.5435928 1
0.8412948 -0.06052478 -0.5371777 1
0.8168195 -0.09842267 -0.5684355 1
0.8349479 -0.08054003 -0.5444037 1
0.8342684 -0.116918 -0.5388196 1
0.8514837 -0.2096547 -0.4806458 1
0.8738363 -0.1644612 -0.4575615 1
0.8965657 -0.1707598 -0.40867 1
-0.1327534 0.01666942 0.9910091 -1
-0.1337606 0.01663188 0.9908742 -1
-0.1292809 1.182089E-07 0.9916081 -1
-0.1247894 0.0806705 0.9888985 -1
-0.1169764 0.1107196 0.9869438 -1
-0.1075399 0.1392229 0.9844046 -1
-0.1139937 0.1193312 0.9862889 -1
-0.1465283 0.01397074 0.989108 -1
-0.1517627 1.178285E-07 0.9884171 -1
-0.1644898 -0.04587394 0.9853116 -1
-0.1642259 -0.04656164 0.9853234 -1
-0.1589702 -0.02188323 0.9870411 -1
-0.1483485 -0.02400523 0.9886439 -1
0.8567888 -0.04435607 0.5137565 1
0.8580944 0.07723639 0.5076501 1
0.8276047 -0.04059346 0.5598417 1
0.8261964 -0.105275 0.553459 1
0.8781765 -0.03309369 0.4771906 1
0.8671817 -0.0628288 0.4940124 1
0.8771977 -0.03079798 0.4791405 1
0.8777595 -0.02930977 0.4782043 1
0.860433 -0.01348698 0.5093851 1
0.856806 -0.02296092 0.5151275 1
0.8354316 -0.0445372 0.547787 1
0.8260446 -0.02614311 0.5629982 1
0.8302292 -0.07657121 0.552138 1
0.8305489 -0.1031494 0.5473105 1
0.8399121 -0.1041226 0.5326406 1
0.842868 -0.1511311 0.516462 1
0.8584199 -0.2570603 0.4438866 1
0.8835597 -0.2054627 0.4208412 1
0.9136517 -0.2048894 0.3510855 1
0.9312672 0.03690644 0.3624629 1
0.9335817 0.2941115 0.2047526 1
0.767298 -0.1258036 0.62883 1
0.896188 -0.03917511 0.4419417 1
0.9666868 0.08787812 0.2404043 1
0.9655329 0.08695649 0.245326 1
0.9664626 0.05989075 0.2497265 1
0.9666463 0.05858845 0.2493238 1
0.9545629 0.1033705 0.2795072 1
0.9524594 0.1057681 0.285717 1
0.9360901 0.153727 0.3163913 1
0.9296832 0.1473338 0.337612 1
0.9414822 0.1300173 0.3109775 1
0.9429414 0.07760807 0.3237875 1
0.9551513 0.1283235 0.2668688 1
0.9569595 0.0675941 0.2822402 1
0.9762251 -0.05390361 0.2099495 1
0.9848045 2.070266E-08 0.1736665 1
0.9948764 1.205186E-08 0.1010983 1
-0.7191164 -0.5869223 0.372013 -1
-0.859493 0.1397645 -0.4916682 -1
0.3418324 -0.1130572 0.9329356 -1
0.4337866 -0.06111741 0.8989405 -1
0.8577504 -0.1383294 0.4951052 -1
0.5562465 -0.05329456 0.8293067 -1
0.3456045 -0.02198837 0.9381227 -1
0.4543333 1.061954E-07 0.8908319 -1
0.9163598 -4.772613E-08 -0.4003558 1
0.9122197 -0.02997765 -0.4086033 1
0.8497406 -0.3413075 -0.4018088 1
0.7767056 0.3951019 -0.4905334 1
0.7537944 -0.4638828 -0.4654106 1
0.5350254 0.5120125 -0.6720053 1
0.8857862 -0.2207167 -0.4082486 1
0.781881 0.5826796 -0.2216905 1
0.7674533 0.3991811 -0.5016671 1
0.7511948 0.2347292 -0.6169349 1
0.8004335 0.2284385 -0.5541863 1
0.9400585 0.02103131 -0.3403642 1
0.919779 0.1018364 -0.3789933 1
0.967032 -0.1600993 -0.1980338 1
0.8775586 0.226016 -0.4228566 1
0.1452351 0.9845782 -0.0975334 1
0.9468749 -3.833796E-08 -0.3216021 1
0.9511786 0.04059828 -0.305959 1
0.6329717 0.6594685 -0.4055224 1
0.193238 0.7418144 -0.6421611 1
0.5745174 0.6279849 -0.5249426 1
0.9404816 -4.051261E-08 -0.3398445 1
0.5668924 0.3362554 -0.7520408 1
0.8805469 0.192598 -0.4330625 1
0.9151398 0.1096518 -0.3879377 1
0.7194438 0.362206 -0.5926277 1
0.8535279 0.3172315 -0.4133454 1
0.9233769 -4.576383E-08 -0.3838949 1
0.9100672 0.02639494 -0.4136194 1
0.8494455 0.1838849 -0.4945995 1
0.8806997 0.113369 -0.4599083 1
0.8104326 0.3869947 -0.4398116 1
0.72927 0.5400007 -0.4201958 1
0.8420719 0.2332443 -0.4863251 1
0.9006748 -0.06123758 -0.4301569 1
0.8702506 -0.2459058 -0.4268422 1
0.8800235 -0.3255125 -0.3458327 1
0.9242194 -4.55215E-08 -0.381862 1
0.904811 -0.2154775 -0.3672689 1
0.9007938 0.06912903 -0.4287094 1
0.9115747 -0.1332724 -0.3889345 1
0.9274105 0.01147907 -0.3738689 1
0.7926013 0.3397179 -0.506335 1
0.679369 0.476063 -0.5584102 1
0.7325948 0.4965434 -0.4655637 1
0.8982143 0.0976878 -0.4285652 1
0.8611692 0.173898 -0.4776474 1
0.8492922 0.2989586 -0.4351167 1
0.8758613 0.3534909 -0.3284985 1
0.8680796 0.2534971 -0.4268223 1
0.5885071 0.7024682 0.4002473 -1
0.6788552 0.584967 0.4438123 -1
0.6776647 0.6009358 0.4238477 -1
0.7207364 0.5195222 0.4589507 -1
0.7346821 0.5119914 0.4450922 -1
0.6130313 0.6739762 0.4122484 -1
0.7275796 0.547269 0.4136722 -1
0.6857291 0.5728166 0.4490623 -1
0.5979335 0.5461119 0.5867175 -1
0.863451 0.3160194 0.3931718 -1
0.853696 0.3039091 0.4228977 -1
-0.9984981 0.01849525 0.05156972 1
-0.9986188 0.01867673 0.04910911 1
-0.9953234 0.02459435 0.09341593 1
-0.9986738 0.01928847 0.04773576 1
-0.9956841 0.01987625 0.09065305 1
-0.9964224 0.01977881 0.08216634 1
-0.9787343 0.1097045 0.1733323 1
-0.9887059 1.78657E-08 0.1498684 1
-0.9896234 0.02028456 0.1422463 1
-0.9844425 0.04129252 0.1707862 1
-0.9853134 0.02474664 0.1689533 1
0.5850574 0.7127855 -0.3868396 -1
0.6751097 0.6047509 -0.4224963 -1
0.5779833 0.7371361 -0.3500938 -1
0.6772029 0.5831057 -0.4487586 -1
0.7255579 0.5051089 -0.4673659 -1
0.752585 0.4746355 -0.4564396 -1
0.5658165 0.6081334 -0.5567995 -1
0.7663591 0.4317034 -0.4757374 -1
0.6932476 0.5462086 -0.4701745 -1
0.8428121 0.3614244 -0.3987985 -1
0.8591803 0.3511501 -0.3721597 -1
0.8492918 0.298959 0.4351173 -1
0.8611686 0.1738987 0.4776484 -1
0.8680787 0.2534975 0.4268239 -1
0.8758606 0.3534915 0.3284996 -1
0.732594 0.496544 0.4655644 -1
0.8982143 0.09768791 0.4285654 -1
0.9274103 0.01147986 0.3738696 -1
0.7926013 0.339718 0.5063348 -1
0.6793685 0.4760634 0.5584105 -1
0.5668917 0.3362558 0.7520412 -1
0.9007939 0.06912896 0.4287093 -1
0.9115747 -0.1332723 0.3889346 -1
0.9048108 -0.2154777 0.3672692 -1
0.7194433 0.3622068 0.5926278 -1
0.9242194 4.55215E-08 0.3818621 -1
0.9404817 4.05126E-08 0.3398444 -1
0.8800233 -0.3255134 0.3458325 -1
0.8702505 -0.2459063 0.4268422 -1
0.5745159 0.627986 0.5249431 -1
0.1932368 0.7418147 0.642161 -1
0.6329716 0.6594685 0.4055223 -1
0.145236 0.9845783 0.09753162 -1
0.9006749 -0.06123832 0.4301564 -1
0.8420721 0.2332441 0.4863249 -1
0.8805469 0.1925982 0.4330626 -1
0.9151399 0.1096521 0.3879373 -1
0.7292699 0.5400017 0.420195 -1
0.8775588 0.2260152 0.4228567 -1
0.7818807 0.5826805 0.2216893 -1
0.946875 3.833794E-08 0.321602 -1
0.8857864 -0.2207164 0.4082483 -1
0.753795 -0.4638817 0.4654107 -1
0.9197793 0.1018366 0.3789927 -1
0.9163601 4.772605E-08 0.4003552 -1
0.8497409 -0.3413058 0.4018095 -1
0.9122198 -0.02997461 0.4086033 -1
0.7767059 0.3951028 0.4905321 -1
0.5350265 0.5120119 0.6720049 -1
0.7674536 0.399181 0.5016668 -1
0.7511955 0.2347293 0.616934 -1
0.8004341 0.2284384 0.5541854 -1
0.9400587 0.02103148 0.3403638 -1
0.9670321 -0.160099 0.1980335 -1
0.9511787 0.04059865 0.3059588 -1
0.8535274 0.3172321 0.4133458 -1
0.9233764 4.576396E-08 0.383896 -1
0.9100668 0.02639482 0.4136202 -1
0.849448 0.1838897 0.4945935 -1
0.810433 0.3869947 0.4398107 -1
0.8806998 0.1133691 0.459908 -1
-0.9861701 0.01242323 0.1652704 -1
-0.9823047 0.03321806 0.1843204 -1
-0.9738417 0.0364539 0.2242843 -1
-0.9750955 0.0515503 0.2157113 -1
-0.9957224 0.01985868 0.09023505 -1
-0.9791214 0.1255972 0.1598331 -1
-0.9952258 0.02474559 0.09441046 -1
-0.9989737 0.01767229 0.04170262 -1
-0.9961152 0.01762612 0.08627695 -1
-0.9992054 0.01729765 0.03590902 -1
-0.9993142 0.01631005 0.03324451 -1
0.7207368 0.5195221 -0.4589504 1
0.6776649 0.6009357 -0.4238475 1
0.7346821 0.5119914 -0.4450922 1
0.6788557 0.5849667 -0.4438119 1
0.5885075 0.7024682 -0.4002469 1
0.72758 0.5472685 -0.4136722 1
0.6130316 0.6739762 -0.4122483 1
0.685729 0.5728166 -0.4490624 1
0.8634511 0.3160195 -0.3931715 1
0.5979326 0.5461128 -0.5867178 1
0.8536962 0.3039093 -0.4228972 1
0.7255574 0.5051094 0.4673662 1
0.6781943 0.5950494 0.431241 1
0.750514 0.4847734 0.4491364 1
0.6772024 0.5831058 0.4487589 1
0.585057 0.7127854 0.3868402 1
0.7516224 0.5139212 0.4134596 1
0.5943782 0.6903723 0.4124328 1
0.6894177 0.5689582 0.4483192 1
0.8591802 0.3511501 0.37216 1
0.5642629 0.6114586 0.5547305 1
0.842812 0.3614245 0.3987987 1
16
0.740163 0.6623705
0.7322041 0.6519765
0.7603672 0.6381156
0.4856762 0.8603248
0.4858833 0.860136
0.4605259 0.8545741
0.1987487 0.2452061
0.1995298 0.2454706
0.1995298 0.2451447
0.1987487 0.2452061
0.1995298 0.2454706
0.1467749 0.2452558
0.1467748 0.2633433
0.1995296 0.2812165
0.1467747 0.2990891
0.1995295 0.3169622
0.1467746 0.3345089
0.1475556 0.3345702
0.1995294 0.3346204
0.4856762 0.8603248
0.4605259 0.8545741
0.4858833 0.860136
0.1987487 0.2452061
0.1995298 0.2451447
0.1995298 0.2454706
0.1987487 0.2452061
0.1995298 0.2454706
0.1467749 0.2452558
0.1467748 0.2633433
0.1995296 0.2812165
0.1467747 0.2990891
0.1995295 0.3169622
0.1467746 0.3345089
0.1475556 0.3345702
0.1995294 0.3346204
0.7190652 0.5828763
0.728638 0.5970414
0.7565343 0.6006836
0.7565343 0.6006836
0.7332325 0.5665897
0.7190652 0.5828763
0.7114058 0.6094894
0.7565816 0.6006419
0.7288691 0.597041
0.7188959 0.5828844
0.7331787 0.5665789
0.7037978 0.5874468
0.706689 0.5994145
0.7190652 0.5828763
0.7038062 0.587463
0.7190652 0.5828763
0.706689 0.5994145
0.7113934 0.609476
0.7113934 0.609476
0.728638 0.5970414
0.7190652 0.5828763
0.7043306 0.5375124
0.7003573 0.5562189
0.7182059 0.550395
0.7029009 0.5734879
0.7182059 0.550395
0.7003573 0.5562189
0.7182059 0.550395
0.7029009 0.5734879
0.7037978 0.5874468
0.7037978 0.5874468
0.7331787 0.5665789
0.7182059 0.550395
0.7565816 0.6006419
0.7114058 0.6094894
0.7246494 0.6374189
0.7246494 0.6374189
0.7603672 0.6381156
0.7565816 0.6006419
0.7322041 0.6519765
0.7603672 0.6381156
0.7246494 0.6374189
0.7603672 0.6381156
0.740163 0.6623705
0.7496251 0.6714296
0.7496251 0.6714296
0.7588246 0.6429005
0.7603672 0.6381156
0.740163 0.6623705
0.7603672 0.6381156
0.7322041 0.6519765
0.7496251 0.6714296
0.740163 0.6623705
0.7603672 0.6381156
0.7603672 0.6381156
0.7588246 0.6429005
0.7496251 0.6714296
0.7190652 0.5828763
0.7332325 0.5665897
0.7565343 0.6006836
0.7322041 0.6519765
0.7246494 0.6374189
0.7603672 0.6381156
0.7565343 0.6006836
0.728638 0.5970414
0.7190652 0.5828763
0.7246494 0.6374189
0.7114058 0.6094894
0.7565816 0.6006419
0.7114058 0.6094894
0.7288691 0.597041
0.7565816 0.6006419
0.7565816 0.6006419
0.7603672 0.6381156
0.7246494 0.6374189
0.7188959 0.5828844
0.7037978 0.5874468
0.7331787 0.5665789
0.7037978 0.5874468
0.7029009 0.5734879
0.7182059 0.550395
0.706689 0.5994145
0.7038062 0.587463
0.7190652 0.5828763
0.7182059 0.550395
0.7331787 0.5665789
0.7037978 0.5874468
0.7190652 0.5828763
0.728638 0.5970414
0.7113934 0.609476
0.7029009 0.5734879
0.7003573 0.5562189
0.7182059 0.550395
0.7113934 0.609476
0.706689 0.5994145
0.7190652 0.5828763
0.7043306 0.5375124
0.7166635 0.5489627
0.7182059 0.550395
0.7182059 0.550395
0.7166635 0.5489627
0.7043306 0.5375124
0.7182059 0.550395
0.7003573 0.5562189
0.7043306 0.5375124
0.5712113 0.3740886
0.6695853 0.4753244
0.6684633 0.3591059
0.5422907 0.4911373
0.6448112 0.5780388
0.4823529 0.3795087
0.4592685 0.4353327
0.4267417 0.3853778
0.4157118 0.4116363
0.3886827 0.3800995
0.3811285 0.3915141
0.3654082 0.3714105
0.348546 0.3751556
0.3386404 0.3495072
0.3936484 0.3694421
0.3767474 0.3642122
0.4008026 0.3648281
0.4303475 0.3641993
0.4335454 0.347298
0.3585101 0.3566225
0.3805093 0.3587435
0.4050085 0.3479042
0.4307602 0.3240266
0.5009553 0.3440396
0.4986958 0.3249483
0.551842 0.3419802
0.5509983 0.3227159
0.5926962 0.3402451
0.5916262 0.3209556
0.639644 0.3382967
0.6387707 0.319024
0.6895698 0.3364017
0.6881804 0.3171407
0.736394 0.3370694
0.7351785 0.3113582
0.7796534 0.3256301
0.7769916 0.2820964
0.7828652 0.3688819
0.8522989 0.3219962
0.3327762 0.3602446
0.348546 0.3751556
0.3281899 0.3417229
0.3214118 0.3517904
0.3094204 0.3436125
0.3420286 0.3456528
0.3621143 0.3489032
0.3836421 0.3455579
0.3160938 0.335095
0.3326931 0.3362744
0.3017548 0.3274701
0.2951397 0.33628
0.3229032 0.3295012
0.309782 0.3128534
0.2826822 0.318202
0.2765979 0.3268715
0.3335772 0.3219731
0.3392628 0.3303966
0.2868717 0.306592
0.2633749 0.308755
0.2584286 0.3162344
0.2472243 0.3029988
0.2648808 0.2996178
0.2411401 0.2912441
0.2665525 0.287653
0.2394442 0.2761803
0.2901217 0.2937641
0.3139384 0.2968075
0.3331397 0.3064073
0.3459185 0.2962961
0.3398708 0.3137516
0.3541271 0.3033128
0.3636913 0.2944257
0.3532658 0.2889258
0.3541959 0.2847242
0.3522549 0.3176185
0.3600323 0.313876
0.3500879 0.3239068
0.3704242 0.315065
0.3555587 0.3299119
0.3764822 0.3046473
0.3760272 0.3222628
0.347793 0.3370534
0.3637919 0.3410247
0.3641576 0.3327825
0.3835753 0.3353521
0.3733703 0.3291489
0.4029292 0.3263981
0.4239652 0.3009058
0.4978088 0.2981305
0.3965753 0.310758
0.3889484 0.2961702
0.3788437 0.2839646
0.4860442 0.2507385
0.5949596 0.2866548
0.5793819 0.2202162
0.7575309 0.275555
0.6783701 0.1669724
0.4208916 0.2695242
0.4079125 0.2811793
0.3922659 0.2669051
0.3637181 0.2710604
0.3673947 0.2506726
0.3392012 0.2743872
0.3381231 0.2865577
0.3391418 0.2597423
0.295564 0.2742487
0.2927875 0.2836245
0.2649034 0.2732627
0.2572595 0.2805104
0.2941629 0.2606964
0.3319446 0.2461571
0.3639194 0.2354088
0.4075155 0.1842342
0.3914773 0.2681263
0.4208916 0.2695242
0.4809667 0.2077653
0.4612038 0.2479938
0.5410346 0.1433549
0.4364674 0.1145353
0.6962433 0.05044496
0.6971285 0.07628495
0.8163424 0.05684954
0.6967943 0.03954828
0.2930749 0.4200529
0.3393067 0.3771349
0.3393067 0.3771349
0.2930749 0.4200529
0.5523527 0.5463968
0.5394646 0.5051981
0.5841139 0.5337901
0.4337078 0.5130868
0.4898066 0.4735292
0.4429293 0.4435547
0.3388869 0.4656702
0.3845355 0.4063397
0.3393067 0.3771349
0.2930749 0.4200529
0.8204368 0.9921622
0.8199261 0.8221611
0.8304287 0.9910359
0.8106254 0.9932453
0.7969207 0.8248035
0.8017777 0.9942567
0.7868344 0.825962
0.9838266 0.548938
0.9875916 0.4719163
0.9411194 0.4678514
0.9289456 0.5463235
0.8709943 0.4637188
0.9322129 0.6393936
0.9842658 0.644004
0.9353332 0.7116566
0.9827553 0.7138949
0.9394084 0.7993162
0.9817974 0.8034232
0.9405679 0.8662773
0.9800476 0.869918
0.9411526 0.9067276
0.9059985 0.9051412
0.9778393 0.9080675
0.973822 0.9442104
0.9027961 0.8632557
0.8970236 0.7951341
0.8902191 0.7133061
0.943848 0.9437125
0.9692943 0.9897178
0.9470434 0.9881825
0.9387028 0.9835885
0.9287554 0.9804784
0.9255608 0.9439558
0.9126371 0.9798818
0.9002137 0.9420771
0.8994827 0.9811184
0.8779081 0.9801729
0.8740182 0.9437643
0.8637357 0.9846483
0.8458032 0.9458699
0.8531712 0.9875763
0.8698606 0.9065241
0.8380815 0.9076033
0.8336098 0.8705715
0.8632776 0.8650287
0.8563806 0.801612
0.830066 0.8082328
0.8452021 0.7204793
0.817105 0.7281405
0.8839397 0.6367272
0.8321929 0.6443603
0.8009071 0.65204
0.8764458 0.5495834
0.8144705 0.5649547
0.7751771 0.5775233
0.8226159 0.4657321
0.8960053 0.3805805
0.836243 0.3722468
0.7707085 0.4710112
0.7197894 0.4880943
0.757781 0.3774856
0.6804761 0.3949929
0.7197894 0.4880943
0.6804761 0.3949929
0.757781 0.3774856
0.7707085 0.4710112
0.7751771 0.5775233
0.836243 0.3722468
0.8144705 0.5649547
0.8009071 0.65204
0.8226159 0.4657321
0.8960053 0.3805805
0.8709943 0.4637188
0.8321929 0.6443603
0.817105 0.7281405
0.8764458 0.5495834
0.8452021 0.7204793
0.830066 0.8082328
0.9289456 0.5463235
0.9411194 0.4678514
0.8839397 0.6367272
0.8563806 0.801612
0.8336098 0.8705715
0.9838266 0.548938
0.9875916 0.4719163
0.9322129 0.6393936
0.9842658 0.644004
0.8902191 0.7133061
0.9353332 0.7116566
0.9827553 0.7138949
0.8970236 0.7951341
0.9394084 0.7993162
0.9817974 0.8034232
0.8632776 0.8650287
0.9405679 0.8662773
0.9800476 0.869918
0.9027961 0.8632557
0.9059985 0.9051412
0.8698606 0.9065241
0.8380815 0.9076033
0.8458032 0.9458699
0.9411526 0.9067276
0.9778393 0.9080675
0.973822 0.9442104
0.8740182 0.9437643
0.943848 0.9437125
0.9692943 0.9897178
0.9470434 0.9881825
0.9387028 0.9835885
0.9287554 0.9804784
0.9255608 0.9439558
0.9126371 0.9798818
0.9002137 0.9420771
0.8994827 0.9811184
0.8779081 0.9801729
0.8637357 0.9846483
0.8531712 0.9875763
0.4605255 0.854574
0.4432232 0.834906
0.4400492 0.849892
0.4735595 0.8317502
0.4858833 0.860136
0.4856762 0.8603248
0.2866101 0.4446361
0.2778813 0.4185061
0.2508672 0.4630297
0.2101169 0.4615125
0.230856 0.4033528
0.1642277 0.4760654
0.1712017 0.3936225
0.1187424 0.4485899
0.1324591 0.4965164
0.1048389 0.3887768
0.1098633 0.5188949
0.08164387 0.472175
0.08887021 0.547779
0.05344877 0.4140149
0.05652482 0.5086198
0.009592375 0.4509196
0.6971285 0.07628506
0.815435 0.1189902
0.8163424 0.05684978
0.9137841 0.1060938
0.9152769 0.05731088
0.9926376 0.05695134
0.9155538 0.007385671
0.8164307 0.006880462
0.6967931 0.0395481
0.2610247 0.3232675
0.2527713 0.3623102
0.2930749 0.4200529
0.3393067 0.3771349
0.3388869 0.4656702
0.3845355 0.4063397
0.4429293 0.4435547
0.4337078 0.5130868
0.4898066 0.4735292
0.5394646 0.5051981
0.5523527 0.5463968
0.5841139 0.5337901
0.7868344 0.825962
0.8017777 0.9942567
0.8020225 0.9942271
0.7868959 0.825956
0.8105724 0.9932516
0.7967624 0.8248153
0.821035 0.9920772
0.8101466 0.8232831
0.8304287 0.9910359
0.8199261 0.8221611
0.2778813 0.4185061
0.2866101 0.4446361
0.2509133 0.4629622
0.2103367 0.4616166
0.230856 0.4033528
0.2441179 0.5281457
0.2854975 0.4730548
0.2840681 0.5255555
0.3162585 0.4804461
0.3144904 0.5299108
0.1997053 0.5465595
0.1642575 0.4760836
0.1712017 0.3936225
0.1664631 0.5786032
0.1187424 0.4485899
0.1048389 0.3887768
0.1323027 0.4967471
0.1099198 0.5191345
0.1400655 0.608426
0.08898739 0.547915
0.08164387 0.472175
0.05344877 0.4140149
0.05652482 0.5086198
0.009592375 0.4509196
0.9175823 0.3630781
0.8864167 0.2700552
0.9479628 0.2570448
0.9424742 0.3569847
0.9682329 0.3677517
0.9963208 0.2769397
0.9675356 0.3676016
0.9882213 0.3641438
0.9963208 0.2769397
0.9483511 0.2571187
0.9422288 0.3569609
0.91736 0.3629288
0.8864749 0.2697389
0.9014884 0.3518019
0.006960819 0.9337673
0.006966174 0.918941
0.04169711 0.918941
0.04163858 0.9346303
0.04161226 0.9477575
0.006927673 0.9482899
0.07401198 0.9350911
0.0740875 0.9189438
0.04159297 0.9648728
0.006927211 0.9647089
0.006961835 0.9790232
0.09114737 0.936513
0.09128955 0.9189479
0.1100438 0.9363363
0.1100811 0.9189724
0.1371121 0.9365365
0.1374061 0.9189709
0.158377 0.9438378
0.1602366 0.930922
0.1906436 0.9361915
0.2001616 0.9476623
0.2527813 0.9560994
0.09110332 0.9492996
0.1100027 0.948225
0.1286446 0.9474686
0.1416376 0.9479763
0.07398216 0.9479792
0.0739636 0.9647505
0.09111431 0.9639903
0.1100352 0.9646602
0.128696 0.9650228
0.1418305 0.9645057
0.1579201 0.9554231
0.07404458 0.9783185
0.09114903 0.9776583
0.1101065 0.9770337
0.1806592 0.9556019
0.158183 0.9679168
0.1372643 0.9772905
0.2074833 0.9556376
0.1999412 0.9637015
0.191193 0.9766354
0.1600826 0.9835066
0.1374716 0.9947299
0.1101787 0.9947436
0.09128042 0.9947029
0.07407698 0.9947042
0.0416865 0.9947028
0.0416094 0.9788998
0.006966452 0.9947042
0.757781 0.3774856
0.6804761 0.3949929
0.7194618 0.4880528
0.7700142 0.4709096
0.836243 0.3722468
0.8225364 0.4654999
0.8960053 0.3805805
0.8709998 0.4639765
0.8960053 0.3805805
0.8709998 0.4639765
0.8225364 0.4654999
0.836243 0.3722468
0.7700142 0.4709096
0.757781 0.3774856
0.7194618 0.4880528
0.6804761 0.3949929
0.9479628 0.2570448
0.8864749 0.2697389
0.9175823 0.3630781
0.9424742 0.3569847
0.9682329 0.3677517
0.9963208 0.2769397
0.9045417 0.4202746
0.9387045 0.4501882
0.8965119 0.4296345
0.9358102 0.4336276
0.9776002 0.4320112
0.9223729 0.4098485
0.9002568 0.3946857
0.9097298 0.3770988
0.9661582 0.4213362
0.9914819 0.3970248
0.9534336 0.4097085
0.9422109 0.3569429
0.9786091 0.3942746
0.9675577 0.3674234
0.9882022 0.3642464
0.9963208 0.2769397
0.9483511 0.2571187
0.9597658 0.3828661
0.9173338 0.362968
0.8962445 0.3651675
0.8864749 0.2697389
0.9014538 0.351868
0.03158854 0.9189519
0.006874953 0.9189514
0.006874953 0.933083
0.04168234 0.9345743
0.07401013 0.9351572
0.07404688 0.9189525
0.04172158 0.9480181
0.006907915 0.9483645
0.006909115 0.9644065
0.09113417 0.9367025
0.09113426 0.9189529
0.1100437 0.9363588
0.1100752 0.9189733
0.1371123 0.9365433
0.1374243 0.9189717
0.1602143 0.9309278
0.1583302 0.9438239
0.1906365 0.936193
0.2001376 0.9476544
0.2527766 0.9560983
0.0416298 0.9646872
0.07398383 0.948328
0.09109382 0.9494063
0.1100024 0.9482434
0.1286375 0.9475047
0.07396582 0.9644663
0.04166609 0.9790073
0.006875508 0.9794437
0.02440449 0.994724
0.0740454 0.9786884
0.07405446 0.9947239
0.09109133 0.9635935
0.09112982 0.9777119
0.09116436 0.9947234
0.1100348 0.9646033
0.1101066 0.9770361
0.1101839 0.9947463
0.1286943 0.9650082
0.1372665 0.9772846
0.1375111 0.9947343
0.1581538 0.967928
0.1600753 0.9835047
0.1911788 0.9766329
0.141636 0.9479966
0.1418259 0.964436
0.1578855 0.9554205
0.1806427 0.9556001
0.1999121 0.9637011
0.2074547 0.9556342
0.9944553 0.1925539
0.9941679 0.1683379
0.9621068 0.1603059
0.9562315 0.1791683
0.985249 0.205287
0.9936517 0.2191802
0.9652846 0.2101963
0.9753833 0.2317407
0.9450196 0.1997557
0.9253249 0.1716762
0.9341701 0.1581526
0.9228306 0.1987112
0.9419552 0.2097675
0.9028756 0.1751621
0.9151617 0.1551051
0.914816 0.2293073
0.9375466 0.2269292
0.9020897 0.196254
0.8828623 0.2304682
0.9009243 0.1557506
0.8849136 0.1704726
0.8828574 0.1981843
0.8674735 0.1982658
0.8677774 0.230473
0.8642572 0.1701438
0.8473853 0.1996801
0.8326949 0.2305124
0.9021577 0.1411129
0.9169152 0.1403551
0.9119399 0.1257077
0.9041632 0.1254648
0.8913495 0.1251681
0.89635 0.116837
0.8885364 0.1353072
0.8801908 0.1399149
0.8667896 0.1404411
0.8456323 0.1584963
0.8544426 0.1393714
0.8467127 0.1330942
0.8379598 0.1773165
0.8292314 0.2046194
0.809955 0.2105209
0.8176439 0.2300045
0.8383986 0.1428026
0.8400399 0.1279982
0.8494225 0.1235151
0.8286527 0.127618
0.8292114 0.1424215
0.8318634 0.157409
0.8142474 0.1603571
0.8230908 0.1844108
0.7981557 0.1651418
0.8066236 0.1842459
0.7792674 0.1672655
0.7927378 0.1481807
0.7716776 0.1761802
0.7875212 0.1909016
0.7588724 0.1883506
0.7942852 0.2204639
0.7729388 0.2031026
0.7488103 0.1995358
0.7782965 0.2296032
0.7930076 0.2443361
0.75372 0.2112258
0.738648 0.2186049
0.7320434 0.2088622
0.7548035 0.2222493
0.7633187 0.2354836
0.7748872 0.2559028
0.7496457 0.2440391
0.02531077 0.8071508
0.02531107 0.8204532
0.00877798 0.8197752
0.008947503 0.8072081
0.02531143 0.7911142
0.008904144 0.7911762
0.02531787 0.7765928
0.008736449 0.7764382
0.02531275 0.7673442
0.008911456 0.7673682
0.02531045 0.7501843
0.008982525 0.7499605
0.01593499 0.7184224
0.02516008 0.8539011
0.02509398 0.8736143
0.01053744 0.8725008
0.008988813 0.8647955
0.009121813 0.8535314
0.02518425 0.8367396
0.009147367 0.8371506
0.02518852 0.8193166
0.009124264 0.8200417
0.02517134 0.8072361
0.009147222 0.8079408
0.02517829 0.7907497
0.009134098 0.7915569
0.0251833 0.775993
0.009126311 0.7767352
0.02515281 0.7663656
0.009179065 0.7669036
0.02513833 0.7500739
0.009200781 0.7503703
0.01725168 0.7196724
0.00692712 0.9863725
0.04161559 0.9947556
0.006928965 0.9947572
0.04158733 0.9791034
0.006926103 0.9786787
0.07390599 0.9793293
0.07406082 0.994755
0.04157431 0.9649593
0.006919825 0.9644158
0.006919733 0.9485803
0.04156277 0.9479358
0.006926473 0.9362058
0.0911169 0.9774686
0.0911868 0.994754
0.07392335 0.9648191
0.09106334 0.9636292
0.1101047 0.9770125
0.1101494 0.9947503
0.04161512 0.9350567
0.006927951 0.9293445
0.07390276 0.9483846
0.1100276 0.9646458
0.1372649 0.9772289
0.1374816 0.9947408
0.1600753 0.9835014
0.07399388 0.9354708
0.04164153 0.9189424
0.006929797 0.9189404
0.07406646 0.9189426
0.09108486 0.9495399
0.09112826 0.9370637
0.09119058 0.9189439
0.1099992 0.9482592
0.110041 0.9363998
0.1100262 0.9189708
0.1286925 0.9650273
0.1286348 0.947488
0.1371121 0.9365546
0.1374068 0.91897
0.1583411 0.9438617
0.1602153 0.9309407
0.1906464 0.9361977
0.1418342 0.9644656
0.1416387 0.9479987
0.158158 0.9679255
0.1911953 0.9766291
0.1578924 0.9554347
0.2001382 0.9476658
0.2527854 0.9560998
0.18064 0.9556062
0.1999128 0.9637092
0.2074259 0.955642
0.02514001 0.8628554
0.009981088 0.8726267
0.02510126 0.8736364
0.008996747 0.8633005
0.009136455 0.845287
0.02517981 0.8451728
0.009154825 0.8196244
0.02519755 0.8195049
0.009172302 0.8073409
0.02517854 0.8072233
0.009151426 0.7912268
0.0251799 0.7910907
0.009134866 0.7763563
0.02517876 0.7761559
0.009188863 0.7665252
0.0251524 0.7664235
0.009199501 0.7502102
0.02513237 0.7500848
0.01731442 0.7192
0.02532825 0.7500577
0.01792904 0.7199798
0.009081637 0.7502738
0.02534141 0.7670036
0.009053119 0.7670407
0.02537121 0.7766175
0.008989142 0.7768177
0.02536766 0.7913387
0.009001464 0.7913508
0.02536115 0.807715
0.009018132 0.8077239
0.02537464 0.8198376
0.008983403 0.8198452
0.02536247 0.8372232
0.008982781 0.8369503
0.02536024 0.8537689
0.008964466 0.8534612
0.008840716 0.8746457
0.02542685 0.8773525
0.02543654 0.8874879
0.008761565 0.8842455
0.02545332 0.8976637
0.008728554 0.8929793
0.008907433 0.9066955
0.01589927 0.9070511
0.02625768 0.9114138
0.03790102 0.9071978
0.356102 0.2090985
0.4070963 0.1623859
0.3971078 0.1369452
0.3392612 0.1824238
0.3261386 0.2420533
0.3145388 0.1999284
0.3331675 0.1593238
0.3954961 0.1085938
0.3269986 0.1160016
0.2915333 0.1624414
0.2728897 0.1185107
0.2389856 0.1280565
0.3269986 0.1160016
0.3954961 0.1085938
0.3923739 0.1201472
0.3274728 0.1346849
0.392417 0.1366765
0.2728897 0.1185107
0.3307776 0.1554601
0.267279 0.1451656
0.3368063 0.1827667
0.3985585 0.1518111
0.2441126 0.1451834
0.2389856 0.1280565
0.2271838 0.1617821
0.236391 0.1656594
0.2190627 0.190164
0.2688148 0.1789364
0.2352004 0.2057608
0.2190416 0.2220484
0.2495592 0.2467332
0.2615064 0.2342835
0.2912435 0.2460594
0.2872626 0.2156247
0.3424846 0.1970972
0.4070963 0.1623859
0.356102 0.2090985
0.3096663 0.2279509
0.3261386 0.2420533
0.5422907 0.4911373
0.6448112 0.5780388
0.6695853 0.4753244
0.5712113 0.3740886
0.6684633 0.3591059
0.4823529 0.3795087
0.4592684 0.4353327
0.4268253 0.3852941
0.4157077 0.4116379
0.4239322 0.3008213
0.4307886 0.3240684
0.4978088 0.2981305
0.4860442 0.2507385
0.4209375 0.2705005
0.5949596 0.2866548
0.5793819 0.2202162
0.7575309 0.275555
0.6783701 0.1669724
0.5379192 0.04555535
0.6970223 0.04006636
0.6969611 0.05242711
0.5377796 0.06799257
0.376375 0.05987334
0.3764444 0.03013653
0.2201366 0.03985357
0.2202223 0.01644415
0.06063632 0.008198202
0.05964002 0.02990299
0.003336727 0.005114198
0.003332193 0.02691162
0.05858659 0.05583131
0.003340533 0.05319721
0.2201556 0.06103241
0.05868666 0.08069223
0.003345148 0.08077151
0.003425385 0.1026478
0.05923048 0.1036405
0.2201669 0.0826925
0.2202318 0.1029145
0.376455 0.1029142
0.3763931 0.08275652
0.5377987 0.08168221
0.5379023 0.102914
0.6969952 0.07524282
0.4858833 0.860136
0.4856762 0.8603248
0.4605255 0.854574
0.4735595 0.8317502
0.4432232 0.834906
0.4400492 0.849892
0.758427 0.9437813
0.7854479 0.9888847
0.7336857 0.9835688
0.7184338 0.9371529
0.7513176 0.9187262
0.6653315 0.9313423
0.6722068 0.9735543
0.5875934 0.9270922
0.591525 0.9607612
0.5846165 0.8901994
0.6697171 0.8886226
0.464936 0.8936602
0.584485 0.8591725
0.467727 0.9190658
0.4717618 0.9456546
0.4232308 0.9463425
0.4163753 0.8924224
0.4193136 0.9194043
0.3873405 0.9499308
0.3708116 0.8899416
0.3642712 0.8713682
0.3224116 0.8586356
0.3467156 0.8396395
0.3809802 0.9190906
0.3641752 0.955873
0.351436 0.9214204
0.3395177 0.9688435
0.3393232 0.8946891
0.3217596 0.9355215
0.3130448 0.99223
0.2936713 0.9683675
0.3073902 0.9152186
0.2686707 0.9483006
0.2855905 0.8893383
0.2288009 0.9309291
0.2422707 0.8729168
0.1826345 0.9135336
0.2031539 0.8493053
0.1494463 0.905287
0.1600848 0.8283343
0.260742 0.8254208
0.1128567 0.9041908
0.1131465 0.8126424
0.06836174 0.8547184
0.07845676 0.9060355
0.06140151 0.8203552
0.06764464 0.7526504
0.0367233 0.7564473
0.1050659 0.7436712
0.1421332 0.7322358
0.04662242 0.7041202
0.01854894 0.7041464
0.08896007 0.6927609
0.03152468 0.6393482
0.007888041 0.6390751
0.06770255 0.6327921
0.03662721 0.5701444
0.006444901 0.5763502
0.09139115 0.619432
0.05826747 0.5620859
0.1080959 0.6000305
0.1277323 0.6793405
0.1372709 0.62346
0.1679848 0.6076955
0.2054359 0.6574981
0.2318967 0.7008508
0.1897688 0.7543901
0.3079185 0.5843031
0.30071 0.5378932
0.3147264 0.641549
0.2579318 0.7425794
0.2251251 0.7872316
0.4370673 0.581585
0.4419419 0.5336294
0.5286193 0.5516541
0.4294495 0.6326534
0.3241872 0.6932697
0.331437 0.742575
0.2735553 0.7786415
0.2971328 0.8114092
0.3363616 0.797953
0.3571889 0.8094445
0.374574 0.7758682
0.3820554 0.80057
0.4158328 0.8094856
0.4161527 0.7774069
0.4632023 0.8195816
0.4175574 0.7311464
0.4740964 0.7840345
0.512749 0.8330882
0.4226104 0.683538
0.5243957 0.8017534
0.4855773 0.7419785
0.4732878 0.7004526
0.4758539 0.6624317
0.5386411 0.7624417
0.496222 0.6311943
0.5124668 0.592559
0.5738931 0.6449603
0.5869345 0.6164433
0.6082552 0.5795363
0.6910044 0.6411093
0.6580302 0.6651117
0.7163217 0.7351687
0.6219705 0.6857888
0.752798 0.7161122
0.6370188 0.714593
0.8081909 0.7775698
0.6645562 0.7640987
0.5991755 0.7470178
0.7618199 0.7956155
0.7790586 0.821314
0.5939999 0.7926765
0.6743957 0.8243645
0.5924169 0.8294071
0.7134334 0.8683073
0.7721077 0.8911356
0.1995293 0.352708
0.1467744 0.3705807
0.1467746 0.3348348
0.1995295 0.3169622
0.1467747 0.2990891
0.1995296 0.2812165
0.1467748 0.2633433
0.1995298 0.2454706
0.1467749 0.2275976
0.1995299 0.2097249
0.1467751 0.1918519
0.19953 0.1739792
0.1995293 0.352708
0.1467744 0.3705807
0.1467746 0.3348348
0.1995295 0.3169622
0.1467747 0.2990891
0.1995296 0.2812165
0.1467748 0.2633433
0.1995298 0.2454706
0.1467749 0.2275976
0.1995299 0.2097249
0.1467751 0.1918519
0.19953 0.1739792
0.1995293 0.352708
0.1467744 0.3705807
0.1467746 0.3348348
0.1995295 0.3169622
0.1467747 0.2990891
0.1995296 0.2812165
0.1467748 0.2633433
0.1995298 0.2454706
0.1467749 0.2275976
0.1995299 0.2097249
0.1467751 0.1918519
0.19953 0.1739792
0.4208916 0.2695242
0.4809667 0.2077653
0.4612038 0.2479938
0.4075155 0.1842342
0.3914773 0.2681263
0.5410346 0.1433549
0.4364674 0.1145353
0.3673947 0.2506726
0.3639194 0.2354088
0.3391418 0.2597423
0.3319446 0.2461571
0.3637181 0.2710604
0.3922659 0.2669051
0.295564 0.2742487
0.2941629 0.2606964
0.2649034 0.2732627
0.2927875 0.2836245
0.2572595 0.2805104
0.3381231 0.2865577
0.3392012 0.2743872
0.3541959 0.2847242
0.3788437 0.2839646
0.4079125 0.2811793
0.4208916 0.2695242
0.4239652 0.3009058
0.4860442 0.2507385
0.3636913 0.2944257
0.3532658 0.2889258
0.3459185 0.2962961
0.3889484 0.2961702
0.4978088 0.2981305
0.5949596 0.2866548
0.5793819 0.2202162
0.7575309 0.275555
0.6783701 0.1669724
0.4307602 0.3240266
0.3541271 0.3033128
0.3764822 0.3046473
0.3965753 0.310758
0.4029292 0.3263981
0.3760272 0.3222628
0.3704242 0.315065
0.3600323 0.313876
0.3331397 0.3064073
0.3139384 0.2968075
0.309782 0.3128534
0.2901217 0.2937641
0.3398708 0.3137516
0.3522549 0.3176185
0.3335772 0.3219731
0.3500879 0.3239068
0.3835753 0.3353521
0.3733703 0.3291489
0.3641576 0.3327825
0.3392628 0.3303966
0.3555587 0.3299119
0.3637919 0.3410247
0.4050085 0.3479042
0.347793 0.3370534
0.3836421 0.3455579
0.3621143 0.3489032
0.3420286 0.3456528
0.3326931 0.3362744
0.3805093 0.3587435
0.3229032 0.3295012
0.3585101 0.3566225
0.3160938 0.335095
0.3017548 0.3274701
0.3281899 0.3417229
0.3386404 0.3495072
0.2868717 0.306592
0.3094204 0.3436125
0.3214118 0.3517904
0.3327762 0.3602446
0.2951397 0.33628
0.348546 0.3751556
0.2826822 0.318202
0.2765979 0.3268715
0.3654082 0.3714105
0.3811285 0.3915141
0.2633749 0.308755
0.2584286 0.3162344
0.2472243 0.3029988
0.2648808 0.2996178
0.2411401 0.2912441
0.2665525 0.287653
0.2394442 0.2761803
0.3767474 0.3642122
0.3886827 0.3800995
0.4157118 0.4116363
0.3936484 0.3694421
0.4267417 0.3853778
0.4592685 0.4353327
0.4008026 0.3648281
0.4823529 0.3795087
0.4303475 0.3641993
0.5422907 0.4911373
0.4335454 0.347298
0.5009553 0.3440396
0.4986958 0.3249483
0.551842 0.3419802
0.5509983 0.3227159
0.5926962 0.3402451
0.5916262 0.3209556
0.639644 0.3382967
0.6387707 0.319024
0.6895698 0.3364017
0.6881804 0.3171407
0.736394 0.3370694
0.7351785 0.3113582
0.7796534 0.3256301
0.7828652 0.3688819
0.7769916 0.2820964
0.8522989 0.3219962
0.6695853 0.4753244
0.6448112 0.5780388
0.5712113 0.3740886
0.6684633 0.3591059
0.4075155 0.1842342
0.5410346 0.1433549
0.4364674 0.1145353
0.4809667 0.2077653
0.4208916 0.2695242
0.4612038 0.2479938
0.3914773 0.2681263
0.3673699 0.2502242
0.3632616 0.2351336
0.3632616 0.2351335
0.4037817 0.8451273
0.4274472 0.8332661
0.4223949 0.863743
0.3998411 0.8189005
0.3886279 0.8299714
0.007331301 0.1618398
0.007289711 0.1805033
0.1053452 0.1803995
0.1054184 0.1620272
0.2274242 0.1452359
0.105517 0.1444758
0.007344428 0.1445891
0.1055275 0.1284788
0.1055205 0.1094106
0.007360984 0.1276901
0.007350761 0.1091738
0.007329572 0.162075
0.007286433 0.1802303
0.1053588 0.180353
0.1054337 0.162155
0.2275032 0.1452472
0.1055322 0.1445448
0.007349405 0.1445276
0.1055533 0.1285271
0.1055134 0.1096514
0.007367272 0.127337
0.007344637 0.1093225
0.7969207 0.8248035
0.7868344 0.825962
0.8017777 0.9942567
0.8106254 0.9932453
0.8199261 0.8221611
0.8204368 0.9921622
0.8304287 0.9910359
0.8101466 0.8232831
0.8199261 0.8221611
0.8304287 0.9910359
0.821035 0.9920772
0.7967624 0.8248153
0.8105724 0.9932516
0.7868959 0.825956
0.8020225 0.9942271
0.7868344 0.825962
0.8017777 0.9942567
0.91736 0.3629288
0.9014884 0.3518019
0.8864749 0.2697389
0.9483511 0.2571187
0.9422288 0.3569609
0.9675356 0.3676016
0.9963208 0.2769397
0.9882213 0.3641438
0.9682329 0.3677517
0.9963208 0.2769397
0.9479628 0.2570448
0.9424742 0.3569847
0.9175823 0.3630781
0.8864167 0.2700552
0.9479628 0.2570448
0.9963208 0.2769397
0.9682329 0.3677517
0.9424742 0.3569847
0.9175823 0.3630781
0.8864749 0.2697389
0.9387045 0.4501882
0.9045417 0.4202746
0.8965119 0.4296345
0.9358102 0.4336276
0.9776002 0.4320112
0.9223729 0.4098485
0.9002568 0.3946857
0.9097298 0.3770988
0.9661582 0.4213362
0.9914819 0.3970248
0.9534336 0.4097085
0.9422109 0.3569429
0.9786091 0.3942746
0.9675577 0.3674234
0.9882022 0.3642464
0.9963208 0.2769397
0.9483511 0.2571187
0.9597658 0.3828661
0.9173338 0.362968
0.8962445 0.3651675
0.8864749 0.2697389
0.9014538 0.351868
0.0416865 0.9947028
0.006961835 0.9790232
0.006966452 0.9947042
0.0416094 0.9788998
0.07404458 0.9783185
0.07407698 0.9947042
0.04159297 0.9648728
0.006927211 0.9647089
0.006927673 0.9482899
0.04161226 0.9477575
0.006960819 0.9337673
0.09114903 0.9776583
0.09128042 0.9947029
0.0739636 0.9647505
0.09111431 0.9639903
0.1101065 0.9770337
0.1101787 0.9947436
0.07398216 0.9479792
0.1100352 0.9646602
0.1372643 0.9772905
0.1374716 0.9947299
0.1600826 0.9835066
0.09110332 0.9492996
0.07401198 0.9350911
0.128696 0.9650228
0.158183 0.9679168
0.191193 0.9766354
0.1100027 0.948225
0.1418305 0.9645057
0.04163858 0.9346303
0.04169711 0.918941
0.006966174 0.918941
0.0740875 0.9189438
0.09114737 0.936513
0.09128955 0.9189479
0.1100438 0.9363363
0.1100811 0.9189724
0.1286446 0.9474686
0.1371121 0.9365365
0.1374061 0.9189709
0.158377 0.9438378
0.1602366 0.930922
0.1906436 0.9361915
0.1416376 0.9479763
0.1579201 0.9554231
0.2001616 0.9476623
0.2527813 0.9560994
0.1806592 0.9556019
0.2074833 0.9556376
0.1999412 0.9637015
0.006874953 0.933083
0.006874953 0.9189514
0.03158854 0.9189519
0.04168234 0.9345743
0.04172158 0.9480181
0.006907915 0.9483645
0.006909115 0.9644065
0.07401013 0.9351572
0.07404688 0.9189525
0.09113417 0.9367025
0.09113426 0.9189529
0.1100437 0.9363588
0.1100752 0.9189733
0.1371123 0.9365433
0.1374243 0.9189717
0.1602143 0.9309278
0.1583302 0.9438239
0.1906365 0.936193
0.2001376 0.9476544
0.2527766 0.9560983
0.07398383 0.948328
0.09109382 0.9494063
0.1100024 0.9482434
0.1286375 0.9475047
0.0416298 0.9646872
0.07396582 0.9644663
0.09109133 0.9635935
0.04166609 0.9790073
0.006875508 0.9794437
0.02440449 0.994724
0.0740454 0.9786884
0.07405446 0.9947239
0.09112982 0.9777119
0.09116436 0.9947234
0.1100348 0.9646033
0.1101066 0.9770361
0.1101839 0.9947463
0.1286943 0.9650082
0.1372665 0.9772846
0.1375111 0.9947343
0.1581538 0.967928
0.1600753 0.9835047
0.1911788 0.9766329
0.141636 0.9479966
0.1418259 0.964436
0.1578855 0.9554205
0.1806427 0.9556001
0.1999121 0.9637011
0.2074547 0.9556342
0.008982525 0.7499605
0.02531045 0.7501843
0.01593499 0.7184224
0.008911456 0.7673682
0.02531275 0.7673442
0.008736449 0.7764382
0.02531787 0.7765928
0.008904144 0.7911762
0.02531143 0.7911142
0.008947503 0.8072081
0.02531077 0.8071508
0.00877798 0.8197752
0.02531107 0.8204532
0.8913495 0.1251681
0.89635 0.116837
0.9041632 0.1254648
0.9021577 0.1411129
0.9119399 0.1257077
0.9169152 0.1403551
0.8885364 0.1353072
0.9151617 0.1551051
0.9009243 0.1557506
0.8801908 0.1399149
0.9028756 0.1751621
0.9341701 0.1581526
0.8849136 0.1704726
0.8667896 0.1404411
0.9253249 0.1716762
0.9621068 0.1603059
0.9228306 0.1987112
0.9562315 0.1791683
0.9020897 0.196254
0.9944553 0.1925539
0.9941679 0.1683379
0.985249 0.205287
0.9936517 0.2191802
0.9652846 0.2101963
0.9753833 0.2317407
0.9450196 0.1997557
0.9419552 0.2097675
0.914816 0.2293073
0.9375466 0.2269292
0.8828623 0.2304682
0.8828574 0.1981843
0.8674735 0.1982658
0.8677774 0.230473
0.8642572 0.1701438
0.8473853 0.1996801
0.8326949 0.2305124
0.8456323 0.1584963
0.8544426 0.1393714
0.8467127 0.1330942
0.8379598 0.1773165
0.8292314 0.2046194
0.809955 0.2105209
0.8176439 0.2300045
0.8383986 0.1428026
0.8400399 0.1279982
0.8494225 0.1235151
0.8286527 0.127618
0.8292114 0.1424215
0.8318634 0.157409
0.8142474 0.1603571
0.8230908 0.1844108
0.7981557 0.1651418
0.8066236 0.1842459
0.7792674 0.1672655
0.7927378 0.1481807
0.7716776 0.1761802
0.7875212 0.1909016
0.7588724 0.1883506
0.7942852 0.2204639
0.7729388 0.2031026
0.7488103 0.1995358
0.7782965 0.2296032
0.7930076 0.2443361
0.75372 0.2112258
0.738648 0.2186049
0.7320434 0.2088622
0.7548035 0.2222493
0.7633187 0.2354836
0.7748872 0.2559028
0.7496457 0.2440391
0.04161559 0.9947556
0.00692712 0.9863725
0.006928965 0.9947572
0.04158733 0.9791034
0.006926103 0.9786787
0.07390599 0.9793293
0.07406082 0.994755
0.04157431 0.9649593
0.006919825 0.9644158
0.006919733 0.9485803
0.04156277 0.9479358
0.006926473 0.9362058
0.0911169 0.9774686
0.0911868 0.994754
0.07392335 0.9648191
0.09106334 0.9636292
0.1101047 0.9770125
0.1101494 0.9947503
0.04161512 0.9350567
0.006927951 0.9293445
0.07390276 0.9483846
0.1100276 0.9646458
0.1372649 0.9772289
0.1374816 0.9947408
0.1600753 0.9835014
0.07399388 0.9354708
0.04164153 0.9189424
0.006929797 0.9189404
0.07406646 0.9189426
0.09108486 0.9495399
0.09112826 0.9370637
0.09119058 0.9189439
0.1099992 0.9482592
0.110041 0.9363998
0.1100262 0.9189708
0.1286925 0.9650273
0.1286348 0.947488
0.1371121 0.9365546
0.1374068 0.91897
0.1583411 0.9438617
0.1602153 0.9309407
0.1906464 0.9361977
0.1418342 0.9644656
0.1416387 0.9479987
0.158158 0.9679255
0.1911953 0.9766291
0.1578924 0.9554347
0.2001382 0.9476658
0.2527854 0.9560998
0.18064 0.9556062
0.1999128 0.9637092
0.2074259 0.955642
0.02514001 0.8628554
0.02510126 0.8736364
0.009981088 0.8726267
0.008996747 0.8633005
0.009136455 0.845287
0.02517981 0.8451728
0.009154825 0.8196244
0.02519755 0.8195049
0.009172302 0.8073409
0.02517854 0.8072233
0.009151426 0.7912268
0.0251799 0.7910907
0.009134866 0.7763563
0.02517876 0.7761559
0.009188863 0.7665252
0.0251524 0.7664235
0.009199501 0.7502102
0.02513237 0.7500848
0.01731442 0.7192
0.4268253 0.3852941
0.4592684 0.4353327
0.4157077 0.4116379
0.4823529 0.3795087
0.5422907 0.4911373
0.5712113 0.3740886
0.6695853 0.4753244
0.6448112 0.5780388
0.6684633 0.3591059
0.5379192 0.04555535
0.6969611 0.05242711
0.6970223 0.04006636
0.5377796 0.06799257
0.376375 0.05987334
0.3764444 0.03013653
0.2201366 0.03985357
0.2202223 0.01644415
0.06063632 0.008198202
0.05964002 0.02990299
0.003336727 0.005114198
0.003332193 0.02691162
0.05858659 0.05583131
0.003340533 0.05319721
0.2201556 0.06103241
0.05868666 0.08069223
0.003345148 0.08077151
0.003425385 0.1026478
0.05923048 0.1036405
0.2201669 0.0826925
0.2202318 0.1029145
0.376455 0.1029142
0.3763931 0.08275652
0.5377987 0.08168221
0.5379023 0.102914
0.6969952 0.07524282
0.3639194 0.2354088
0.3907933 0.2482156
0.3835308 0.232343
0.3673947 0.2506726
0.4209036 0.2703224
0.3922659 0.2669051
0.05344877 0.4140149
0.009592375 0.4509196
0.05652482 0.5086198
0.08164387 0.472175
0.1048389 0.3887768
0.08898739 0.547915
0.1187424 0.4485899
0.1712017 0.3936225
0.1099198 0.5191345
0.1400655 0.608426
0.1664631 0.5786032
0.1642575 0.4760836
0.230856 0.4033528
0.1323027 0.4967471
0.1997053 0.5465595
0.2103367 0.4616166
0.2778813 0.4185061
0.2441179 0.5281457
0.2509133 0.4629622
0.2866101 0.4446361
0.2854975 0.4730548
0.2840681 0.5255555
0.3162585 0.4804461
0.3144904 0.5299108
0.007329572 0.1619304
0.00728989 0.180219
0.1053598 0.1803867
0.105428 0.1621935
0.2274237 0.14529
0.1055153 0.1445132
0.007339064 0.1440896
0.1055288 0.12837
0.1054989 0.1092625
0.007351983 0.1270045
0.007345784 0.1091172
0.1467751 0.1918519
0.1995299 0.2097249
0.19953 0.1739792
0.1467749 0.2275976
0.1995298 0.2454706
0.1467748 0.2633433
0.1995296 0.2812165
0.1467747 0.2990891
0.1995295 0.3169622
0.1467746 0.3348348
0.1995293 0.352708
0.1467744 0.3705807
0.1467751 0.1918519
0.1995299 0.2097249
0.19953 0.1739792
0.1467749 0.2275976
0.1995298 0.2454706
0.1467748 0.2633433
0.1995296 0.2812165
0.1467747 0.2990891
0.1995295 0.3169622
0.1467746 0.3348348
0.1995293 0.352708
0.1467744 0.3705807
0.1467751 0.1918519
0.1995299 0.2097249
0.19953 0.1739792
0.1467749 0.2275976
0.1995298 0.2454706
0.1467748 0.2633433
0.1995296 0.2812165
0.1467747 0.2990891
0.1995295 0.3169622
0.1467746 0.3348348
0.1995293 0.352708
0.1467744 0.3705807
0.6166636 0.1170802
0.5572923 0.1497911
0.5542771 0.1212224
0.6178531 0.1429755
0.5679757 0.1872374
0.6704352 0.1122175
0.6264963 0.1686118
0.6732754 0.1347713
0.7550794 0.1201823
0.6776599 0.1509889
0.03695558 0.1908593
0.01040991 0.2495575
0.01063223 0.1907513
0.03872322 0.2498866
0.01047752 0.3056309
0.06758057 0.1906256
0.03959761 0.3056409
0.01100282 0.3647527
0.07328372 0.3645712
0.07239944 0.3050222
0.06986561 0.2493161
0.09377408 0.2489964
0.1307118 0.3029603
0.08976312 0.1903558
0.1242732 0.2455961
0.1164097 0.1902766
0.5572923 0.1497911
0.6166636 0.1170802
0.5542771 0.1212224
0.6178531 0.1429755
0.5679757 0.1872374
0.6704352 0.1122175
0.6264963 0.1686118
0.6732754 0.1347713
0.7550794 0.1201823
0.6776599 0.1509889
0.03662721 0.5701444
0.006444901 0.5763502
0.007888041 0.6390751
0.03152468 0.6393482
0.01854894 0.7041464
0.04662242 0.7041202
0.0367233 0.7564473
0.06770255 0.6327921
0.06764464 0.7526504
0.06140151 0.8203552
0.09139115 0.619432
0.05826747 0.5620859
0.1080959 0.6000305
0.08896007 0.6927609
0.1277323 0.6793405
0.1372709 0.62346
0.1679848 0.6076955
0.1131465 0.8126424
0.06836174 0.8547184
0.1050659 0.7436712
0.1421332 0.7322358
0.1128567 0.9041908
0.07845676 0.9060355
0.1600848 0.8283343
0.1494463 0.905287
0.2031539 0.8493053
0.1826345 0.9135336
0.2422707 0.8729168
0.2288009 0.9309291
0.2855905 0.8893383
0.2686707 0.9483006
0.260742 0.8254208
0.3224116 0.8586356
0.3073902 0.9152186
0.2936713 0.9683675
0.3217596 0.9355215
0.3130448 0.99223
0.3395177 0.9688435
0.3393232 0.8946891
0.351436 0.9214204
0.3641752 0.955873
0.3708116 0.8899416
0.3809802 0.9190906
0.3873405 0.9499308
0.4193136 0.9194043
0.4232308 0.9463425
0.467727 0.9190658
0.4717618 0.9456546
0.591525 0.9607612
0.4163753 0.8924224
0.3642712 0.8713682
0.464936 0.8936602
0.3467156 0.8396395
0.5875934 0.9270922
0.6722068 0.9735543
0.5846165 0.8901994
0.6653315 0.9313423
0.7336857 0.9835688
0.6697171 0.8886226
0.7184338 0.9371529
0.584485 0.8591725
0.758427 0.9437813
0.7854479 0.9888847
0.7513176 0.9187262
0.5924169 0.8294071
0.6743957 0.8243645
0.7134334 0.8683073
0.5243957 0.8017534
0.512749 0.8330882
0.7790586 0.821314
0.7721077 0.8911356
0.5939999 0.7926765
0.4740964 0.7840345
0.4632023 0.8195816
0.7618199 0.7956155
0.8081909 0.7775698
0.7163217 0.7351687
0.752798 0.7161122
0.6910044 0.6411093
0.6645562 0.7640987
0.5386411 0.7624417
0.5991755 0.7470178
0.6370188 0.714593
0.6219705 0.6857888
0.4855773 0.7419785
0.6580302 0.6651117
0.5738931 0.6449603
0.5869345 0.6164433
0.6082552 0.5795363
0.5286193 0.5516541
0.5124668 0.592559
0.496222 0.6311943
0.4370673 0.581585
0.4419419 0.5336294
0.30071 0.5378932
0.4294495 0.6326534
0.4758539 0.6624317
0.3079185 0.5843031
0.4226104 0.683538
0.4732878 0.7004526
0.2054359 0.6574981
0.3147264 0.641549
0.2318967 0.7008508
0.1897688 0.7543901
0.4175574 0.7311464
0.3241872 0.6932697
0.331437 0.742575
0.2579318 0.7425794
0.2251251 0.7872316
0.4161527 0.7774069
0.4158328 0.8094856
0.2735553 0.7786415
0.374574 0.7758682
0.3820554 0.80057
0.3571889 0.8094445
0.2971328 0.8114092
0.3363616 0.797953
0.2915333 0.1624414
0.2389856 0.1280565
0.2728897 0.1185107
0.3269986 0.1160016
0.3331675 0.1593238
0.3954961 0.1085938
0.3145388 0.1999284
0.3971078 0.1369452
0.3392612 0.1824238
0.3261386 0.2420533
0.356102 0.2090985
0.4070963 0.1623859
0.3923739 0.1201472
0.3954961 0.1085938
0.3269986 0.1160016
0.3274728 0.1346849
0.392417 0.1366765
0.2728897 0.1185107
0.3307776 0.1554601
0.267279 0.1451656
0.3368063 0.1827667
0.3985585 0.1518111
0.2441126 0.1451834
0.2389856 0.1280565
0.2271838 0.1617821
0.236391 0.1656594
0.2190627 0.190164
0.2688148 0.1789364
0.2352004 0.2057608
0.2190416 0.2220484
0.2495592 0.2467332
0.2615064 0.2342835
0.2912435 0.2460594
0.2872626 0.2156247
0.3424846 0.1970972
0.4070963 0.1623859
0.356102 0.2090985
0.3096663 0.2279509
0.3261386 0.2420533
0.4239322 0.3008213
0.4978088 0.2981305
0.4307886 0.3240684
0.4860442 0.2507385
0.4209375 0.2705005
0.5949596 0.2866548
0.5793819 0.2202162
0.7575309 0.275555
0.6783701 0.1669724
0.5009553 0.3440396
0.4336782 0.3472197
0.4311257 0.3245829
0.4986958 0.3249483
0.551842 0.3419802
0.5509983 0.3227159
0.5926962 0.3402451
0.5916262 0.3209556
0.639644 0.3382967
0.6387707 0.319024
0.6895698 0.3364017
0.6881804 0.3171407
0.736394 0.3370694
0.7351785 0.3113582
0.7796534 0.3256301
0.7828652 0.3688819
0.7769916 0.2820964
0.8522989 0.3219962
0.1242732 0.2455961
0.1164097 0.1902766
0.08976312 0.1903558
0.09377408 0.2489964
0.1307118 0.3029603
0.06758057 0.1906256
0.07239944 0.3050222
0.06986561 0.2493161
0.03872322 0.2498866
0.03695558 0.1908593
0.01040991 0.2495575
0.01063223 0.1907513
0.01047752 0.3056309
0.03959761 0.3056409
0.07328372 0.3645712
0.01100282 0.3647527
0.02516008 0.8539011
0.01053744 0.8725008
0.02509398 0.8736143
0.008988813 0.8647955
0.009121813 0.8535314
0.02518425 0.8367396
0.009147367 0.8371506
0.02518852 0.8193166
0.009124264 0.8200417
0.02517134 0.8072361
0.009147222 0.8079408
0.02517829 0.7907497
0.009134098 0.7915569
0.0251833 0.775993
0.009126311 0.7767352
0.02515281 0.7663656
0.009179065 0.7669036
0.02513833 0.7500739
0.009200781 0.7503703
0.01725168 0.7196724
0.02545332 0.8976637
0.03790102 0.9071978
0.02625768 0.9114138
0.01589927 0.9070511
0.008907433 0.9066955
0.008728554 0.8929793
0.008761565 0.8842455
0.02543654 0.8874879
0.008840716 0.8746457
0.02542685 0.8773525
0.02536024 0.8537689
0.008964466 0.8534612
0.008982781 0.8369503
0.02536247 0.8372232
0.008983403 0.8198452
0.02537464 0.8198376
0.009018132 0.8077239
0.02536115 0.807715
0.009001464 0.7913508
0.02536766 0.7913387
0.008989142 0.7768177
0.02537121 0.7766175
0.009053119 0.7670407
0.02534141 0.7670036
0.009081637 0.7502738
0.02532825 0.7500577
0.01792904 0.7199798
0.4209036 0.2703224
0.3922659 0.2669051
0.3673947 0.2506726
0.3907933 0.2482156
0.3639194 0.2354088
0.3835308 0.232343
0.2866101 0.4446361
0.2508672 0.4630297
0.2778813 0.4185061
0.2101169 0.4615125
0.230856 0.4033528
0.1642277 0.4760654
0.1712017 0.3936225
0.1187424 0.4485899
0.1324591 0.4965164
0.1048389 0.3887768
0.1098633 0.5188949
0.08164387 0.472175
0.08887021 0.547779
0.05344877 0.4140149
0.05652482 0.5086198
0.009592375 0.4509196
0.4311257 0.3245829
0.4336782 0.3472197
0.5009553 0.3440396
0.4986958 0.3249483
0.551842 0.3419802
0.5509983 0.3227159
0.5926962 0.3402451
0.5916262 0.3209556
0.639644 0.3382967
0.6387707 0.319024
0.6895698 0.3364017
0.6881804 0.3171407
0.736394 0.3370694
0.7351785 0.3113582
0.7796534 0.3256301
0.7769916 0.2820964
0.7828652 0.3688819
0.8522989 0.3219962
0.3632616 0.2351336
0.3632616 0.2351335
0.4075155 0.1842342
0.3673699 0.2502242
0.3914773 0.2681263
0.4208916 0.2695242
0.4809667 0.2077653
0.4612038 0.2479938
0.5410346 0.1433549
0.4364674 0.1145353
0.4037817 0.8451273
0.3998411 0.8189005
0.3886279 0.8299714
0.4274472 0.8332661
0.4223949 0.863743
0.1053452 0.1803995
0.007289711 0.1805033
0.007331301 0.1618398
0.1054184 0.1620272
0.2274242 0.1452359
0.105517 0.1444758
0.007344428 0.1445891
0.1055275 0.1284788
0.1055205 0.1094106
0.007360984 0.1276901
0.007350761 0.1091738
0.1053598 0.1803867
0.00728989 0.180219
0.007329572 0.1619304
0.105428 0.1621935
0.2274237 0.14529
0.1055153 0.1445132
0.007339064 0.1440896
0.1055288 0.12837
0.1054989 0.1092625
0.007351983 0.1270045
0.007345784 0.1091172
0.1053588 0.180353
0.007286433 0.1802303
0.007329572 0.162075
0.1054337 0.162155
0.2275032 0.1452472
0.1055322 0.1445448
0.007349405 0.1445276
0.1055533 0.1285271
0.1055134 0.1096514
0.007367272 0.127337
0.007344637 0.1093225
0.1307229 0.3029802
0.07243553 0.3050094
0.09376831 0.2489961
0.1242528 0.2455916
0.1164005 0.1902816
0.0896957 0.1903586
0.06987733 0.2493191
0.06757738 0.1906288
0.03702833 0.1908586
0.038758 0.2498815
0.01064389 0.1907479
0.01040389 0.2495358
0.03960106 0.3056405
0.07327702 0.3645778
0.01047959 0.3056542
0.01101723 0.3647518
0.3600323 0.313876
0.3704242 0.315065
0.3634005 0.322356
0.3522549 0.3176185
0.3760272 0.3222628
0.3500879 0.3239068
0.3733703 0.3291489
0.3555587 0.3299119
0.3641576 0.3327825
0.1163519 0.1902723
0.08973962 0.1903574
0.09376192 0.2489984
0.1242687 0.2455862
0.1307282 0.3029851
0.07234548 0.3050188
0.06983817 0.2493316
0.06749479 0.1906299
0.03687105 0.1908618
0.0386427 0.249892
0.01062421 0.1907515
0.01039951 0.2495528
0.01048028 0.3056774
0.03959962 0.3056432
0.0732742 0.3645647
0.01102074 0.3647461
0.0386427 0.249892
0.01039951 0.2495528
0.01062421 0.1907515
0.01048028 0.3056774
0.03687105 0.1908618
0.03959962 0.3056432
0.01102074 0.3647461
0.0732742 0.3645647
0.07234548 0.3050188
0.06983817 0.2493316
0.06749479 0.1906299
0.08973962 0.1903574
0.09376192 0.2489984
0.1307282 0.3029851
0.1163519 0.1902723
0.1242687 0.2455862
0.4037817 0.8451273
0.4274472 0.8332661
0.3998411 0.8189005
0.4223484 0.8640234
0.3776808 0.8407795
0.391591 0.868667
0.4037817 0.8451273
0.3776808 0.8407795
0.391591 0.868667
0.4223484 0.8640234
0.3998411 0.8189005
0.4274472 0.8332661
0.4037817 0.8451273
0.3998411 0.8189005
0.3776808 0.8407795
0.4274472 0.8332661
0.391591 0.868667
0.4223484 0.8640234
0.9097902 0.3771449
0.9003778 0.3946475
0.9597524 0.3828697
0.9173281 0.3629658
0.9422044 0.3569391
0.9675354 0.3674179
0.9784769 0.3941767
0.9534078 0.4097186
0.9661341 0.4213523
0.9224393 0.4099255
0.904604 0.4203633
0.9357937 0.433539
0.01064389 0.1907479
0.01040389 0.2495358
0.038758 0.2498815
0.03702833 0.1908586
0.03960106 0.3056405
0.01047959 0.3056542
0.01101723 0.3647518
0.07327702 0.3645778
0.07243553 0.3050094
0.06987733 0.2493191
0.06757738 0.1906288
0.0896957 0.1903586
0.09376831 0.2489961
0.1307229 0.3029802
0.1164005 0.1902816
0.1242528 0.2455916
0.4037817 0.8451273
0.4223484 0.8640234
0.391591 0.868667
0.4274472 0.8332661
0.3776808 0.8407795
0.3998411 0.8189005
0.4605255 0.854574
0.4735595 0.8317502
0.4858833 0.860136
0.4631635 0.8808354
0.4432232 0.834906
0.4367981 0.8652424
0.4037817 0.8451273
0.391591 0.868667
0.3776808 0.8407795
0.3998411 0.8189005
0.4223484 0.8640234
0.4274472 0.8332661
0.4605255 0.854574
0.4735595 0.8317502
0.4858833 0.860136
0.4432232 0.834906
0.4631635 0.8808354
0.4367981 0.8652424
0.4037817 0.8451273
0.4223484 0.8640234
0.391591 0.868667
0.4274472 0.8332661
0.3776808 0.8407795
0.3998411 0.8189005
0.4605255 0.854574
0.4432232 0.834906
0.4735595 0.8317502
0.4367981 0.8652424
0.4858833 0.860136
0.4631635 0.8808354
0.9597524 0.3828697
0.9003778 0.3946475
0.9097902 0.3771449
0.9173281 0.3629658
0.9422044 0.3569391
0.9675354 0.3674179
0.9784769 0.3941767
0.9534078 0.4097186
0.9661341 0.4213523
0.9224393 0.4099255
0.904604 0.4203633
0.9357937 0.433539
0.6971285 0.07628495
0.6962433 0.05044496
0.8163424 0.05684954
0.815435 0.1189902
0.6967943 0.03954828
0.8164307 0.006880462
0.9137841 0.1060938
0.9155538 0.007385671
0.9152769 0.05731088
0.9926376 0.05695134
0.3634005 0.322356
0.3704242 0.315065
0.3600323 0.313876
0.3760272 0.3222628
0.3522549 0.3176185
0.3733703 0.3291489
0.3500879 0.3239068
0.3641576 0.3327825
0.3555587 0.3299119
0.4605255 0.854574
0.4858833 0.860136
0.4735595 0.8317502
0.4432232 0.834906
0.4631635 0.8808354
0.4367981 0.8652424
0.4605255 0.854574
0.4858833 0.860136
0.4735595 0.8317502
0.4432232 0.834906
0.4631635 0.8808354
0.4367981 0.8652424
0.4605255 0.854574
0.4858833 0.860136
0.4735595 0.8317502
0.4432232 0.834906
0.4631635 0.8808354
0.4367981 0.8652424
0.1108163 0.9190059
0.13694 0.9363459
0.137074 0.9189947
0.1600268 0.9309499
0.1105123 0.9360546
0.06721342 0.9190834
0.1584485 0.9435159
0.1903849 0.9360839
0.06725144 0.9349699
0.03845894 0.9190513
0.03851147 0.9343946
0.06744525 0.9460872
0.03864092 0.9461293
0.03862846 0.9658656
0.1103726 0.9477841
0.06762723 0.9656735
0.03835775 0.9777554
0.1289343 0.9472812
0.06750295 0.9778643
0.03844232 0.9948559
0.06734258 0.9947439
0.110345 0.9648312
0.1103879 0.9771256
0.1105573 0.9947593
0.1416309 0.9478266
0.129055 0.9651257
0.1366902 0.9775067
0.1371778 0.9947457
0.1582992 0.9675764
0.1600175 0.9832428
0.1906996 0.9765641
0.1420677 0.9648691
0.1580427 0.9551454
0.1997207 0.963455
0.2532009 0.9559555
0.1809092 0.9553738
0.2074308 0.9553551
0.1999598 0.9474669
0.13694 0.9363459
0.1108163 0.9190059
0.137074 0.9189947
0.1600268 0.9309499
0.1105123 0.9360546
0.06721342 0.9190834
0.1584485 0.9435159
0.1903849 0.9360839
0.06725144 0.9349699
0.03845894 0.9190513
0.03851147 0.9343946
0.06744525 0.9460872
0.03864092 0.9461293
0.03862846 0.9658656
0.1103726 0.9477841
0.06762723 0.9656735
0.03835775 0.9777554
0.1289343 0.9472812
0.110345 0.9648312
0.06750295 0.9778643
0.03844232 0.9948559
0.06734258 0.9947439
0.1103879 0.9771256
0.1105573 0.9947593
0.1416309 0.9478266
0.129055 0.9651257
0.1366902 0.9775067
0.1371778 0.9947457
0.1582992 0.9675764
0.1600175 0.9832428
0.1906996 0.9765641
0.1420677 0.9648691
0.1580427 0.9551454
0.1997207 0.963455
0.2532009 0.9559555
0.1809092 0.9553738
0.2074308 0.9553551
0.1999598 0.9474669
0.1469282 0.4795121
0.01881093 0.5268374
0.04908717 0.6089808
0.1772788 0.5616783
0.03433057 0.8565134
0.0588574 0.8886574
0.04887091 0.9047369
0.02004419 0.8655471
0.03872998 0.9349777
0.06989952 0.9271376
0.0740661 0.9497192
0.05276552 0.9590067
0.07565004 0.9770929
0.08811093 0.9665912
0.08850732 0.9837734
0.09722418 0.9771348
0.1044591 0.9895619
0.1104617 0.9474406
0.1185158 0.958554
0.1268253 0.9706047
0.1512381 0.9470291
0.100484 0.9329306
0.06922933 0.9117414
0.1072927 0.819695
0.02030163 0.8653276
0.01115817 0.7571743
0.09227908 0.9151846
0.1268646 0.9161007
0.1199428 0.9010042
0.1365968 0.9287564
0.1439264 0.9380926
0.1658242 0.9060999
0.1717303 0.917195
0.1781989 0.9278072
0.2121451 0.9083013
0.1578583 0.8936233
0.2083148 0.8950507
0.1481066 0.8815621
0.202523 0.7706586
0.2555046 0.8767253
0.2567709 0.8894386
0.2029537 0.8832868
0.1907082 0.8574176
0.08439997 0.7316627
0.0783425 0.6261724
0.008444943 0.6617587
0.1581073 0.593787
0.1749852 0.6898579
0.2414238 0.5390846
0.2642889 0.6251853
0.3265362 0.4607939
0.1975246 0.8719632
0.2480513 0.8556867
0.2896801 0.7212223
0.3443011 0.5180697
0.4445285 0.4198192
0.2426429 0.8406104
0.2956519 0.8325987
0.2530345 0.8664504
0.2975063 0.8474289
0.2988629 0.8567683
0.2976223 0.8682747
0.29501 0.879335
0.3231497 0.8558576
0.3191974 0.8670412
0.3126429 0.8758228
0.3276505 0.8326973
0.32785 0.8735834
0.3189059 0.8786303
0.3368057 0.8678868
0.3245565 0.8463272
0.3406565 0.8487521
0.3504812 0.8226858
0.3299706 0.8842874
0.3206864 0.8851796
0.3653444 0.8552016
0.339179 0.8839797
0.3250521 0.8965607
0.3168122 0.894156
0.3330404 0.8999085
0.3164774 0.9093826
0.3089444 0.9024726
0.2979046 0.9149572
0.3176437 0.9208415
0.3140063 0.9296108
0.3391179 0.9352484
0.3373567 0.9236913
0.360349 0.9152439
0.3542507 0.9110895
0.3747854 0.8887399
0.3644626 0.8876147
0.3770198 0.8543732
0.3680164 0.8266624
0.3755633 0.7665855
0.3864291 0.7723974
0.4212141 0.706958
0.3714893 0.6426263
0.4104257 0.7000162
0.4772133 0.5481577
0.4611996 0.6338111
0.4707259 0.6430261
0.5238093 0.5923782
0.5294424 0.601721
0.5894306 0.5613543
0.5963997 0.5698807
0.5862981 0.4861712
0.4663871 0.4714726
0.5909823 0.4066806
0.07622694 0.3873028
0.01024921 0.4000911
0.02266147 0.42632
0.03148356 0.4370536
0.02292073 0.4398326
0.0134839 0.4270797
0.01024921 0.4000911
0.02559545 0.453431
0.01672321 0.4474185
0.02228349 0.4658909
0.0414953 0.4448255
0.02795762 0.4671065
0.02773527 0.4785384
0.0437343 0.4623992
0.08186366 0.4532042
0.06399931 0.4599035
0.04541585 0.4744471
0.06575711 0.4687102
0.04778033 0.4880282
0.03025552 0.4926656
0.06977723 0.4794182
0.08341216 0.4693136
0.1292908 0.4615712
0.1273561 0.445662
0.1589824 0.3725742
0.1749573 0.4607675
0.1731841 0.4460819
0.2110938 0.448933
0.2081208 0.4642448
0.2345112 0.4538709
0.2273899 0.4691845
0.2604364 0.4729275
0.2364663 0.4774074
0.2505466 0.4968518
0.2314179 0.4893359
0.2287259 0.5126175
0.2190075 0.4967124
0.2096538 0.5102796
0.2056494 0.4965826
0.2018741 0.501665
0.2096512 0.4798973
0.2076107 0.517161
0.2334805 0.5190181
0.256963 0.5021925
0.2673398 0.4774125
0.2680852 0.4554565
0.2561125 0.4483094
0.2965384 0.4207702
0.2362504 0.3571029
0.2893864 0.4126408
0.3402722 0.3818411
0.3349806 0.3734442
0.394628 0.3473886
0.3180224 0.3204626
0.3919077 0.3387868
0.4497626 0.331291
0.4481798 0.3210536
0.5085114 0.3238834
0.5056174 0.3138894
0.5218751 0.2596449
0.4225789 0.276038
0.4339697 0.2191814
0.4506725 0.1571217
0.3298639 0.1740654
0.3299471 0.2244672
0.2352927 0.2266628
0.2413275 0.2831405
0.1527163 0.2619776
0.1586777 0.3108225
0.07526907 0.2568627
0.0803374 0.3208052
0.01024921 0.4000911
0.03119253 0.2668192
0.01767833 0.3212215
0.01769468 0.5330518
0.05439129 0.6126333
0.1784701 0.5554945
0.1418463 0.4759369
0.1418126 0.4758949
0.01772913 0.53303
0.05444184 0.6126099
0.1784692 0.5554948
0.1784429 0.5555068
0.141784 0.4759021
0.01773226 0.5330808
0.05443993 0.6126108
0.1784185 0.555518
0.1417793 0.4759566
0.01768619 0.5331538
0.05436182 0.6126466
0.01769468 0.5330518
0.1418463 0.4759369
0.1784701 0.5554945
0.05439129 0.6126333
0.1418126 0.4758949
0.1784692 0.5554948
0.05444184 0.6126099
0.01772913 0.53303
0.1784429 0.5555068
0.05443993 0.6126108
0.01773226 0.5330808
0.141784 0.4759021
0.1784185 0.555518
0.05436182 0.6126466
0.01768619 0.5331538
0.1417793 0.4759566
0.5076381 0.7690749
0.4172611 0.9372873
0.5705204 0.9872246
0.624813 0.783537
0.7060317 0.9713451
0.5726098 0.645044
0.7349445 0.7637178
0.8583618 0.8848838
0.8456955 0.7098913
0.6675146 0.6447979
0.754967 0.6305053
0.6900986 0.5660575
0.6153415 0.5517064
0.7677006 0.5419242
0.8317826 0.5938242
0.82125 0.4780148
0.886848 0.549935
0.8785224 0.4410832
0.9360831 0.4186028
0.9408756 0.5410944
0.9914648 0.4056975
0.9927502 0.5322016
0.9933938 0.6628477
0.9333481 0.6490952
0.8848639 0.6121039
0.1263981 0.2206682
0.009639355 0.1852486
0.03403215 0.2593038
0.1179703 0.1780289
0.007294136 0.1112987
0.1242295 0.1212271
0.2096962 0.1415878
0.2065376 0.1712605
0.2117558 0.1924697
0.2634793 0.1402307
0.2700782 0.1605515
0.7958352 0.3844453
0.984551 0.2759612
0.8749454 0.2170645
0.720382 0.3033708
0.7503818 0.4218636
0.7548763 0.1728067
0.7302314 0.4336365
0.6676786 0.2343493
0.7153885 0.4235685
0.5864732 0.2800452
0.6982271 0.3939735
0.6212043 0.3068341
0.666523 0.3392158
0.5705204 0.9872246
0.4172611 0.9372873
0.5076381 0.7690749
0.624813 0.783537
0.7060317 0.9713451
0.5726098 0.645044
0.7349445 0.7637178
0.8583618 0.8848838
0.8456955 0.7098913
0.6675146 0.6447979
0.754967 0.6305053
0.6900986 0.5660575
0.6153415 0.5517064
0.7677006 0.5419242
0.8317826 0.5938242
0.82125 0.4780148
0.886848 0.549935
0.8785224 0.4410832
0.9360831 0.4186028
0.9408756 0.5410944
0.9914648 0.4056975
0.9927502 0.5322016
0.9933938 0.6628477
0.9333481 0.6490952
0.8848639 0.6121039
0.1760384 0.1072935
0.01440321 0.05830389
0.01304504 0.1061398
0.1747542 0.05562156
0.3052922 0.1079168
0.3059374 0.05142272
0.4682715 0.04847252
0.4677848 0.1071068
0.6016552 0.05003619
0.6012422 0.1107837
0.772736 0.07715631
0.7665586 0.02019793
0.7621772 0.1409636
0.8569764 0.005742431
0.8609399 0.1565491
0.8607583 0.07559842
0.9328656 0.02594697
0.9307193 0.1373974
0.9981244 0.08105356
0.04887091 0.9047369
0.0588574 0.8886574
0.03433057 0.8565134
0.02004419 0.8655471
0.03872998 0.9349777
0.06989952 0.9271376
0.0740661 0.9497192
0.05276552 0.9590067
0.07565004 0.9770929
0.08811093 0.9665912
0.08850732 0.9837734
0.09722418 0.9771348
0.1044591 0.9895619
0.1104617 0.9474406
0.1185158 0.958554
0.1268253 0.9706047
0.1512381 0.9470291
0.100484 0.9329306
0.06922933 0.9117414
0.1072927 0.819695
0.02030163 0.8653276
0.01115817 0.7571743
0.09227908 0.9151846
0.1268646 0.9161007
0.1199428 0.9010042
0.1365968 0.9287564
0.1439264 0.9380926
0.1658242 0.9060999
0.1717303 0.917195
0.1781989 0.9278072
0.2121451 0.9083013
0.1578583 0.8936233
0.2083148 0.8950507
0.1481066 0.8815621
0.202523 0.7706586
0.2029537 0.8832868
0.2555046 0.8767253
0.2567709 0.8894386
0.1907082 0.8574176
0.08439997 0.7316627
0.0783425 0.6261724
0.008444943 0.6617587
0.1581073 0.593787
0.1749852 0.6898579
0.2414238 0.5390846
0.2642889 0.6251853
0.3265362 0.4607939
0.2976223 0.8682747
0.29501 0.879335
0.2896801 0.7212223
0.3443011 0.5180697
0.4445285 0.4198192
0.3191974 0.8670412
0.3126429 0.8758228
0.3714893 0.6426263
0.32785 0.8735834
0.3189059 0.8786303
0.3299706 0.8842874
0.3206864 0.8851796
0.3250521 0.8965607
0.3168122 0.894156
0.3164774 0.9093826
0.3089444 0.9024726
0.2979046 0.9149572
0.3176437 0.9208415
0.3140063 0.9296108
0.3391179 0.9352484
0.3330404 0.8999085
0.3373567 0.9236913
0.360349 0.9152439
0.3542507 0.9110895
0.3747854 0.8887399
0.3644626 0.8876147
0.3770198 0.8543732
0.339179 0.8839797
0.3653444 0.8552016
0.3680164 0.8266624
0.3368057 0.8678868
0.3231497 0.8558576
0.3406565 0.8487521
0.3504812 0.8226858
0.2988629 0.8567683
0.2530345 0.8664504
0.2975063 0.8474289
0.3245565 0.8463272
0.3276505 0.8326973
0.2480513 0.8556867
0.2956519 0.8325987
0.3755633 0.7665855
0.3864291 0.7723974
0.4212141 0.706958
0.2426429 0.8406104
0.1975246 0.8719632
0.4104257 0.7000162
0.4611996 0.6338111
0.4707259 0.6430261
0.4772133 0.5481577
0.5238093 0.5923782
0.5294424 0.601721
0.5894306 0.5613543
0.5963997 0.5698807
0.5862981 0.4861712
0.4663871 0.4714726
0.5909823 0.4066806
0.8749454 0.2170645
0.984551 0.2759612
0.7958352 0.3844453
0.720382 0.3033708
0.7548763 0.1728067
0.7503818 0.4218636
0.6676786 0.2343493
0.7302314 0.4336365
0.5864732 0.2800452
0.7153885 0.4235685
0.6212043 0.3068341
0.6982271 0.3939735
0.666523 0.3392158
0.2018741 0.501665
0.2096512 0.4798973
0.2056494 0.4965826
0.2096538 0.5102796
0.2190075 0.4967124
0.2076107 0.517161
0.2287259 0.5126175
0.2314179 0.4893359
0.2334805 0.5190181
0.2505466 0.4968518
0.2364663 0.4774074
0.2604364 0.4729275
0.256963 0.5021925
0.2673398 0.4774125
0.2273899 0.4691845
0.2680852 0.4554565
0.2345112 0.4538709
0.2081208 0.4642448
0.2561125 0.4483094
0.2965384 0.4207702
0.2893864 0.4126408
0.3402722 0.3818411
0.2110938 0.448933
0.1589824 0.3725742
0.1749573 0.4607675
0.2362504 0.3571029
0.3349806 0.3734442
0.394628 0.3473886
0.1731841 0.4460819
0.1273561 0.445662
0.1292908 0.4615712
0.07622694 0.3873028
0.08186366 0.4532042
0.08341216 0.4693136
0.3180224 0.3204626
0.3919077 0.3387868
0.4497626 0.331291
0.4481798 0.3210536
0.5085114 0.3238834
0.5056174 0.3138894
0.5218751 0.2596449
0.4225789 0.276038
0.4339697 0.2191814
0.4506725 0.1571217
0.3298639 0.1740654
0.3299471 0.2244672
0.2352927 0.2266628
0.2413275 0.2831405
0.1527163 0.2619776
0.1586777 0.3108225
0.07526907 0.2568627
0.0803374 0.3208052
0.03119253 0.2668192
0.01767833 0.3212215
0.01024921 0.4000911
0.02266147 0.42632
0.01024921 0.4000911
0.03148356 0.4370536
0.0414953 0.4448255
0.06399931 0.4599035
0.06575711 0.4687102
0.06977723 0.4794182
0.0437343 0.4623992
0.04541585 0.4744471
0.04778033 0.4880282
0.02773527 0.4785384
0.03025552 0.4926656
0.02795762 0.4671065
0.02228349 0.4658909
0.02559545 0.453431
0.01672321 0.4474185
0.0134839 0.4270797
0.02292073 0.4398326
0.01024921 0.4000911
0.5863368 0.2800634
0.5531749 0.2817206
0.5733932 0.263214
0.5773131 0.327857
0.5307627 0.3112929
0.5483606 0.3637083
0.5173396 0.3488817
0.5955124 0.3867355
0.6071197 0.3479451
0.6549829 0.3900919
0.6211873 0.3069209
0.6402023 0.4142826
0.6666125 0.3393238
0.662659 0.4366064
0.6983511 0.3940194
0.6771861 0.4228321
0.6773596 0.4683695
0.7008654 0.4497257
0.715459 0.4235932
0.6882771 0.4726092
0.6727414 0.4783797
0.726495 0.4687321
0.7302314 0.4336365
0.6753396 0.4964822
0.6611555 0.4744759
0.7042273 0.5084319
0.7553555 0.4462652
0.7503818 0.4218636
0.7958352 0.3844453
0.6583146 0.4951479
0.6575193 0.4662926
0.6798607 0.5296403
0.7988418 0.4014544
0.8528766 0.368889
0.8106318 0.4137459
0.7679 0.4632542
0.733278 0.4981538
0.7098075 0.5232882
0.6808133 0.5459372
0.6408488 0.5382691
0.6527261 0.522309
0.6230088 0.4981533
0.6406243 0.4924048
0.6339293 0.4675924
0.6476932 0.4671619
0.66219 0.4470985
0.009639355 0.1852486
0.1263981 0.2206682
0.03403215 0.2593038
0.1179703 0.1780289
0.007294136 0.1112987
0.1242295 0.1212271
0.2096962 0.1415878
0.2065376 0.1712605
0.2117558 0.1924697
0.2634793 0.1402307
0.2700782 0.1605515
0.5862981 0.4861712
0.5909823 0.4066806
0.4445285 0.4198192
0.4663871 0.4714726
0.3443011 0.5180697
0.3265362 0.4607939
0.2642889 0.6251853
0.2414238 0.5390846
0.1749852 0.6898579
0.1581073 0.593787
0.08439997 0.7316627
0.0783425 0.6261724
0.01115817 0.7571743
0.008444943 0.6617587
0.5248988 0.2028745
0.5889434 0.2713847
0.627457 0.183853
0.5485615 0.1561413
0.4737474 0.1534978
0.6231744 0.1182339
0.4886626 0.1345466
0.5553964 0.1151005
0.5017107 0.1121046
0.627457 0.183853
0.5889434 0.2713847
0.5248988 0.2028745
0.5485615 0.1561413
0.6231744 0.1182339
0.4737474 0.1534978
0.5553964 0.1151005
0.4886626 0.1345466
0.5017107 0.1121046
0.0803374 0.3208052
0.01767833 0.3212215
0.03119253 0.2668192
0.07526907 0.2568627
0.1586777 0.3108225
0.1527163 0.2619776
0.2413275 0.2831405
0.2352927 0.2266628
0.3299471 0.2244672
0.3298639 0.1740654
0.4339697 0.2191814
0.4506725 0.1571217
0.5218751 0.2596449
0.5076381 0.7690749
0.4172611 0.9372873
0.5705204 0.9872246
0.624813 0.783537
0.7060317 0.9713451
0.5726098 0.645044
0.7349445 0.7637178
0.8583618 0.8848838
0.8456955 0.7098913
0.6675146 0.6447979
0.754967 0.6305053
0.6900986 0.5660575
0.6153415 0.5517064
0.7677006 0.5419242
0.8317826 0.5938242
0.82125 0.4780148
0.886848 0.549935
0.8785224 0.4410832
0.9360831 0.4186028
0.9408756 0.5410944
0.9914648 0.4056975
0.9927502 0.5322016
0.9933938 0.6628477
0.9333481 0.6490952
0.8848639 0.6121039
0.5705204 0.9872246
0.4172611 0.9372873
0.5076381 0.7690749
0.624813 0.783537
0.7060317 0.9713451
0.5726098 0.645044
0.7349445 0.7637178
0.8583618 0.8848838
0.8456955 0.7098913
0.6675146 0.6447979
0.754967 0.6305053
0.6900986 0.5660575
0.6153415 0.5517064
0.7677006 0.5419242
0.8317826 0.5938242
0.82125 0.4780148
0.886848 0.549935
0.8785224 0.4410832
0.9360831 0.4186028
0.9408756 0.5410944
0.9914648 0.4056975
0.9927502 0.5322016
0.9933938 0.6628477
0.9333481 0.6490952
0.8848639 0.6121039
0.5250019 0.2026708
0.627457 0.183853
0.5889434 0.2713847
0.5485615 0.1561413
0.4737474 0.1534978
0.6231744 0.1182339
0.4886626 0.1345466
0.5553964 0.1151005
0.5017107 0.1121046
0.5250019 0.2026708
0.5889434 0.2713847
0.627457 0.183853
0.5485615 0.1561413
0.4737474 0.1534978
0.6231744 0.1182339
0.4886626 0.1345466
0.5553964 0.1151005
0.5017107 0.1121046
0.7958352 0.3844453
0.984551 0.2759612
0.8749454 0.2170645
0.720382 0.3033708
0.7548763 0.1728067
0.7503818 0.4218636
0.6676786 0.2343493
0.7302314 0.4336365
0.5864732 0.2800452
0.7153885 0.4235685
0.6212043 0.3068341
0.6982271 0.3939735
0.666523 0.3392158
0.1760384 0.1072935
0.01304504 0.1061398
0.01440321 0.05830389
0.1747542 0.05562156
0.3052922 0.1079168
0.3059374 0.05142272
0.4682715 0.04847252
0.4677848 0.1071068
0.6016552 0.05003619
0.6012422 0.1107837
0.772736 0.07715631
0.7665586 0.02019793
0.7621772 0.1409636
0.8569764 0.005742431
0.8609399 0.1565491
0.8607583 0.07559842
0.9328656 0.02594697
0.9307193 0.1373974
0.9981244 0.08105356
0.5307627 0.3112929
0.5173396 0.3488817
0.5483606 0.3637083
0.5773131 0.327857
0.5531749 0.2817206
0.5955124 0.3867355
0.5863368 0.2800634
0.5733932 0.263214
0.6071197 0.3479451
0.6549829 0.3900919
0.6211873 0.3069209
0.6402023 0.4142826
0.6666125 0.3393238
0.662659 0.4366064
0.6983511 0.3940194
0.6771861 0.4228321
0.6773596 0.4683695
0.7008654 0.4497257
0.715459 0.4235932
0.6882771 0.4726092
0.6727414 0.4783797
0.726495 0.4687321
0.7302314 0.4336365
0.6753396 0.4964822
0.6611555 0.4744759
0.7042273 0.5084319
0.7553555 0.4462652
0.7503818 0.4218636
0.7958352 0.3844453
0.6583146 0.4951479
0.6575193 0.4662926
0.6798607 0.5296403
0.7988418 0.4014544
0.8528766 0.368889
0.8106318 0.4137459
0.7679 0.4632542
0.733278 0.4981538
0.7098075 0.5232882
0.6808133 0.5459372
0.6408488 0.5382691
0.6527261 0.522309
0.6230088 0.4981533
0.6406243 0.4924048
0.6339293 0.4675924
0.6476932 0.4671619
0.66219 0.4470985
0.1763264 0.1069223
0.01422311 0.05850381
0.01227889 0.1055563
0.1752158 0.05678517
0.3054414 0.1078546
0.3059823 0.05177587
0.4678823 0.04906303
0.467402 0.1073009
0.6012462 0.05026197
0.600493 0.1108368
0.7723979 0.07731527
0.7662864 0.02044123
0.7619005 0.1408268
0.8570275 0.005778074
0.8612143 0.1560585
0.8605489 0.07594603
0.9327656 0.02541888
0.930569 0.13784
0.9976333 0.08101094
0.1760384 0.1072935
0.01440321 0.05830389
0.01304504 0.1061398
0.1747542 0.05562156
0.3052922 0.1079168
0.3059374 0.05142272
0.4682715 0.04847252
0.4677848 0.1071068
0.6016552 0.05003619
0.6012422 0.1107837
0.772736 0.07715631
0.7665586 0.02019793
0.7621772 0.1409636
0.8570275 0.005778074
0.8609399 0.1565491
0.8607583 0.07559842
0.9328656 0.02594697
0.9307193 0.1373974
0.9981244 0.08105356
0.8749454 0.2170645
0.984551 0.2759612
0.7958352 0.3844453
0.720382 0.3033708
0.7548763 0.1728067
0.7503818 0.4218636
0.7302314 0.4336365
0.7153885 0.4235685
0.6982271 0.3939735
0.666523 0.3392158
0.6676786 0.2343493
0.6212043 0.3068341
0.5864732 0.2800452
0.3117085 0.02336121
0.3119106 0.009489357
0.2490125 0.01390541
0.4448447 0.0207026
0.4448032 0.007035017
0.5407616 0.01576269
0.4447758 0.03456128
0.3118494 0.03945005
0.01420231 0.05841017
0.01232673 0.1049563
0.1764779 0.106864
0.174616 0.0558691
0.3056801 0.1078585
0.3059469 0.05143321
0.4678296 0.04868722
0.4677301 0.1074424
0.6013007 0.0500893
0.6009105 0.1110241
0.7727495 0.07730961
0.7667677 0.02008843
0.762382 0.1411275
0.8570275 0.005778074
0.8612607 0.1570269
0.8606244 0.07485646
0.9338071 0.02627099
0.9309729 0.1380121
0.9976642 0.08142304
0.1763264 0.1069223
0.01422311 0.05850381
0.01227889 0.1055563
0.1752158 0.05678517
0.3054414 0.1078546
0.3059823 0.05177587
0.4678823 0.04906303
0.467402 0.1073009
0.6012462 0.05026197
0.600493 0.1108368
0.7723979 0.07731527
0.7662864 0.02044123
0.7619005 0.1408268
0.8570275 0.005778074
0.8612143 0.1560585
0.8605489 0.07594603
0.9327656 0.02541888
0.930569 0.13784
0.9976333 0.08101094
0.01420231 0.05841017
0.01232673 0.1049563
0.1764779 0.106864
0.174616 0.0558691
0.3056801 0.1078585
0.3059469 0.05143321
0.4678296 0.04868722
0.4677301 0.1074424
0.6013007 0.0500893
0.6009105 0.1110241
0.7727495 0.07730961
0.7667677 0.02008843
0.762382 0.1411275
0.8570275 0.005778074
0.8612607 0.1570269
0.8606244 0.07485646
0.9338071 0.02627099
0.9309729 0.1380121
0.9976642 0.08142304
0.3117085 0.02336121
0.2490125 0.01390541
0.3119106 0.009489357
0.4448447 0.0207026
0.4448032 0.007035017
0.5407616 0.01576269
0.4447758 0.03456128
0.3118494 0.03945005
0.3119106 0.009489357
0.3115356 0.02040339
0.2490125 0.01390541
0.4448032 0.007035017
0.4446764 0.01748443
0.3118494 0.03945005
0.5407616 0.01576269
0.4447758 0.03456128
0.01115817 0.7571743
0.008444943 0.6617587
0.0783425 0.6261724
0.08439997 0.7316627
0.1581073 0.593787
0.1749852 0.6898579
0.2414238 0.5390846
0.2642889 0.6251853
0.3265362 0.4607939
0.3443011 0.5180697
0.4445285 0.4198192
0.4663871 0.4714726
0.5862981 0.4861712
0.5909823 0.4066806
0.04916533 0.609047
0.01884111 0.5268259
0.1469813 0.4794922
0.1773401 0.5616449
0.177346 0.5616984
0.04920508 0.6090381
0.01889342 0.5268068
0.1469804 0.4794926
0.1469534 0.4795028
0.1773206 0.5617135
0.04917139 0.6089999
0.01889147 0.5268075
0.1469282 0.4795121
0.1772788 0.5616783
0.04908717 0.6089808
0.01881093 0.5268374
0.04916533 0.609047
0.1773401 0.5616449
0.1469813 0.4794922
0.01884111 0.5268259
0.177346 0.5616984
0.1469804 0.4794926
0.01889342 0.5268068
0.04920508 0.6090381
0.1469534 0.4795028
0.01889147 0.5268075
0.04917139 0.6089999
0.1773206 0.5617135
0.1764779 0.106864
0.01232673 0.1049563
0.01420231 0.05841017
0.174616 0.0558691
0.3056801 0.1078585
0.3059469 0.05143321
0.4678296 0.04868722
0.4677301 0.1074424
0.6013007 0.0500893
0.6009105 0.1110241
0.7727495 0.07730961
0.7667677 0.02008843
0.762382 0.1411275
0.8570275 0.005778074
0.8612607 0.1570269
0.8606244 0.07485646
0.9338071 0.02627099
0.9309729 0.1380121
0.9976642 0.08142304
0.1764779 0.106864
0.01232673 0.1049563
0.01420231 0.05841017
0.174616 0.0558691
0.3056801 0.1078585
0.3059469 0.05143321
0.4678296 0.04868722
0.4677301 0.1074424
0.6013007 0.0500893
0.6009105 0.1110241
0.7727495 0.07730961
0.7667677 0.02008843
0.762382 0.1411275
0.8570275 0.005778074
0.8612607 0.1570269
0.8606244 0.07485646
0.9338071 0.02627099
0.9309729 0.1380121
0.9976642 0.08142304
0.1763264 0.1069223
0.01227889 0.1055563
0.01422311 0.05850381
0.1752158 0.05678517
0.3054414 0.1078546
0.3059823 0.05177587
0.4678823 0.04906303
0.467402 0.1073009
0.6012462 0.05026197
0.600493 0.1108368
0.7723979 0.07731527
0.7662864 0.02044123
0.7619005 0.1408268
0.8570275 0.005778074
0.8612143 0.1560585
0.8605489 0.07594603
0.9327656 0.02541888
0.930569 0.13784
0.9976333 0.08101094
0.4506725 0.1571217
0.4339697 0.2191814
0.5218751 0.2596449
0.3298639 0.1740654
0.3299471 0.2244672
0.2352927 0.2266628
0.2413275 0.2831405
0.1527163 0.2619776
0.1586777 0.3108225
0.07526907 0.2568627
0.0803374 0.3208052
0.03119253 0.2668192
0.01767833 0.3212215
0.1763264 0.1069223
0.01227889 0.1055563
0.01422311 0.05850381
0.1752158 0.05678517
0.3054414 0.1078546
0.3059823 0.05177587
0.4678823 0.04906303
0.467402 0.1073009
0.6012462 0.05026197
0.600493 0.1108368
0.7723979 0.07731527
0.7662864 0.02044123
0.7619005 0.1408268
0.8570275 0.005778074
0.8612143 0.1560585
0.8605489 0.07594603
0.9327656 0.02541888
0.930569 0.13784
0.9976333 0.08101094
0.1760384 0.1072935
0.01304504 0.1061398
0.01440321 0.05830389
0.1747542 0.05562156
0.3052922 0.1079168
0.3059374 0.05142272
0.4682715 0.04847252
0.4677848 0.1071068
0.6016552 0.05003619
0.6012422 0.1107837
0.772736 0.07715631
0.7665586 0.02019793
0.7621772 0.1409636
0.8569764 0.005742431
0.8609399 0.1565491
0.8607583 0.07559842
0.9328656 0.02594697
0.9307193 0.1373974
0.9981244 0.08105356
0.3119106 0.009489357
0.2490125 0.01390541
0.3115356 0.02040339
0.4448032 0.007035017
0.4446764 0.01748443
0.5407616 0.01576269
0.3118494 0.03945005
0.4447758 0.03456128
0.6487303 0.4711671
0.66219 0.4470985
0.6575193 0.4662926
0.6339293 0.4675924
0.6611555 0.4744759
0.6230088 0.4981533
0.6588801 0.4961048
0.6727414 0.4783797
0.6405263 0.4957961
0.6408488 0.5382691
0.6509068 0.5211799
0.6808133 0.5459372
0.6785589 0.5277249
0.7098075 0.5232882
0.6754195 0.4981952
0.6773596 0.4683695
0.6985604 0.5080445
0.733278 0.4981538
0.6885235 0.4717865
0.662659 0.4366064
0.6770151 0.4237711
0.6863608 0.4107026
0.6402023 0.4142826
0.6936212 0.4623228
0.7239849 0.4672412
0.6549829 0.3900919
0.7530122 0.4488177
0.7679 0.4632542
0.8106318 0.4137459
0.7984517 0.4009852
0.8528766 0.368889
0.7958352 0.3844453
0.7503818 0.4218636
0.7302314 0.4336365
0.7018905 0.4443836
0.715459 0.4235932
0.6983511 0.3940194
0.6602988 0.3646687
0.6666125 0.3393238
0.6200836 0.3322241
0.6211873 0.3069209
0.5863368 0.2800634
0.6055457 0.3676203
0.5955124 0.3867355
0.5483606 0.3637083
0.5868511 0.3070601
0.5517049 0.2847127
0.5573318 0.3437973
0.5173396 0.3488817
0.5256652 0.3236074
0.8411701 0.9588325
0.914662 0.9872023
0.9358714 0.8721222
0.9897814 0.9930142
0.9944728 0.8681107
0.8916795 0.8612124
0.9848709 0.7783875
0.9545485 0.7801265
0.93232 0.7730237
0.95905 0.7202359
0.9399613 0.7289697
0.03403215 0.2593038
0.009639355 0.1852486
0.1179703 0.1780289
0.007294136 0.1112987
0.1242295 0.1212271
0.1263981 0.2206682
0.2096962 0.1415878
0.2065376 0.1712605
0.2117558 0.1924697
0.2634793 0.1402307
0.2700782 0.1605515
0.8411701 0.9588325
0.9358714 0.8721222
0.8916795 0.8612124
0.914662 0.9872023
0.9897814 0.9930142
0.9944728 0.8681107
0.93232 0.7730237
0.9848709 0.7783875
0.9545485 0.7801265
0.9399613 0.7289697
0.95905 0.7202359
0.5573318 0.3437973
0.5517049 0.2847127
0.5256652 0.3236074
0.5173396 0.3488817
0.5483606 0.3637083
0.5868511 0.3070601
0.5863368 0.2800634
0.6055457 0.3676203
0.5955124 0.3867355
0.6402023 0.4142826
0.6200836 0.3322241
0.6211873 0.3069209
0.6666125 0.3393238
0.6549829 0.3900919
0.6602988 0.3646687
0.6863608 0.4107026
0.6983511 0.3940194
0.715459 0.4235932
0.6770151 0.4237711
0.662659 0.4366064
0.6885235 0.4717865
0.6773596 0.4683695
0.7018905 0.4443836
0.7302314 0.4336365
0.6936212 0.4623228
0.7239849 0.4672412
0.7503818 0.4218636
0.6754195 0.4981952
0.6727414 0.4783797
0.6985604 0.5080445
0.6588801 0.4961048
0.6611555 0.4744759
0.6785589 0.5277249
0.6487303 0.4711671
0.6575193 0.4662926
0.66219 0.4470985
0.6339293 0.4675924
0.6230088 0.4981533
0.6405263 0.4957961
0.6408488 0.5382691
0.6509068 0.5211799
0.6808133 0.5459372
0.7098075 0.5232882
0.733278 0.4981538
0.7530122 0.4488177
0.7679 0.4632542
0.8106318 0.4137459
0.7984517 0.4009852
0.7958352 0.3844453
0.8528766 0.368889
0.2065376 0.1712605
0.2117558 0.1924697
0.2700782 0.1605515
0.2634793 0.1402307
0.1263981 0.2206682
0.2096962 0.1415878
0.1179703 0.1780289
0.03403215 0.2593038
0.1242295 0.1212271
0.009639355 0.1852486
0.007294136 0.1112987
0.9897814 0.9930142
0.9358714 0.8721222
0.9944728 0.8681107
0.914662 0.9872023
0.8411701 0.9588325
0.9848709 0.7783875
0.8916795 0.8612124
0.9545485 0.7801265
0.95905 0.7202359
0.93232 0.7730237
0.9399613 0.7289697
0.9897814 0.9930142
0.9358714 0.8721222
0.9944728 0.8681107
0.914662 0.9872023
0.8411701 0.9588325
0.9848709 0.7783875
0.8916795 0.8612124
0.9545485 0.7801265
0.95905 0.7202359
0.93232 0.7730237
0.9399613 0.7289697
256
0 1 2
3 4 5
6 7 8
9 10 8
10 9 11
10 11 12
12 13 10
13 12 14
13 14 15
15 14 16
15 16 17
18 15 17
19 20 21
22 23 24
25 23 26
26 27 25
26 28 27
28 26 29
30 28 29
30 29 31
31 32 30
31 33 32
34 33 31
35 36 37
38 39 40
41 42 43
44 45 46
47 48 49
50 51 52
53 54 55
56 57 58
59 60 61
62 63 64
65 66 67
68 69 70
71 72 73
74 75 76
77 78 79
80 81 82
83 84 85
86 87 88
89 90 91
92 93 94
95 96 97
98 99 100
101 102 103
104 105 106
107 108 109
110 111 112
113 114 115
116 117 118
119 120 121
122 123 124
125 126 127
128 129 130
131 132 133
134 135 136
137 138 139
140 141 142
141 140 143
141 143 144
143 140 145
143 145 146
146 145 147
146 147 148
147 149 148
148 149 150
149 151 150
151 152 150
151 153 152
147 154 149
149 155 151
149 154 155
156 154 147
156 147 157
156 157 158
159 151 155
151 159 153
154 160 155
154 156 160
160 159 155
156 158 161
161 160 156
162 161 158
162 158 163
162 163 164
164 163 165
164 165 166
166 165 167
166 167 168
169 168 167
169 170 168
170 169 171
170 171 172
172 171 173
172 173 174
174 173 175
174 175 176
173 177 175
178 176 175
178 175 177
153 179 180
179 153 181
179 181 182
183 182 181
184 181 153
184 153 159
184 159 185
160 185 159
185 160 186
161 186 160
183 181 187
184 188 181
187 181 188
183 187 189
183 189 190
187 188 191
189 187 191
189 191 192
193 190 189
193 194 190
188 195 191
192 191 195
184 196 188
188 196 195
189 197 193
189 192 197
194 193 198
197 198 193
194 198 199
198 200 199
198 201 200
197 201 198
201 202 200
201 203 202
203 204 202
201 205 203
201 197 205
205 197 192
205 192 206
206 192 207
206 207 208
209 207 192
209 192 195
210 208 207
210 207 209
211 208 210
211 212 208
213 212 211
214 209 195
215 209 214
215 210 209
214 195 216
196 216 195
210 215 217
218 216 196
219 210 217
219 211 210
219 217 220
218 196 221
184 221 196
184 185 221
222 218 221
221 185 222
222 223 218
185 186 222
223 222 224
224 222 186
223 224 225
220 225 224
161 224 186
161 226 224
220 224 226
162 226 161
227 226 162
227 162 228
220 226 229
227 229 226
219 220 229
230 219 229
230 229 227
230 211 219
230 231 211
213 211 231
232 227 228
233 232 228
233 234 232
235 234 233
235 236 234
232 237 227
230 227 238
238 227 237
238 231 230
238 237 239
238 239 231
240 231 239
213 231 240
240 239 241
242 213 240
242 243 213
242 240 244
241 244 240
245 243 242
242 244 245
245 246 243
247 246 245
247 248 246
247 245 249
250 249 245
250 245 244
251 250 244
251 244 241
251 241 252
252 241 253
252 253 254
255 252 254
255 254 256
257 252 255
257 258 252
259 260 261
259 261 262
263 264 265
263 265 266
267 268 269
268 267 270
268 270 271
270 272 271
272 270 273
272 273 274
275 274 273
275 273 276
277 278 279
277 280 278
280 281 278
280 282 281
282 283 281
284 285 286
284 286 287
287 286 288
284 287 289
284 289 290
290 289 291
290 291 292
292 291 293
292 293 294
294 293 295
294 295 296
295 297 296
295 298 297
297 299 296
300 299 297
293 301 295
295 301 298
291 302 293
293 302 301
289 303 291
291 303 302
300 297 304
305 300 304
305 304 306
307 306 304
307 304 308
309 304 297
308 304 309
309 297 298
308 309 310
310 309 311
309 298 311
310 311 312
313 312 311
313 311 314
314 311 298
315 313 314
315 314 316
315 316 317
318 316 314
314 298 318
318 319 316
320 319 318
321 318 298
320 318 321
321 298 301
321 301 302
320 321 322
321 302 322
320 322 323
322 302 303
323 322 324
322 303 324
323 324 325
324 303 326
289 326 303
287 326 289
325 324 327
324 326 327
325 327 328
287 329 326
327 326 329
287 288 329
328 327 330
327 329 330
328 330 331
332 329 288
332 330 329
333 332 288
333 334 332
335 331 330
335 330 332
335 332 334
335 336 331
335 334 337
336 335 337
336 337 338
339 340 341
339 341 342
343 339 342
342 341 344
342 345 343
345 346 343
342 344 347
342 347 345
347 344 348
347 348 349
345 350 346
351 346 350
347 352 345
347 349 352
352 350 345
351 350 353
353 354 351
349 355 352
349 356 355
352 357 350
353 350 357
355 357 352
353 358 354
358 359 354
360 355 356
360 356 361
362 355 360
355 362 357
362 360 363
353 357 364
362 364 357
364 358 353
365 362 363
362 365 364
365 363 366
364 367 358
365 367 364
368 365 366
365 368 367
368 366 369
367 370 358
358 370 359
371 368 369
371 369 372
368 373 367
367 373 370
368 371 373
370 373 374
371 374 373
375 359 370
370 374 375
375 376 359
375 377 376
378 371 372
371 378 374
378 372 379
378 379 380
375 381 377
374 381 375
378 380 382
382 380 383
382 383 384
385 382 384
382 385 386
378 382 387
382 386 387
387 374 378
388 387 386
387 389 374
388 389 387
374 389 381
390 389 388
391 389 390
391 381 389
392 381 391
392 377 381
392 393 377
394 395 396
394 397 395
394 398 397
394 399 398
400 401 402
403 402 401
403 401 404
405 403 404
405 404 406
407 405 406
407 408 405
406 409 407
410 408 407
411 407 409
410 407 411
412 410 411
411 409 413
412 411 414
414 411 413
414 413 415
416 417 418
418 417 419
418 419 420
420 419 421
420 421 422
418 420 422
418 422 423
418 423 424
425 426 427
425 427 428
428 427 429
428 429 430
431 430 429
431 429 432
432 433 431
434 433 432
434 432 435
435 436 434
437 438 439
437 439 440
440 439 441
440 441 442
442 441 443
442 443 444
444 443 445
444 445 446
447 448 449
447 449 450
447 450 451
449 452 450
453 452 449
453 454 452
455 454 453
455 456 454
450 452 457
451 450 458
450 457 458
451 458 459
458 457 460
461 459 458
461 462 459
458 460 463
461 458 463
463 460 464
461 463 464
464 460 465
464 465 466
462 461 467
461 464 467
467 464 466
462 467 468
467 466 469
468 467 469
468 469 470
471 472 473
471 473 474
475 474 473
475 473 476
477 478 479
477 479 480
477 480 481
482 481 480
482 480 483
482 483 484
485 486 487
485 487 488
489 485 488
490 485 489
491 488 487
491 489 488
491 487 492
490 489 493
493 494 490
493 495 494
496 491 492
496 492 497
498 496 497
498 497 499
500 498 499
500 499 501
502 500 501
502 501 503
504 502 503
502 504 505
505 504 506
491 496 507
496 498 508
496 508 507
498 500 509
498 509 508
510 500 502
510 509 500
491 507 511
491 511 489
489 511 512
489 512 493
511 507 513
511 513 512
507 508 514
507 514 513
508 509 515
508 515 514
509 510 516
509 516 515
517 510 502
517 516 510
493 512 518
518 512 513
519 513 514
518 513 519
520 514 515
519 514 520
517 502 521
502 505 521
517 522 516
521 522 517
523 515 516
520 515 523
523 516 522
524 521 505
505 506 524
524 525 521
525 524 506
525 522 521
525 506 526
525 526 522
526 527 522
523 522 527
523 527 528
523 528 529
523 529 520
520 529 530
520 530 519
519 530 531
519 531 518
518 531 532
518 532 533
493 518 533
493 533 495
495 533 532
495 532 534
535 536 537
535 537 538
539 535 538
539 538 540
541 539 540
541 540 542
543 544 545
543 545 546
546 545 547
546 547 548
548 547 549
548 549 550
551 552 553
551 553 554
551 554 555
551 555 556
557 558 559
557 560 558
561 558 560
562 560 557
562 557 563
564 562 563
561 560 565
566 561 565
567 560 562
567 565 560
568 562 564
568 567 562
566 565 569
569 565 567
570 566 569
570 571 566
572 571 570
572 570 573
573 570 568
569 567 574
574 570 569
574 568 570
568 574 567
568 564 575
575 573 568
575 564 576
575 577 573
575 576 578
577 575 578
579 580 581
579 581 582
583 579 582
583 584 579
585 582 581
585 583 582
585 581 586
587 585 586
588 584 583
588 589 584
590 589 588
590 591 589
592 591 590
592 593 591
592 594 593
592 595 594
596 594 595
597 596 595
597 598 596
587 599 585
585 600 583
599 600 585
583 601 588
583 600 601
588 602 590
588 601 602
590 603 592
590 602 603
604 601 600
599 604 600
605 599 587
605 587 606
605 606 607
599 605 608
608 605 607
599 608 604
608 607 609
604 610 601
610 602 601
608 610 604
611 608 609
608 611 610
611 609 612
610 613 602
611 613 610
613 603 602
614 611 612
611 614 613
614 612 615
613 616 603
614 616 613
617 614 615
614 617 616
617 615 618
619 617 618
619 618 620
621 619 620
616 622 603
592 603 622
592 622 595
623 616 617
616 623 622
623 617 619
624 622 623
624 595 622
624 623 619
625 595 624
624 619 625
597 595 625
619 621 626
619 626 625
598 626 621
597 627 598
625 627 597
598 627 626
625 626 627
628 629 630
628 630 631
632 628 631
633 628 632
633 632 634
632 631 634
633 634 635
631 636 634
637 631 630
637 630 638
631 639 636
631 637 639
636 639 640
641 637 638
641 639 637
641 638 642
643 640 639
643 644 640
645 643 639
641 645 639
645 646 643
642 647 641
648 645 641
647 648 641
645 649 646
648 649 645
650 646 649
650 651 646
652 650 649
652 649 648
653 651 650
653 650 652
653 654 651
655 647 642
655 642 656
655 656 657
655 657 658
659 655 658
659 658 660
659 661 655
647 655 661
647 661 662
647 662 648
648 662 663
648 663 652
663 664 652
663 665 664
666 664 665
667 652 664
653 652 667
667 668 653
654 653 668
654 668 669
669 670 654
666 671 664
672 671 666
672 666 673
674 671 672
674 675 671
676 671 675
676 664 671
667 664 676
667 676 677
667 677 678
667 678 668
679 678 677
668 678 680
679 680 678
669 668 680
679 681 680
679 682 681
680 681 683
680 683 684
669 680 684
684 683 685
686 669 684
669 686 670
684 685 687
687 686 684
687 685 688
670 686 689
687 689 686
670 689 690
687 688 691
691 689 687
688 692 691
688 693 692
694 691 692
691 694 689
689 694 695
690 689 695
690 695 696
695 697 696
698 699 700
698 700 701
702 698 701
702 701 703
704 702 703
704 703 705
706 704 705
706 705 707
708 706 707
708 707 709
709 710 708
711 712 713
711 713 714
711 714 715
715 716 711
715 717 716
717 718 716
717 719 718
720 718 719
720 719 721
721 722 720
721 723 722
723 724 722
723 725 724
725 726 724
725 727 726
727 728 726
727 729 728
729 730 728
731 732 733
731 734 732
731 735 734
736 732 734
736 737 732
738 734 735
738 736 734
738 735 739
738 739 740
738 740 741
741 740 742
743 737 736
743 744 737
738 745 736
741 745 738
736 745 746
736 746 743
747 744 743
747 748 744
741 742 749
749 742 750
741 751 745
751 746 745
743 746 752
743 752 747
753 748 747
753 754 748
753 755 754
756 741 749
756 751 741
757 749 750
756 749 757
757 750 758
756 757 759
751 760 746
756 760 751
760 752 746
761 756 759
756 761 760
761 759 762
760 763 752
763 760 761
764 761 762
763 761 764
764 762 765
763 766 752
747 752 766
747 766 753
764 767 763
763 767 766
768 764 765
764 768 767
768 765 769
770 768 769
770 769 771
772 770 771
753 766 773
773 766 767
774 767 768
774 768 770
773 767 774
753 773 775
753 775 755
776 755 775
777 773 774
777 774 770
777 775 773
770 772 778
778 772 779
777 770 780
780 775 777
770 778 780
775 781 776
779 776 781
775 780 781
780 778 782
778 779 782
779 781 782
780 782 781
783 784 785
786 784 783
786 783 787
787 783 788
789 787 788
789 788 790
791 789 790
791 790 792
793 791 792
793 792 794
795 793 794
795 794 796
797 795 796
797 796 798
799 797 798
799 798 800
800 801 799
802 803 804
804 805 802
804 806 805
806 807 805
806 808 807
808 809 807
808 810 809
810 811 809
810 812 811
812 813 811
812 814 813
814 815 813
814 816 815
816 817 815
816 818 817
819 817 818
819 820 817
819 821 820
819 822 821
822 823 821
822 824 823
825 823 824
825 826 823
823 826 827
823 827 828
829 830 831
829 831 832
833 829 832
833 832 834
832 831 835
834 832 835
836 835 831
836 837 835
834 835 838
837 838 835
837 839 838
838 839 840
841 842 843
844 841 843
844 843 845
846 841 844
845 847 844
846 844 848
848 844 847
849 847 845
849 845 850
851 846 848
851 852 846
851 853 852
851 854 853
854 851 848
853 854 855
848 847 856
854 848 856
849 856 847
857 855 854
857 854 856
855 857 858
859 858 857
859 857 860
856 860 857
859 860 861
856 862 860
849 862 856
861 860 862
863 862 849
850 863 849
863 850 864
863 864 865
861 862 866
863 866 862
866 863 865
861 866 867
866 865 867
868 869 870
868 870 871
871 870 872
868 871 873
868 873 874
874 873 875
874 875 876
877 878 879
880 877 879
880 881 877
880 879 882
880 882 883
883 882 884
883 884 885
886 887 888
886 888 889
890 886 889
890 891 886
891 890 892
891 892 893
892 894 893
892 895 894
895 896 894
895 897 896
898 897 895
892 898 895
898 899 897
892 900 898
890 900 892
901 899 898
900 901 898
901 902 899
901 903 902
901 904 903
900 905 901
905 904 901
890 905 900
905 906 904
905 907 906
890 908 905
905 908 907
908 890 889
909 907 908
909 908 889
909 910 907
889 888 909
888 910 909
888 911 910
912 913 914
912 914 915
916 915 914
916 914 917
918 919 920
918 920 921
918 921 922
920 923 921
920 924 923
924 925 923
924 926 925
923 925 927
923 927 928
925 929 927
930 928 927
926 931 925
925 931 929
926 932 931
933 931 932
931 934 929
933 935 931
931 935 934
935 933 936
937 934 935
938 934 937
939 938 937
939 940 938
935 936 941
937 935 941
941 936 942
941 942 943
937 941 943
943 942 944
937 943 945
939 937 945
943 944 946
945 943 946
946 944 947
946 947 948
945 946 949
949 946 948
939 945 949
949 948 950
951 949 950
939 949 951
952 951 950
952 953 951
953 952 954
953 954 955
955 954 956
955 956 957
958 951 953
939 951 958
957 956 959
957 959 960
961 960 959
961 959 962
961 963 960
964 960 963
964 963 965
960 964 966
960 966 967
968 964 965
968 965 969
964 970 966
970 967 966
964 968 970
971 968 969
971 969 972
968 971 973
968 973 970
974 971 972
973 971 974
974 972 975
973 974 976
976 970 973
977 976 974
977 978 976
976 979 970
978 979 976
970 979 967
978 980 979
981 979 980
967 979 982
981 982 979
967 982 983
983 984 967
981 985 982
981 986 985
982 987 983
982 985 987
984 983 988
984 988 989
986 990 985
986 991 990
992 990 991
985 990 993
985 993 987
994 983 987
994 988 983
995 988 994
989 988 996
995 996 988
989 996 958
996 997 958
995 997 996
939 958 997
939 997 998
995 998 997
939 998 940
998 999 940
999 998 1000
995 1000 998
999 1000 1001
1000 1002 1001
1000 1003 1002
995 1003 1000
1003 1004 1002
1005 995 994
995 1005 1003
1003 1006 1004
1005 1006 1003
1006 1007 1004
1005 994 1008
1008 994 987
1008 987 993
1006 1009 1007
1009 930 1007
1005 1010 1006
1008 1010 1005
1008 1011 1010
1008 1012 1011
1008 993 1012
1006 1010 1013
1006 1013 1009
993 1014 1012
1015 1014 993
1015 993 990
992 1015 990
1015 1016 1014
992 1017 1015
1015 1017 1016
992 1018 1017
1019 1017 1018
1020 1016 1017
1019 1020 1017
1019 1021 1020
1020 1022 1016
1021 1022 1020
1019 1023 1021
1021 1024 1022
1025 1021 1023
1024 1021 1026
1026 1027 1024
1025 1028 1021
1028 1026 1021
1028 1025 1029
1026 1030 1027
1030 1013 1027
1030 1009 1013
1028 1031 1026
1029 1031 1028
1030 1026 1031
1030 1032 1009
1030 1031 1032
1009 1032 930
928 930 1032
928 1032 1031
1031 1033 928
1029 1033 1031
1029 1034 1033
1035 1036 1037
1035 1037 1038
1038 1037 1039
1038 1039 1040
1040 1039 1041
1041 1042 1040
1041 1043 1042
1043 1044 1042
1043 1045 1044
1045 1046 1044
1047 1048 1049
1049 1050 1047
1049 1051 1050
1051 1052 1050
1051 1053 1052
1053 1054 1052
1054 1053 1055
1054 1055 1056
1056 1055 1057
1056 1057 1058
1059 1060 1061
1059 1061 1062
1062 1061 1063
1062 1063 1064
1064 1063 1065
1064 1065 1066
1066 1065 1067
1067 1068 1066
1067 1069 1068
1069 1070 1068
1071 1072 1073
1071 1074 1072
1075 1074 1071
1076 1072 1074
1076 1074 1077
1075 1078 1074
1079 1074 1078
1079 1078 1080
1079 1080 1081
1080 1078 1082
1083 1082 1078
1081 1080 1084
1081 1084 1085
1086 1085 1084
1086 1084 1087
1087 1088 1086
1089 1087 1084
1090 1084 1080
1089 1084 1090
1080 1082 1090
1090 1091 1089
1090 1082 1091
1083 1092 1082
1092 1091 1082
1092 1083 1093
1094 1093 1083
1094 1095 1093
1095 1094 1096
1092 1097 1091
1097 1098 1091
1097 1099 1098
1092 1093 1100
1095 1100 1093
1097 1092 1100
1095 1096 1101
1096 1102 1101
1096 1103 1102
1103 1104 1102
1103 1105 1104
1095 1101 1106
1097 1107 1099
1097 1100 1108
1107 1097 1108
1095 1109 1100
1108 1100 1109
1095 1110 1109
1095 1106 1110
1108 1109 1111
1111 1109 1110
1111 1112 1108
1107 1108 1112
1112 1113 1107
1114 1099 1107
1115 1099 1114
1115 1114 1116
1116 1117 1115
1118 1107 1113
1114 1107 1118
1116 1114 1118
1118 1113 1119
1120 1118 1119
1116 1118 1120
1120 1119 1121
1111 1110 1122
1122 1123 1111
1122 1124 1123
1125 1120 1121
1125 1121 1126
1127 1126 1124
1122 1127 1124
1122 1110 1128
1106 1128 1110
1125 1126 1129
1127 1129 1126
1122 1130 1127
1122 1128 1130
1129 1127 1131
1131 1127 1130
1132 1125 1129
1132 1129 1131
1120 1125 1133
1132 1133 1125
1131 1130 1134
1128 1134 1130
1120 1133 1135
1116 1120 1135
1132 1131 1136
1134 1136 1131
1137 1135 1133
1138 1116 1135
1138 1135 1137
1139 1133 1132
1137 1133 1139
1132 1136 1140
1139 1132 1140
1141 1116 1138
1116 1141 1117
1142 1138 1137
1139 1142 1137
1139 1143 1142
1139 1144 1143
1139 1140 1144
1142 1145 1138
1140 1146 1144
1145 1147 1138
1141 1138 1147
1145 1148 1147
1149 1146 1140
1149 1140 1136
1149 1150 1146
1148 1151 1147
1141 1147 1151
1148 1152 1151
1153 1151 1152
1141 1151 1154
1153 1154 1151
1117 1141 1154
1155 1154 1153
1117 1154 1156
1155 1156 1154
1155 1157 1156
1136 1158 1149
1134 1158 1136
1159 1149 1158
1159 1150 1149
1160 1150 1159
1161 1158 1134
1158 1161 1159
1159 1162 1160
1159 1161 1162
1162 1163 1160
1161 1134 1164
1164 1162 1161
1128 1164 1134
1162 1165 1163
1164 1166 1162
1167 1163 1165
1168 1166 1164
1168 1164 1128
1106 1168 1128
1169 1168 1106
1169 1106 1170
1171 1169 1170
1171 1170 1172
1173 1171 1172
1173 1172 1174
1175 1173 1174
1175 1174 1176
1177 1175 1176
1177 1176 1178
1179 1177 1178
1179 1178 1180
1179 1180 1181
1179 1181 1182
1180 1183 1181
1184 1182 1181
1184 1181 1183
1167 1185 1186
1167 1187 1185
1167 1165 1187
1187 1188 1185
1189 1190 1191
1189 1192 1190
1192 1189 1193
1192 1193 1194
1189 1195 1193
1189 1196 1195
1189 1197 1196
1189 1198 1197
1199 1200 1201
1199 1202 1200
1199 1203 1202
1204 1205 1206
1204 1206 1207
1207 1206 1208
1204 1207 1209
1209 1207 1208
1204 1209 1210
1209 1208 1211
1211 1210 1209
1212 1211 1208
1211 1213 1210
1211 1212 1214
1211 1214 1213
1215 1216 1217
1215 1217 1218
1218 1217 1219
1215 1218 1220
1220 1218 1219
1215 1220 1221
1220 1219 1222
1222 1221 1220
1223 1222 1219
1222 1224 1221
1222 1223 1225
1222 1225 1224
1226 1227 1228
1226 1228 1229
1226 1229 1230
1230 1229 1231
1230 1231 1232
1233 1234 1235
1233 1235 1236
1237 1233 1236
1237 1236 1238
1239 1237 1238
1239 1238 1240
1241 1239 1240
1241 1240 1242
1243 1244 1245
1243 1245 1246
1243 1246 1247
1248 1247 1246
1248 1246 1249
1248 1249 1250
1251 1252 1253
1251 1253 1254
1255 1254 1253
1255 1253 1256
1257 1258 1259
1257 1259 1260
1257 1260 1261
1257 1261 1262
1263 1264 1265
1263 1266 1264
1266 1263 1267
1268 1264 1266
1268 1269 1264
1270 1269 1268
1266 1267 1271
1271 1267 1272
1273 1268 1266
1273 1266 1271
1270 1268 1274
1273 1274 1268
1271 1272 1275
1273 1271 1275
1272 1276 1275
1272 1277 1276
1278 1276 1277
1278 1279 1276
1279 1274 1276
1273 1275 1280
1280 1275 1276
1280 1276 1274
1273 1280 1274
1270 1274 1281
1279 1281 1274
1282 1270 1281
1279 1283 1281
1282 1281 1284
1283 1284 1281
1285 1286 1287
1285 1288 1286
1285 1289 1288
1285 1290 1289
1286 1288 1291
1289 1291 1288
1286 1291 1292
1293 1292 1291
1293 1291 1294
1293 1294 1295
1296 1289 1290
1296 1290 1297
1289 1298 1291
1298 1294 1291
1299 1298 1289
1299 1289 1296
1297 1300 1296
1297 1301 1300
1298 1302 1294
1299 1302 1298
1303 1299 1296
1303 1296 1300
1304 1300 1301
1304 1301 1305
1306 1304 1305
1299 1307 1302
1307 1299 1303
1294 1302 1308
1307 1308 1302
1309 1303 1300
1309 1300 1304
1306 1310 1304
1311 1310 1306
1307 1303 1312
1309 1312 1303
1304 1313 1309
1304 1310 1313
1294 1308 1314
1294 1314 1295
1295 1314 1315
1315 1314 1308
1295 1315 1316
1315 1308 1317
1307 1318 1308
1317 1308 1318
1312 1318 1307
1317 1318 1319
1319 1318 1320
1312 1320 1318
1319 1320 1321
1322 1320 1312
1309 1322 1312
1313 1322 1309
1321 1320 1323
1322 1323 1320
1321 1323 1324
1324 1323 1325
1324 1325 1326
1327 1326 1325
1328 1323 1322
1313 1328 1322
1328 1325 1323
1329 1328 1313
1329 1325 1328
1310 1329 1313
1330 1327 1325
1331 1327 1330
1332 1325 1329
1332 1329 1310
1330 1325 1332
1331 1330 1333
1333 1330 1332
1334 1332 1310
1333 1332 1334
1331 1333 1334
1334 1310 1311
1331 1334 1311
1335 1336 1337
1335 1337 1338
1339 1335 1338
1339 1340 1335
1339 1341 1340
1337 1342 1338
1339 1338 1342
1337 1343 1342
1344 1342 1343
1344 1343 1345
1346 1344 1345
1346 1345 1347
1348 1346 1347
1348 1347 1349
1348 1349 1350
1348 1350 1351
1352 1351 1350
1353 1351 1352
1353 1352 1354
1339 1342 1355
1356 1342 1344
1356 1355 1342
1344 1346 1357
1344 1357 1356
1346 1348 1358
1346 1358 1357
1359 1339 1355
1339 1359 1341
1360 1355 1356
1359 1355 1360
1357 1361 1356
1360 1356 1361
1341 1359 1362
1341 1362 1363
1362 1364 1363
1359 1360 1365
1359 1365 1362
1365 1364 1362
1365 1360 1361
1365 1366 1364
1367 1366 1365
1365 1361 1367
1367 1368 1366
1357 1369 1361
1367 1361 1369
1358 1369 1357
1370 1368 1367
1367 1369 1370
1370 1371 1368
1358 1372 1369
1370 1369 1372
1373 1371 1370
1370 1372 1373
1373 1374 1371
1375 1374 1373
1375 1376 1374
1377 1376 1375
1378 1372 1358
1348 1378 1358
1348 1351 1378
1379 1373 1372
1378 1379 1372
1379 1375 1373
1380 1379 1378
1351 1380 1378
1380 1375 1379
1381 1380 1351
1381 1375 1380
1353 1381 1351
1375 1382 1377
1375 1381 1382
1354 1377 1382
1381 1353 1383
1353 1354 1383
1381 1383 1382
1354 1382 1383
1384 1385 1386
1385 1384 1387
1385 1387 1388
1388 1387 1389
1388 1389 1390
1390 1389 1391
1390 1391 1392
1392 1391 1393
1392 1393 1394
1394 1393 1395
1394 1395 1396
1397 1398 1399
1397 1399 1400
1401 1400 1399
1401 1402 1400
1397 1400 1403
1400 1402 1404
1403 1400 1405
1400 1404 1405
1403 1405 1406
1405 1404 1407
1407 1404 1408
1406 1405 1409
1405 1407 1409
1410 1406 1409
1407 1408 1411
1411 1408 1412
1413 1407 1411
1411 1412 1414
1413 1411 1414
1409 1407 1415
1413 1415 1407
1416 1414 1412
1416 1412 1417
1416 1418 1414
1416 1419 1418
1420 1418 1419
1414 1418 1420
1420 1419 1421
1414 1420 1422
1413 1414 1422
1422 1423 1413
1424 1413 1423
1415 1413 1424
1424 1423 1425
1415 1424 1426
1415 1426 1427
1409 1415 1427
1428 1427 1426
1428 1426 1429
1427 1430 1409
1427 1428 1430
1410 1409 1430
1429 1431 1428
1431 1430 1428
1429 1432 1431
1410 1430 1433
1410 1433 1434
1433 1435 1434
1431 1436 1430
1436 1433 1430
1432 1437 1431
1436 1431 1437
1438 1437 1432
1438 1432 1439
1433 1440 1435
1441 1435 1440
1441 1442 1435
1443 1441 1440
1443 1440 1444
1445 1444 1440
1445 1440 1433
1436 1445 1433
1446 1445 1436
1446 1436 1447
1436 1437 1447
1448 1446 1447
1437 1449 1447
1448 1447 1449
1449 1437 1438
1450 1448 1449
1450 1451 1448
1449 1452 1450
1449 1453 1452
1449 1438 1453
1454 1452 1453
1455 1453 1438
1455 1438 1439
1454 1453 1456
1455 1456 1453
1457 1454 1456
1439 1458 1455
1455 1458 1456
1439 1459 1458
1457 1456 1460
1458 1460 1456
1457 1460 1461
1457 1461 1462
1463 1461 1460
1458 1463 1460
1458 1464 1463
1464 1458 1459
1464 1459 1465
1465 1466 1464
1467 1468 1469
1467 1470 1468
1468 1470 1471
1472 1470 1467
1472 1467 1473
1474 1471 1470
1474 1470 1472
1474 1475 1471
1474 1476 1475
1474 1477 1476
1477 1478 1476
1473 1479 1472
1473 1480 1479
1474 1472 1481
1477 1474 1481
1482 1481 1472
1482 1472 1479
1480 1483 1479
1480 1484 1483
1477 1485 1478
1485 1486 1478
1477 1481 1487
1482 1487 1481
1479 1488 1482
1479 1483 1488
1484 1489 1483
1484 1490 1489
1491 1489 1490
1477 1492 1485
1477 1487 1492
1486 1485 1493
1492 1493 1485
1486 1493 1494
1492 1495 1493
1482 1496 1487
1492 1487 1496
1496 1482 1488
1497 1495 1492
1492 1496 1497
1497 1498 1495
1496 1488 1499
1497 1496 1499
1500 1498 1497
1497 1499 1500
1500 1501 1498
1499 1488 1502
1483 1502 1488
1483 1489 1502
1500 1499 1503
1499 1502 1503
1504 1501 1500
1500 1503 1504
1504 1505 1501
1506 1505 1504
1506 1507 1505
1508 1507 1506
1489 1509 1502
1503 1502 1509
1510 1504 1503
1510 1506 1504
1503 1509 1510
1489 1511 1509
1491 1511 1489
1512 1511 1491
1513 1510 1509
1513 1506 1510
1513 1509 1511
1506 1514 1508
1515 1508 1514
1516 1506 1513
1516 1513 1511
1506 1516 1514
1517 1511 1512
1517 1512 1515
1517 1516 1511
1516 1518 1514
1515 1514 1518
1517 1515 1518
1516 1517 1518
1519 1520 1521
1519 1521 1522
1519 1522 1523
1523 1524 1519
1525 1524 1523
1525 1526 1524
1526 1525 1527
1526 1527 1528
1529 1528 1527
1529 1530 1528
1531 1530 1529
1531 1532 1530
1533 1532 1531
1533 1534 1532
1535 1534 1533
1535 1536 1534
1536 1535 1537
1538 1539 1540
1538 1541 1539
1542 1539 1541
1542 1541 1543
1542 1543 1544
1542 1544 1545
1543 1546 1544
1547 1548 1549
1547 1550 1548
1547 1551 1550
1547 1552 1551
1552 1553 1551
1552 1554 1553
1555 1553 1554
1555 1556 1553
1557 1556 1555
1557 1558 1556
1558 1559 1556
1559 1553 1556
1558 1560 1559
1559 1561 1553
1551 1553 1561
1560 1562 1559
1562 1561 1559
1560 1563 1562
1564 1562 1563
1564 1565 1562
1562 1566 1561
1565 1566 1562
1566 1551 1561
1565 1567 1566
1568 1566 1567
1566 1569 1551
1568 1569 1566
1550 1551 1569
1569 1568 1570
1569 1570 1550
1568 1571 1570
1550 1570 1548
1548 1570 1571
1548 1571 1572
1573 1574 1575
1573 1576 1574
1577 1574 1576
1577 1576 1578
1579 1580 1581
1579 1581 1582
1583 1579 1582
1584 1582 1581
1583 1582 1585
1586 1583 1585
1584 1587 1582
1585 1582 1587
1587 1584 1588
1587 1588 1589
1585 1590 1586
1591 1586 1590
1585 1587 1592
1592 1587 1589
1585 1592 1590
1590 1592 1589
1590 1589 1593
1591 1590 1594
1594 1590 1593
1595 1591 1594
1594 1593 1596
1595 1594 1597
1597 1594 1596
1595 1597 1598
1599 1597 1596
1599 1596 1600
1601 1599 1600
1601 1600 1602
1603 1604 1605
1603 1605 1606
1606 1605 1607
1603 1606 1608
1608 1606 1607
1603 1608 1609
1608 1607 1610
1610 1609 1608
1611 1610 1607
1610 1612 1609
1610 1611 1613
1610 1613 1612
1614 1615 1616
1614 1617 1615
1617 1618 1615
1618 1617 1619
1618 1619 1620
1620 1619 1621
1620 1621 1622
1622 1621 1623
1622 1623 1624
1624 1623 1625
1626 1627 1628
1626 1629 1627
1629 1630 1627
1629 1631 1630
1631 1632 1630
1632 1631 1633
1632 1633 1634
1634 1633 1635
1635 1636 1634
1635 1637 1636
1638 1639 1640
1638 1641 1639
1641 1642 1639
1642 1641 1643
1642 1643 1644
1644 1643 1645
1645 1646 1644
1645 1647 1646
1647 1648 1646
1647 1649 1648
1650 1651 1652
1650 1653 1651
1654 1651 1653
1655 1653 1650
1654 1653 1656
1655 1657 1653
1656 1653 1657
1658 1657 1655
1656 1657 1659
1658 1659 1657
1660 1661 1662
1660 1663 1661
1664 1661 1663
1663 1660 1665
1664 1663 1666
1664 1666 1667
1668 1667 1666
1668 1666 1669
1669 1666 1663
1663 1665 1670
1669 1663 1670
1665 1671 1670
1671 1669 1670
1671 1672 1669
1665 1673 1671
1672 1671 1674
1673 1674 1671
1673 1675 1674
1676 1677 1678
1676 1679 1677
1679 1676 1680
1679 1681 1677
1679 1680 1682
1679 1683 1681
1683 1679 1682
1683 1684 1681
1683 1682 1685
1683 1685 1684
1686 1687 1688
1686 1688 1689
1690 1689 1688
1690 1691 1689
1691 1690 1692
1686 1689 1693
1693 1689 1691
1691 1692 1694
1694 1692 1695
1686 1693 1696
1697 1686 1696
1697 1696 1698
1693 1691 1699
1696 1693 1699
1699 1691 1694
1698 1696 1700
1696 1699 1700
1698 1700 1701
1702 1701 1700
1694 1695 1703
1703 1695 1704
1699 1694 1705
1705 1694 1703
1706 1699 1705
1706 1700 1699
1705 1703 1706
1704 1707 1703
1704 1708 1707
1709 1703 1707
1709 1707 1710
1711 1709 1710
1711 1710 1712
1713 1711 1712
1713 1712 1714
1715 1713 1714
1715 1714 1716
1717 1713 1715
1718 1717 1715
1718 1715 1719
1715 1716 1719
1720 1719 1716
1720 1721 1719
1721 1720 1722
1721 1722 1723
1724 1719 1721
1718 1719 1724
1725 1721 1723
1724 1721 1725
1725 1723 1726
1727 1724 1725
1718 1724 1727
1728 1725 1726
1727 1725 1728
1728 1726 1729
1730 1728 1729
1730 1727 1728
1730 1729 1731
1732 1730 1731
1732 1731 1733
1732 1733 1734
1730 1735 1727
1732 1735 1730
1736 1727 1735
1718 1727 1736
1732 1737 1735
1718 1736 1738
1732 1734 1739
1739 1737 1732
1739 1734 1740
1739 1741 1737
1739 1740 1742
1742 1741 1739
1742 1740 1743
1742 1744 1741
1742 1743 1745
1746 1741 1744
1747 1745 1743
1747 1743 1748
1747 1749 1745
1744 1750 1746
1744 1751 1750
1751 1744 1752
1746 1750 1753
1746 1753 1754
1751 1752 1755
1752 1756 1755
1757 1750 1751
1757 1753 1750
1758 1754 1753
1758 1759 1754
1751 1755 1760
1760 1755 1761
1761 1762 1760
1761 1763 1762
1764 1762 1763
1760 1765 1751
1757 1751 1765
1760 1762 1765
1757 1766 1753
1766 1758 1753
1757 1767 1766
1767 1757 1765
1767 1765 1768
1768 1765 1762
1762 1769 1768
1766 1770 1758
1762 1771 1769
1764 1771 1762
1771 1772 1769
1764 1773 1771
1771 1773 1772
1764 1774 1773
1775 1773 1774
1776 1772 1773
1775 1776 1773
1776 1777 1772
1775 1778 1776
1775 1779 1778
1780 1778 1779
1781 1777 1776
1781 1776 1778
1781 1782 1777
1780 1783 1778
1781 1778 1783
1702 1783 1780
1784 1782 1781
1784 1785 1782
1784 1770 1785
1702 1786 1783
1702 1700 1786
1706 1786 1700
1781 1783 1787
1787 1783 1786
1784 1781 1787
1706 1788 1786
1787 1786 1788
1706 1789 1788
1784 1790 1770
1790 1758 1770
1784 1787 1791
1791 1787 1788
1790 1784 1791
1790 1791 1792
1789 1793 1788
1791 1788 1793
1793 1792 1791
1789 1794 1793
1790 1795 1758
1792 1795 1790
1795 1759 1758
1795 1796 1759
1794 1797 1793
1793 1797 1792
1794 1717 1797
1798 1796 1795
1792 1798 1795
1798 1799 1796
1798 1800 1799
1797 1717 1801
1792 1797 1801
1718 1801 1717
1798 1802 1800
1792 1802 1798
1792 1801 1802
1718 1802 1801
1802 1738 1800
1718 1738 1802
1803 1804 1805
1803 1805 1806
1803 1806 1807
1807 1806 1808
1807 1809 1803
1807 1808 1810
1807 1811 1809
1811 1807 1810
1811 1812 1809
1811 1813 1812
1813 1811 1810
1813 1810 1814
1815 1816 1817
1815 1817 1818
1815 1818 1819
1820 1818 1817
1818 1821 1819
1820 1822 1818
1821 1818 1822
1819 1821 1823
1819 1823 1824
1825 1822 1820
1825 1820 1826
1825 1826 1827
1825 1827 1828
1828 1822 1825
1827 1829 1828
1821 1822 1830
1828 1830 1822
1823 1821 1830
1831 1828 1829
1831 1830 1828
1829 1832 1831
1833 1831 1832
1833 1834 1831
1834 1830 1831
1833 1835 1834
1834 1836 1830
1823 1830 1836
1835 1836 1834
1837 1823 1836
1823 1837 1824
1838 1824 1837
1838 1837 1839
1835 1840 1836
1837 1836 1840
1839 1837 1840
1835 1841 1840
1839 1840 1841
1842 1843 1844
1842 1845 1843
1842 1846 1845
1847 1843 1845
1847 1845 1848
1849 1847 1848
1849 1848 1850
1851 1852 1853
1851 1853 1854
1855 1851 1854
1855 1854 1856
1857 1855 1856
1857 1856 1858
1859 1857 1858
1859 1858 1860
1861 1859 1860
1861 1860 1862
1863 1861 1862
1863 1862 1864
1863 1864 1865
1863 1865 1866
1864 1867 1865
1868 1866 1865
1868 1865 1867
1869 1870 1871
1869 1871 1872
1873 1869 1872
1872 1871 1874
1875 1873 1872
1872 1874 1876
1875 1872 1876
1877 1876 1874
1875 1876 1877
1877 1874 1878
1879 1877 1878
1879 1878 1880
1881 1877 1879
1875 1877 1882
1881 1882 1877
1883 1875 1882
1881 1884 1882
1883 1882 1884
1885 1886 1887
1885 1888 1886
1885 1889 1888
1890 1889 1885
1890 1891 1889
1892 1891 1890
1892 1893 1891
1893 1892 1894
1893 1894 1895
1896 1895 1894
1896 1897 1895
1898 1897 1896
1898 1899 1897
1900 1899 1898
1900 1901 1899
1902 1901 1900
1902 1903 1901
1903 1902 1904
1905 1906 1907
1905 1907 1908
1909 1905 1908
1909 1910 1905
1905 1910 1911
1905 1911 1912
1913 1912 1911
1913 1914 1912
1913 1915 1914
1913 1916 1915
1917 1915 1916
1917 1918 1915
1919 1918 1917
1919 1920 1918
1920 1919 1921
1920 1921 1922
1923 1922 1921
1923 1924 1922
1925 1924 1923
1925 1926 1924
1927 1926 1925
1927 1928 1926
1929 1928 1927
1929 1930 1928
1930 1929 1931
1932 1933 1934
1932 1934 1935
1936 1935 1934
1936 1937 1935
1938 1939 1940
1940 1939 1941
1940 1941 1942
1942 1941 1943
1942 1943 1944
1945 1944 1943
1945 1943 1946
1945 1947 1944
1948 1945 1946
1947 1945 1949
1948 1949 1945
1950 1949 1948
1947 1949 1951
1950 1952 1949
1951 1949 1952
1951 1952 1953
1954 1955 1956
1954 1956 1957
1957 1956 1958
1957 1958 1959
1959 1958 1960
1959 1960 1961
1961 1960 1962
1961 1962 1963
1963 1962 1964
1963 1964 1965
1965 1964 1966
1965 1966 1967
1967 1966 1968
1967 1968 1969
1966 1970 1968
1971 1969 1968
1971 1968 1970
1972 1973 1974
1972 1974 1975
1974 1976 1975
1974 1977 1976
1977 1974 1978
1977 1978 1979
1980 1978 1974
1980 1974 1981
1982 1983 1984
1982 1985 1983
1982 1986 1985
1987 1988 1989
1987 1989 1990
1990 1991 1987
1992 1990 1989
1991 1990 1992
1992 1989 1993
1991 1992 1994
1993 1994 1992
1995 1991 1994
1993 1996 1994
1997 1995 1994
1997 1994 1996
1998 1999 2000
1998 2000 2001
2001 2002 1998
2003 2001 2000
2002 2001 2003
2003 2000 2004
2002 2003 2005
2004 2005 2003
2006 2002 2005
2004 2007 2005
2008 2006 2005
2008 2005 2007
2009 2010 2011
2009 2011 2012
2012 2013 2009
2014 2012 2011
2013 2012 2014
2014 2011 2015
2013 2014 2016
2015 2016 2014
2017 2013 2016
2015 2018 2016
2019 2017 2016
2019 2016 2018
2020 2021 2022
2020 2022 2023
2022 2024 2023
2022 2025 2024
2026 2025 2022
2021 2026 2022
2026 2027 2025
2026 2028 2027
2026 2029 2028
2029 2026 2021
2029 2030 2028
2029 2031 2030
2029 2021 2032
2032 2031 2029
2032 2021 2033
2032 2034 2031
2032 2033 2035
2035 2034 2032
2036 2037 2038
2036 2038 2039
2040 2038 2037
2041 2039 2038
2040 2042 2038
2041 2038 2043
2044 2038 2042
2044 2043 2038
2045 2046 2047
2045 2047 2048
2047 2049 2048
2047 2050 2049
2046 2051 2047
2050 2047 2051
2046 2052 2051
2053 2051 2052
2053 2054 2051
2050 2051 2054
2055 2054 2053
2055 2056 2054
2054 2056 2057
2050 2054 2058
2054 2057 2058
2058 2059 2050
2060 2058 2057
2060 2059 2058
2061 2062 2063
2061 2064 2062
2061 2063 2065
2061 2066 2064
2066 2067 2064
2066 2068 2067
2069 2068 2066
2069 2066 2061
2070 2061 2065
2069 2061 2070
2070 2065 2071
2072 2070 2071
2069 2070 2073
2072 2073 2070
2074 2069 2073
2073 2072 2075
2074 2073 2076
2073 2075 2076
2077 2078 2079
2077 2080 2078
2077 2079 2081
2077 2082 2080
2077 2081 2082
2083 2084 2085
2083 2085 2086
2083 2087 2084
2083 2086 2088
2083 2088 2087
2089 2090 2091
2089 2092 2090
2089 2091 2093
2089 2094 2092
2089 2093 2094
2095 2096 2097
2095 2097 2098
2099 2098 2097
2100 2099 2097
2100 2097 2101
2101 2097 2102
2096 2102 2097
2101 2102 2103
2096 2104 2102
2103 2102 2104
2105 2104 2096
2103 2104 2106
2105 2106 2104
2107 2108 2109
2107 2109 2110
2108 2111 2109
2108 2112 2111
2113 2111 2112
2113 2114 2111
2115 2111 2114
2115 2109 2111
2110 2109 2116
2115 2116 2109
2110 2116 2117
2118 2117 2116
2115 2119 2116
2118 2116 2119
2120 2119 2115
2121 2118 2119
2120 2122 2119
2121 2119 2122
2123 2124 2125
2123 2126 2124
2123 2125 2127
2123 2128 2126
2123 2127 2128
2129 2130 2131
2129 2131 2132
2129 2133 2130
2129 2132 2134
2129 2134 2133
2135 2136 2137
2135 2137 2138
2135 2139 2136
2135 2138 2140
2135 2140 2139
2141 2142 2143
2141 2144 2142
2141 2143 2145
2141 2146 2144
2141 2145 2146
2147 2148 2149
2147 2150 2148
2147 2149 2151
2147 2152 2150
2147 2151 2152
2153 2154 2155
2153 2156 2154
2153 2155 2157
2153 2158 2156
2153 2157 2158
2159 2160 2161
2159 2161 2162
2163 2159 2162
2159 2163 2164
2159 2164 2165
2166 2159 2165
2166 2160 2159
2166 2165 2167
2166 2168 2160
2168 2166 2167
2169 2160 2168
2168 2167 2170
2169 2168 2170
2171 2172 2173
2171 2173 2174
2173 2172 2175
2173 2175 2176
2173 2177 2174
2173 2176 2178
2173 2179 2177
2173 2178 2179
2180 2177 2179
2180 2179 2178
2181 2182 2183
2181 2184 2182
2181 2183 2185
2181 2186 2184
2181 2185 2187
2181 2188 2186
2181 2187 2189
2181 2189 2188
2190 2191 2192
2190 2192 2193
2190 2194 2191
2190 2193 2195
2190 2195 2194
2196 2197 2198
2196 2198 2199
2196 2200 2197
2196 2199 2201
2196 2201 2200
2202 2203 2204
2202 2204 2205
2202 2206 2203
2202 2205 2207
2202 2207 2206
2208 2209 2210
2211 2210 2209
2208 2212 2209
2212 2208 2213
2211 2209 2214
2215 2211 2214
2212 2213 2216
2217 2216 2213
2217 2218 2216
2218 2219 2216
2218 2220 2219
2221 2219 2220
2216 2222 2212
2216 2219 2222
2221 2223 2219
2222 2219 2223
2224 2223 2221
2212 2225 2209
2212 2222 2225
2224 2226 2223
2227 2226 2224
2227 2228 2226
2222 2223 2229
2226 2229 2223
2229 2225 2222
2228 2230 2226
2226 2230 2229
2228 2231 2230
2209 2225 2232
2209 2232 2214
2229 2233 2225
2230 2233 2229
2233 2232 2225
2231 2234 2230
2230 2234 2233
2231 2235 2234
2235 2236 2234
2235 2237 2236
2238 2236 2237
2234 2239 2233
2233 2239 2232
2234 2236 2239
2240 2232 2239
2240 2214 2232
2240 2239 2236
2236 2238 2241
2242 2241 2238
2243 2240 2236
2243 2214 2240
2236 2241 2243
2242 2244 2241
2243 2241 2244
2245 2214 2243
2243 2244 2245
2242 2245 2244
2245 2215 2214
2242 2215 2245
2246 2247 2248
2246 2248 2249
2246 2250 2247
2251 2247 2250
2246 2249 2252
2253 2252 2249
2251 2250 2254
2254 2255 2251
2254 2256 2255
2257 2256 2254
2257 2258 2256
2257 2259 2258
2260 2254 2250
2260 2257 2254
2257 2261 2259
2260 2261 2257
2261 2262 2259
2263 2250 2246
2263 2260 2250
2260 2264 2261
2263 2264 2260
2261 2265 2262
2264 2265 2261
2265 2266 2262
2265 2267 2266
2268 2267 2265
2264 2268 2265
2268 2269 2267
2246 2270 2263
2246 2252 2270
2263 2271 2264
2271 2268 2264
2270 2271 2263
2272 2269 2268
2271 2272 2268
2272 2273 2269
2274 2273 2272
2274 2275 2273
2276 2275 2274
2277 2272 2271
2270 2277 2271
2277 2274 2272
2278 2277 2270
2278 2270 2252
2278 2274 2277
2274 2279 2276
2280 2276 2279
2278 2281 2274
2281 2278 2252
2274 2281 2279
2280 2279 2282
2282 2279 2281
2283 2281 2252
2282 2281 2283
2283 2280 2282
2283 2252 2253
2283 2253 2280
2284 2285 2286
2284 2286 2287
2288 2289 2290
2288 2290 2291
2291 2290 2292
2290 2293 2292
2292 2293 2294
2292 2294 2295
2294 2296 2295
2294 2297 2296
2297 2298 2296
2297 2299 2298
2298 2299 2300
2294 2301 2297
2301 2299 2297
2300 2299 2302
2301 2302 2299
2300 2302 2303
2304 2303 2302
2305 2294 2293
2294 2305 2301
2290 2306 2293
2307 2306 2290
2307 2290 2308
2307 2308 2309
2305 2293 2310
2310 2293 2306
2311 2301 2305
2311 2305 2310
2306 2312 2310
2306 2307 2312
2311 2310 2312
2313 2302 2301
2311 2313 2301
2304 2302 2314
2313 2314 2302
2315 2313 2311
2315 2314 2313
2304 2314 2316
2315 2316 2314
2304 2316 2317
2318 2317 2316
2319 2311 2312
2315 2311 2319
2320 2318 2316
2320 2316 2315
2312 2307 2321
2319 2312 2321
2321 2307 2322
2318 2320 2323
2318 2323 2324
2315 2325 2320
2319 2325 2315
2326 2319 2321
2321 2322 2326
2322 2307 2327
2307 2309 2327
2328 2327 2309
2328 2309 2329
2327 2328 2330
2327 2330 2331
2322 2327 2331
2331 2330 2332
2331 2332 2333
2334 2333 2332
2319 2335 2325
2326 2335 2319
2336 2325 2335
2326 2336 2335
2337 2322 2331
2337 2331 2333
2334 2338 2333
2338 2334 2339
2322 2340 2326
2326 2340 2336
2341 2340 2322
2341 2322 2337
2341 2336 2340
2336 2342 2325
2320 2325 2342
2320 2342 2323
2341 2343 2336
2342 2336 2343
2344 2323 2342
2342 2343 2344
2344 2345 2323
2324 2323 2345
2324 2345 2346
2347 2345 2344
2347 2344 2343
2346 2345 2348
2347 2348 2345
2346 2348 2349
2350 2343 2341
2350 2341 2337
2349 2348 2351
2349 2351 2352
2348 2347 2353
2348 2353 2351
2347 2343 2354
2350 2354 2343
2347 2354 2355
2355 2354 2350
2347 2355 2353
2350 2337 2356
2355 2350 2356
2352 2351 2357
2352 2357 2358
2355 2359 2353
2356 2359 2355
2351 2353 2360
2351 2360 2357
2360 2353 2359
2358 2357 2361
2358 2361 2362
2357 2360 2363
2357 2363 2361
2362 2361 2364
2362 2364 2365
2365 2364 2366
2361 2367 2364
2366 2364 2367
2361 2363 2367
2366 2367 2368
2369 2368 2367
2369 2367 2370
2370 2367 2363
2371 2369 2370
2371 2370 2372
2370 2363 2372
2373 2371 2372
2363 2360 2374
2363 2374 2372
2373 2372 2374
2375 2373 2374
2360 2359 2374
2375 2374 2359
2375 2359 2376
2356 2376 2359
2376 2356 2377
2376 2377 2378
2377 2379 2378
2380 2377 2356
2380 2356 2337
2380 2337 2333
2380 2333 2338
2377 2381 2379
2377 2380 2381
2382 2380 2338
2381 2380 2382
2383 2379 2381
2381 2382 2383
2383 2384 2379
2384 2383 2385
2383 2382 2385
2384 2385 2386
2387 2386 2385
2387 2388 2386
2385 2389 2387
2385 2382 2389
2382 2338 2390
2389 2382 2390
2338 2339 2390
2389 2390 2339
2389 2339 2391
2392 2393 2394
2392 2394 2395
2396 2395 2394
2396 2394 2397
2394 2398 2397
2399 2396 2397
2399 2395 2396
2399 2397 2400
2401 2399 2400
2399 2402 2395
2392 2395 2402
2401 2403 2399
2402 2399 2403
2404 2403 2401
2402 2403 2405
2405 2403 2404
2402 2406 2392
2402 2405 2407
2402 2407 2406
2405 2404 2408
2409 2407 2405
2409 2405 2408
2410 2408 2404
2410 2404 2411
2408 2410 2412
2408 2412 2409
2409 2412 2413
2407 2409 2413
2407 2413 2406
2406 2413 2414
2406 2414 2415
2392 2406 2415
2392 2415 2416
2415 2414 2417
2415 2417 2418
2416 2415 2418
2419 2418 2417
2416 2418 2419
2419 2417 2420
2421 2419 2420
2416 2419 2421
2421 2420 2422
2423 2421 2422
2423 2422 2424
2425 2423 2424
2425 2424 2426
2426 2427 2425
2426 2428 2427
2428 2429 2427
2428 2430 2429
2429 2430 2431
2431 2430 2432
2429 2431 2433
2427 2429 2433
2427 2433 2434
2425 2427 2434
2425 2434 2435
2435 2423 2425
2435 2436 2423
2423 2436 2437
2423 2437 2438
2423 2438 2421
2438 2437 2439
2440 2421 2438
2416 2421 2440
2438 2439 2441
2440 2438 2441
2441 2439 2442
2441 2442 2443
2443 2442 2444
2441 2443 2445
2441 2445 2440
2446 2443 2444
2446 2445 2443
2446 2444 2447
2446 2447 2448
2448 2447 2449
2448 2449 2450
2448 2450 2451
2446 2448 2452
2448 2451 2452
2446 2452 2445
2451 2453 2452
2445 2452 2453
2451 2454 2453
2455 2453 2454
2445 2453 2456
2455 2456 2453
2456 2440 2445
2457 2456 2455
2456 2458 2440
2457 2458 2456
2416 2440 2458
2459 2458 2457
2416 2458 2460
2459 2460 2458
2392 2416 2460
2461 2460 2459
2392 2460 2462
2461 2462 2460
2463 2392 2462
2464 2462 2461
2463 2462 2465
2464 2465 2462
2466 2467 2468
2466 2468 2469
2470 2471 2472
2470 2472 2473
2474 2475 2476
2474 2476 2477
2478 2479 2480
2478 2480 2481
2482 2483 2484
2482 2484 2485
2486 2487 2488
2486 2488 2489
2490 2491 2492
2490 2492 2493
2494 2495 2496
2494 2496 2497
2498 2499 2500
2498 2500 2501
2501 2500 2502
2503 2498 2501
2504 2501 2502
2504 2502 2505
2505 2506 2504
2503 2501 2507
2504 2507 2501
2506 2508 2504
2504 2508 2507
2503 2507 2509
2509 2507 2508
2503 2509 2510
2508 2511 2509
2506 2512 2508
2508 2512 2511
2512 2513 2511
2512 2506 2514
2512 2514 2513
2514 2515 2513
2514 2516 2515
2514 2517 2516
2518 2516 2517
2518 2517 2519
2520 2519 2517
2520 2517 2521
2521 2517 2514
2521 2514 2522
2523 2524 2525
2523 2526 2524
2527 2524 2526
2527 2526 2528
2529 2528 2526
2530 2526 2523
2530 2529 2526
2523 2531 2530
2532 2529 2530
2530 2531 2533
2530 2533 2532
2534 2535 2536
2537 2534 2536
2538 2534 2537
2537 2536 2539
2540 2538 2537
2539 2541 2537
2540 2537 2542
2543 2537 2541
2537 2544 2542
2543 2545 2537
2537 2546 2544
2545 2546 2537
2547 2548 2549
2547 2549 2550
2551 2547 2550
2550 2549 2552
2553 2551 2550
2553 2554 2551
2553 2555 2554
2556 2550 2552
2556 2553 2550
2553 2557 2555
2553 2556 2557
2558 2556 2552
2557 2556 2558
2558 2552 2559
2557 2558 2560
2555 2557 2561
2557 2560 2561
2561 2560 2562
2555 2561 2563
2561 2562 2563
2562 2564 2563
2563 2564 2565
2563 2565 2566
2566 2565 2567
2566 2567 2568
2566 2568 2569
2566 2569 2570
2563 2566 2570
2563 2570 2571
2572 2573 2574
2572 2575 2573
2575 2572 2576
2575 2576 2577
2578 2577 2576
2578 2576 2579
2580 2578 2579
2580 2579 2581
2580 2581 2582
2580 2582 2583
2581 2584 2582
2582 2585 2583
2582 2584 2586
2582 2587 2585
2582 2586 2587
2588 2585 2587
2587 2586 2589
2587 2590 2588
2587 2589 2590
2591 2592 2593
2591 2593 2594
2594 2595 2591
2591 2595 2596
2595 2597 2596
2595 2598 2597
2597 2598 2599
2597 2599 2600
2601 2600 2599
2601 2602 2600
2601 2603 2602
2604 2597 2600
2602 2604 2600
2605 2602 2603
2602 2605 2604
2605 2603 2606
2605 2606 2607
2608 2596 2597
2604 2608 2597
2591 2596 2609
2610 2591 2609
2610 2611 2591
2610 2612 2611
2608 2613 2596
2613 2609 2596
2604 2614 2608
2613 2608 2614
2615 2609 2613
2615 2610 2609
2613 2614 2615
2605 2616 2604
2604 2616 2614
2605 2607 2617
2605 2617 2616
2614 2616 2618
2617 2618 2616
2619 2617 2607
2617 2619 2618
2619 2607 2620
2619 2620 2621
2622 2615 2614
2614 2618 2622
2623 2618 2619
2623 2619 2621
2615 2624 2610
2622 2624 2615
2625 2610 2624
2626 2622 2618
2623 2626 2618
2621 2627 2623
2621 2628 2627
2629 2624 2622
2625 2624 2629
2625 2630 2610
2610 2630 2612
2631 2612 2630
2631 2632 2612
2633 2631 2630
2633 2630 2634
2625 2634 2630
2635 2633 2634
2635 2634 2636
2637 2635 2636
2627 2628 2638
2628 2639 2638
2640 2634 2625
2640 2636 2634
2637 2636 2641
2642 2637 2641
2639 2643 2638
2639 2644 2643
2645 2636 2640
2645 2641 2636
2644 2646 2643
2644 2647 2646
2648 2646 2647
2648 2647 2649
2649 2650 2648
2649 2651 2650
2651 2652 2650
2651 2653 2652
2653 2654 2652
2655 2652 2654
2655 2650 2652
2655 2654 2656
2657 2655 2656
2658 2648 2650
2655 2658 2650
2657 2659 2655
2659 2658 2655
2660 2659 2657
2660 2661 2659
2659 2661 2658
2662 2661 2660
2662 2663 2661
2663 2658 2661
2664 2663 2662
2658 2665 2648
2663 2665 2658
2665 2646 2648
2664 2666 2663
2666 2665 2663
2664 2667 2666
2665 2668 2646
2666 2668 2665
2668 2643 2646
2668 2669 2643
2669 2638 2643
2670 2668 2666
2670 2669 2668
2671 2666 2667
2671 2670 2666
2669 2672 2638
2627 2638 2672
2672 2673 2627
2673 2623 2627
2673 2626 2623
2669 2674 2672
2673 2672 2674
2670 2675 2669
2669 2675 2674
2670 2676 2675
2670 2671 2676
2676 2674 2675
2677 2626 2673
2673 2674 2677
2676 2678 2674
2677 2674 2678
2679 2671 2667
2679 2667 2680
2679 2680 2681
2640 2676 2671
2640 2678 2676
2645 2640 2671
2645 2671 2679
2625 2678 2640
2625 2682 2678
2677 2678 2682
2625 2629 2682
2629 2677 2682
2677 2683 2626
2629 2683 2677
2626 2683 2622
2629 2622 2683
2679 2681 2684
2679 2684 2645
2685 2684 2681
2685 2681 2686
2687 2645 2684
2687 2684 2685
2687 2641 2645
2688 2685 2686
2685 2688 2687
2688 2686 2689
2690 2688 2689
2690 2689 2691
2692 2688 2690
2692 2687 2688
2687 2693 2641
2692 2693 2687
2642 2641 2693
2692 2642 2693
2692 2694 2642
2695 2696 2697
2698 2695 2697
2698 2699 2695
2698 2697 2700
2698 2701 2699
2698 2700 2702
2703 2701 2698
2698 2702 2704
2703 2698 2705
2698 2704 2706
2705 2698 2707
2698 2706 2707
2708 2709 2710
2711 2708 2710
2712 2711 2710
2711 2713 2708
2712 2714 2711
2714 2713 2711
2715 2714 2712
2714 2716 2713
2715 2717 2714
2717 2716 2714
2718 2717 2715
2718 2719 2717
2717 2720 2716
2719 2720 2717
2719 2721 2720
2722 2719 2718
2719 2723 2721
2722 2724 2719
2725 2724 2722
2719 2726 2723
2719 2724 2726
2727 2723 2726
2727 2726 2728
2728 2729 2727
2725 2730 2724
2724 2730 2731
2732 2730 2725
2733 2726 2724
2733 2728 2726
2724 2731 2733
2728 2734 2729
2735 2729 2734
2732 2736 2730
2736 2731 2730
2732 2737 2736
2737 2731 2736
2732 2738 2737
2737 2739 2731
2737 2740 2739
2738 2740 2737
2738 2741 2740
2728 2742 2734
2728 2733 2742
2734 2743 2735
2734 2742 2743
2743 2744 2735
2743 2745 2744
2746 2744 2745
2746 2745 2747
2745 2748 2747
2743 2749 2745
2745 2749 2748
2743 2742 2749
2750 2748 2749
2742 2750 2749
2750 2751 2748
2750 2752 2751
2742 2753 2750
2750 2753 2752
2733 2753 2742
2753 2754 2752
2733 2755 2753
2753 2755 2754
2731 2755 2733
2755 2756 2754
2731 2757 2755
2755 2757 2756
2758 2756 2757
2739 2757 2731
2758 2757 2759
2739 2759 2757
2759 2760 2758
2759 2761 2760
2762 2761 2759
2762 2759 2739
2739 2763 2764
2739 2765 2763
2739 2766 2765
2740 2766 2739
2740 2767 2766
2741 2767 2740
2741 2768 2767
2768 2741 2769
2768 2770 2767
2766 2767 2770
2769 2771 2768
2768 2771 2770
2769 2772 2771
2772 2773 2771
2770 2771 2773
2772 2774 2773
2770 2773 2775
2775 2766 2770
2773 2776 2775
2775 2777 2766
2776 2777 2775
2765 2766 2777
2776 2778 2777
2779 2777 2778
2765 2777 2780
2779 2780 2777
2763 2765 2780
2763 2780 2779
2763 2779 2781
2782 2783 2784
2782 2785 2783
2786 2783 2785
2786 2785 2787
2786 2787 2788
2785 2789 2787
2782 2790 2785
2785 2790 2789
2791 2789 2790
2782 2792 2790
2791 2790 2792
2791 2793 2789
2791 2792 2794
2791 2795 2793
2791 2794 2796
2791 2797 2795
2791 2796 2797
2797 2798 2795
2799 2797 2796
2799 2796 2800
2797 2801 2798
2797 2799 2801
2801 2802 2798
2803 2799 2800
2803 2800 2804
2801 2805 2802
2805 2806 2802
2807 2801 2799
2807 2799 2803
2808 2803 2804
2808 2804 2809
2808 2809 2810
2805 2811 2806
2811 2812 2806
2813 2805 2801
2813 2801 2807
2808 2810 2814
2814 2810 2815
2814 2815 2816
2808 2814 2816
2808 2816 2817
2803 2808 2817
2803 2817 2818
2807 2803 2818
2807 2818 2819
2807 2819 2820
2807 2820 2813
2813 2820 2821
2805 2813 2822
2813 2821 2822
2822 2821 2823
2805 2822 2811
2822 2823 2824
2811 2822 2824
2824 2823 2825
2811 2824 2826
2824 2825 2826
2811 2826 2812
2826 2825 2827
2826 2827 2812
2828 2829 2830
2828 2831 2829
2831 2828 2832
2831 2832 2833
2831 2833 2834
2835 2829 2831
2835 2831 2834
2835 2836 2829
2837 2835 2834
2835 2838 2836
2835 2837 2838
2839 2840 2841
2839 2841 2842
2843 2842 2841
2843 2841 2844
2845 2843 2844
2845 2844 2846
2847 2845 2846
2847 2846 2848
2849 2847 2848
2849 2848 2850
2851 2849 2850
2851 2850 2852
2853 2854 2855
2853 2855 2856
2857 2853 2856
2858 2856 2855
2857 2856 2859
2858 2860 2856
2861 2859 2856
2861 2856 2860
2862 2863 2864
2862 2864 2865
2866 2862 2865
2867 2865 2864
2866 2865 2868
2867 2869 2865
2865 2870 2868
2865 2869 2870
2871 2872 2873
2871 2873 2874
2875 2871 2874
2875 2874 2876
2877 2875 2876
2877 2876 2878
2879 2877 2878
2879 2878 2880
2881 2879 2880
2881 2880 2882
2882 2883 2881
2884 2885 2886
2884 2886 2887
2887 2886 2888
2889 2884 2887
2888 2890 2887
2888 2891 2890
2891 2892 2890
2887 2893 2889
2887 2890 2893
2894 2890 2892
2894 2893 2890
2895 2889 2893
2894 2895 2893
2895 2896 2889
2897 2895 2894
2894 2892 2898
2897 2894 2898
2898 2899 2897
2898 2892 2900
2898 2900 2899
2900 2901 2899
2900 2902 2901
2900 2903 2902
2904 2902 2903
2904 2903 2905
2906 2905 2903
2906 2903 2907
2907 2903 2900
2907 2900 2908
2909 2910 2911
2909 2911 2912
2913 2909 2912
2912 2911 2914
2915 2913 2912
2915 2916 2913
2915 2917 2916
2918 2912 2914
2918 2915 2912
2915 2919 2917
2915 2918 2919
2920 2918 2914
2919 2918 2920
2920 2914 2921
2919 2920 2922
2917 2919 2923
2919 2922 2923
2923 2922 2924
2917 2923 2925
2923 2924 2925
2924 2926 2925
2925 2926 2927
2925 2927 2928
2928 2927 2929
2928 2929 2930
2928 2930 2931
2928 2931 2932
2925 2928 2932
2925 2932 2933
2934 2935 2936
2934 2937 2935
2938 2937 2934
2939 2935 2937
2938 2940 2937
2939 2937 2941
2937 2940 2942
2937 2942 2941
2943 2944 2945
2943 2945 2946
2947 2943 2946
2948 2946 2945
2947 2946 2949
2948 2950 2946
2951 2949 2946
2951 2946 2950
2952 2953 2954
2955 2952 2954
2955 2954 2956
2955 2957 2952
2956 2958 2955
2955 2959 2957
2955 2958 2960
2955 2961 2959
2955 2960 2962
2955 2963 2961
2962 2964 2955
2955 2964 2963
2965 2966 2967
2965 2967 2968
2969 2965 2968
2969 2968 2970
2969 2970 2971
2969 2971 2972
2972 2971 2973
2972 2973 2974
2973 2975 2974
2973 2976 2975
2974 2975 2977
2978 2975 2976
2979 2977 2975
2978 2980 2975
2979 2975 2980
2980 2978 2981
2982 2979 2980
2980 2981 2983
2980 2983 2982
2984 2985 2986
2984 2986 2987
2984 2987 2988
2987 2986 2989
2988 2987 2990
2988 2990 2991
2990 2987 2992
2987 2989 2992
2989 2993 2992
2990 2992 2994
2993 2994 2992
2989 2995 2993
2993 2996 2994
2997 2993 2995
2998 2996 2993
2997 2999 2993
2998 2993 2999
2999 2997 3000
3001 2998 2999
3001 3002 2998
2999 3000 3003
2999 3003 3001
3003 3000 3004
3005 3002 3001
3005 3006 3002
3003 3004 3007
3007 3004 3008
3009 3001 3003
3009 3005 3001
3010 3006 3005
3010 3011 3006
3012 3011 3010
3007 3008 3013
3013 3008 3014
3015 3003 3007
3015 3009 3003
3012 3010 3016
3016 3017 3012
3016 3018 3017
3010 3018 3016
3010 3019 3018
3005 3019 3010
3005 3020 3019
3009 3020 3005
3009 3021 3020
3009 3022 3021
3009 3015 3022
3015 3023 3022
3007 3024 3015
3015 3024 3023
3024 3025 3023
3007 3013 3024
3024 3026 3025
3013 3026 3024
3026 3027 3025
3013 3028 3026
3026 3028 3027
3013 3014 3028
3029 3027 3028
3029 3028 3014
3030 3031 3032
3030 3033 3031
3033 3030 3034
3033 3034 3035
3036 3035 3034
3036 3034 3037
3038 3036 3037
3038 3037 3039
3038 3039 3040
3038 3040 3041
3039 3042 3040
3040 3043 3041
3040 3042 3044
3040 3045 3043
3040 3044 3045
3046 3043 3045
3045 3044 3047
3045 3048 3046
3045 3047 3048
3049 3050 3051
3049 3052 3050
3052 3049 3053
3052 3053 3054
3055 3054 3053
3055 3053 3056
3057 3055 3056
3057 3056 3058
3057 3058 3059
3057 3059 3060
3058 3061 3059
3059 3062 3060
3059 3061 3063
3059 3064 3062
3059 3063 3064
3065 3062 3064
3064 3063 3066
3064 3067 3065
3064 3066 3067
3068 3069 3070
3068 3070 3071
3068 3071 3072
3071 3070 3073
3071 3073 3074
3071 3074 3075
3071 3075 3076
3071 3076 3077
3071 3078 3072
3079 3071 3077
3079 3078 3071
3079 3080 3078
3081 3082 3083
3084 3082 3081
3084 3085 3082
3086 3085 3084
3086 3084 3087
3084 3081 3087
3081 3088 3087
3089 3090 3091
3089 3091 3092
3092 3091 3093
3092 3093 3094
3095 3094 3093
3095 3093 3096
3097 3095 3096
3097 3096 3098
3097 3098 3099
3097 3099 3100
3098 3101 3099
3099 3102 3100
3099 3101 3103
3099 3104 3102
3099 3103 3104
3105 3102 3104
3104 3103 3106
3104 3107 3105
3104 3106 3107
3108 3109 3110
3108 3111 3109
3111 3108 3112
3111 3112 3113
3114 3113 3112
3114 3112 3115
3116 3114 3115
3116 3115 3117
3116 3117 3118
3116 3118 3119
3117 3120 3118
3118 3121 3119
3118 3120 3122
3118 3123 3121
3118 3122 3123
3124 3121 3123
3123 3122 3125
3123 3126 3124
3123 3125 3126
3127 3128 3129
3127 3129 3130
3130 3129 3131
3130 3131 3132
3133 3132 3131
3133 3131 3134
3135 3133 3134
3135 3134 3136
3135 3136 3137
3135 3137 3138
3136 3139 3137
3137 3140 3138
3137 3139 3141
3137 3142 3140
3137 3141 3142
3143 3140 3142
3142 3141 3144
3142 3145 3143
3142 3144 3145
3146 3147 3148
3149 3146 3148
3148 3150 3149
3149 3150 3151
3149 3151 3152
3149 3152 3146
3152 3153 3146
3154 3155 3156
3155 3154 3157
3155 3157 3158
3158 3159 3155
3158 3157 3160
3158 3161 3159
3158 3160 3161
3162 3163 3164
3162 3164 3165
3165 3164 3166
3165 3166 3167
3167 3166 3168
3167 3168 3169
3169 3168 3170
3169 3170 3171
3171 3170 3172
3171 3172 3173
3174 3173 3172
3174 3172 3175
3176 3177 3178
3176 3178 3179
3180 3181 3182
3180 3182 3183
3184 3185 3186
3184 3186 3187
3188 3189 3190
3188 3190 3191
3192 3193 3194
3192 3194 3195
3196 3197 3198
3196 3198 3199
3200 3201 3202
3200 3202 3203
3204 3205 3206
3204 3206 3207
3208 3204 3207
3208 3207 3209
3208 3209 3210
3208 3210 3211
3211 3210 3212
3211 3212 3213
3212 3214 3213
3212 3215 3214
3213 3214 3216
3217 3214 3215
3218 3216 3214
3217 3219 3214
3218 3214 3219
3219 3217 3220
3221 3218 3219
3219 3220 3222
3219 3222 3221
3223 3224 3225
3223 3225 3226
3227 3223 3226
3227 3226 3228
3227 3228 3229
3227 3229 3230
3230 3229 3231
3230 3231 3232
3231 3233 3232
3231 3234 3233
3232 3233 3235
3236 3233 3234
3237 3235 3233
3236 3238 3233
3237 3233 3238
3238 3236 3239
3240 3237 3238
3238 3239 3241
3238 3241 3240
3242 3243 3244
3242 3244 3245
3246 3242 3245
3246 3245 3247
3246 3247 3248
3246 3248 3249
3249 3248 3250
3249 3250 3251
3250 3252 3251
3250 3253 3252
3251 3252 3254
3255 3252 3253
3256 3254 3252
3255 3257 3252
3256 3252 3257
3257 3255 3258
3259 3256 3257
3257 3258 3260
3257 3260 3259
3261 3262 3263
3262 3261 3264
3262 3264 3265
3265 3264 3266
3265 3266 3267
3267 3266 3268
3267 3268 3269
3269 3268 3270
3269 3270 3271
3271 3270 3272
3271 3272 3273
3274 3275 3276
3274 3276 3277
3278 3274 3277
3278 3277 3279
3278 3279 3280
3278 3280 3281
3281 3280 3282
3281 3282 3283
3282 3284 3283
3282 3285 3284
3283 3284 3286
3287 3284 3285
3288 3286 3284
3287 3289 3284
3288 3284 3289
3289 3287 3290
3291 3288 3289
3289 3290 3292
3289 3292 3291
3293 3294 3295
3293 3295 3296
3297 3293 3296
3297 3296 3298
3297 3298 3299
3297 3299 3300
3300 3299 3301
3300 3301 3302
3301 3303 3302
3301 3304 3303
3302 3303 3305
3306 3303 3304
3307 3305 3303
3306 3308 3303
3307 3303 3308
3308 3306 3309
3310 3307 3308
3308 3309 3311
3308 3311 3310
3312 3313 3314
3315 3312 3314
3315 3314 3316
3316 3317 3315
3318 3316 3314
3316 3319 3317
3318 3319 3316
3320 3321 3322
3320 3323 3321
3320 3322 3324
3320 3325 3323
3320 3324 3326
3326 3324 3327
3320 3328 3325
3328 3320 3326
3328 3329 3325
3328 3330 3329
3328 3326 3330
3330 3331 3329
3330 3332 3331
3326 3332 3330
3332 3333 3331
3326 3327 3334
3326 3334 3332
3334 3327 3335
3332 3336 3333
3336 3332 3334
3333 3336 3337
3334 3335 3338
3338 3336 3334
3338 3335 3339
3338 3339 3340
3338 3340 3341
3340 3339 3342
3338 3343 3336
3338 3341 3343
3336 3344 3337
3336 3343 3344
3340 3342 3345
3345 3341 3340
3337 3344 3346
3337 3346 3347
3348 3347 3346
3348 3346 3349
3350 3348 3349
3350 3349 3351
3352 3351 3349
3352 3349 3346
3344 3352 3346
3344 3353 3352
3343 3354 3344
3353 3344 3354
3343 3341 3354
3353 3354 3355
3355 3354 3341
3355 3341 3356
3356 3341 3357
3356 3357 3358
3345 3357 3341
3359 3358 3357
3345 3359 3357
3359 3360 3358
3359 3361 3360
3345 3362 3359
3342 3362 3345
3342 3363 3362
3364 3362 3363
3359 3365 3361
3362 3365 3359
3366 3361 3365
3364 3367 3362
3362 3367 3365
3366 3365 3367
3367 3364 3368
3367 3369 3366
3367 3368 3369
3370 3371 3372
3373 3372 3371
3373 3374 3372
3370 3372 3375
3372 3374 3376
3372 3377 3375
3372 3376 3377
3377 3378 3375
3379 3377 3376
3377 3380 3378
3377 3379 3380
3381 3382 3383
3384 3383 3382
3384 3385 3383
3381 3383 3386
3387 3383 3385
3386 3383 3388
3387 3388 3383
3386 3388 3389
3390 3388 3387
3388 3391 3389
3388 3390 3391
3392 3393 3394
3392 3395 3393
3396 3393 3395
3396 3397 3393
3398 3394 3393
3399 3393 3397
3398 3393 3400
3399 3400 3393
3400 3401 3398
3402 3400 3399
3400 3402 3401
3403 3404 3405
3403 3405 3406
3406 3407 3403
3404 3403 3408
3404 3408 3409
3410 3403 3407
3410 3408 3403
3410 3407 3411
3410 3411 3412
3413 3409 3408
3410 3413 3408
3413 3414 3409
3413 3415 3414
3410 3412 3416
3413 3410 3416
3413 3417 3415
3413 3416 3417
3418 3417 3416
3417 3419 3415
3417 3418 3419
3418 3420 3419
3412 3421 3416
3418 3416 3421
3412 3422 3421
3423 3421 3422
3423 3418 3421
3423 3422 3424
3418 3425 3420
3425 3426 3420
3425 3418 3427
3423 3427 3418
3425 3428 3426
3425 3427 3428
3428 3429 3426
3430 3423 3424
3430 3424 3431
3432 3427 3423
3428 3427 3432
3432 3423 3430
3433 3430 3431
3433 3431 3434
3430 3435 3432
3435 3430 3433
3436 3433 3434
3436 3434 3437
3436 3437 3438
3436 3438 3439
3436 3439 3440
3436 3440 3441
3441 3433 3436
3441 3440 3442
3441 3443 3433
3441 3442 3443
3435 3433 3443
3443 3442 3444
3443 3444 3435
3435 3444 3445
3435 3445 3432
3445 3446 3432
3428 3432 3446
3447 3428 3446
3447 3446 3448
3428 3447 3429
3447 3448 3449
3450 3429 3447
3447 3449 3450
3450 3451 3429
3450 3449 3452
3450 3452 3451
3453 3454 3455
3453 3455 3456
3457 3454 3453
3456 3458 3453
3457 3453 3459
3458 3459 3453
3460 3457 3459
3458 3461 3459
3460 3459 3462
3463 3459 3461
3463 3462 3459
3464 3465 3466
3464 3467 3465
3468 3465 3467
3469 3466 3465
3468 3470 3465
3471 3469 3465
3471 3465 3470
3472 3469 3471
3470 3473 3471
3471 3474 3472
3471 3473 3474
3475 3476 3477
3475 3478 3476
3479 3476 3478
3480 3477 3476
3479 3481 3476
3482 3480 3476
3482 3476 3481
3483 3480 3482
3481 3484 3482
3482 3485 3483
3482 3484 3485
16384
0 7962
7962 4230
32768
AMesh_Ride_FengHuang_01_0
AMesh_Ride_FengHuang_01_1
64
1 0 0 0
1 0 0 0
1 0 0 0
0.6 0.4 0 0
0.6 0.4 0 0
0.6 0.4 0 0
0.6 0.4 0 0
0.6 0.4 0 0
0.6 0.4 0 0
0.6 0.4 0 0
0.6 0.4 0 0
0.6 0.4 0 0
0.6 0.4 0 0
0.6 0.4 0 0
0.6 0.4 0 0
0.6 0.4 0 0
0.6 0.4 0 0
0.6 0.4 0 0
0.6 0.4 0 0
0.6 0.4 0 0
0.6 0.4 0 0
0.6 0.4 0 0
0.6 0.4 0 0
0.6 0.4 0 0
0.6 0.4 0 0
0.6 0.4 0 0
0.6 0.4 0 0
0.6 0.4 0 0
0.6 0.4 0 0
0.6 0.4 0 0
0.6 0.4 0 0
0.6 0.4 0 0
0.6 0.4 0 0
0.6 0.4 0 0
0.6 0.4 0 0
0.6862745 0.3137255 0 0
0.9529412 0.04705882 0 0
0.9411765 0.05882353 0 0
0.9411765 0.05882353 0 0
0.5254902 0.4745098 0 0
0.6862745 0.3137255 0 0
0.9686275 0.03137255 0 0
0.9411765 0.05882353 0 0
0.9529412 0.04705882 0 0
0.6862745 0.3137255 0 0
0.5254902 0.4745098 0 0
0.5019608 0.4980392 0 0
0.7529412 0.2470588 0 0
0.6862745 0.3137255 0 0
0.5019608 0.4980392 0 0
0.6862745 0.3137255 0 0
0.7529412 0.2470588 0 0
0.9686275 0.03137255 0 0
0.9686275 0.03137255 0 0
0.9529412 0.04705882 0 0
0.6862745 0.3137255 0 0
1 0 0 0
1 0 0 0
1 0 0 0
1 0 0 0
1 0 0 0
1 0 0 0
1 0 0 0
1 0 0 0
0.5019608 0.4980392 0 0
0.5019608 0.4980392 0 0
0.5254902 0.4745098 0 0
1 0 0 0
0.9411765 0.05882353 0 0
0.9686275 0.03137255 0 0
1 0 0 0
1 0 0 0
1 0 0 0
0.9411765 0.05882353 0 0
1 0 0 0
1 0 0 0
1 0 0 0
1 0 0 0
1 0 0 0
1 0 0 0
1 0 0 0
1 0 0 0
1 0 0 0
1 0 0 0
1 0 0 0
1 0 0 0
1 0 0 0
1 0 0 0
1 0 0 0
1 0 0 0
1 0 0 0
1 0 0 0
0.6862745 0.3137255 0 0
0.5254902 0.4745098 0 0
0.9411765 0.05882353 0 0
1 0 0 0
1 0 0 0
1 0 0 0
0.9411765 0.05882353 0 0
0.9529412 0.04705882 0 0
0.6862745 0.3137255 0 0
1 0 0 0
0.9686275 0.03137255 0 0
0.9411765 0.05882353 0 0
0.9686275 0.03137255 0 0
0.9529412 0.04705882 0 0
0.9411765 0.05882353 0 0
0.9411765 0.05882353 0 0
1 0 0 0
1 0 0 0
0.6862745 0.3137255 0 0
0.5019608 0.4980392 0 0
0.5254902 0.4745098 0 0
0.5019608 0.4980392 0 0
1 0 0 0
1 0 0 0
0.7529412 0.2470588 0 0
0.5019608 0.4980392 0 0
0.6862745 0.3137255 0 0
1 0 0 0
0.5254902 0.4745098 0 0
0.5019608 0.4980392 0 0
0.6862745 0.3137255 0 0
0.9529412 0.04705882 0 0
0.9686275 0.03137255 0 0
1 0 0 0
1 0 0 0
1 0 0 0
0.9686275 0.03137255 0 0
0.7529412 0.2470588 0 0
0.6862745 0.3137255 0 0
1 0 0 0
1 0 0 0
1 0 0 0
1 0 0 0
1 0 0 0
1 0 0 0
1 0 0 0
1 0 0 0
1 0 0 0
1 0 0 0
1 0 0 0
1 0 0 0
1 0 0 0
1 0 0 0
0.5529412 0.4470589 0 0
0.5529412 0.4470589 0 0
1 0 0 0
1 0 0 0
1 0 0 0
1 0 0 0
1 0 0 0
1 0 0 0
1 0 0 0
1 0 0 0
1 0 0 0
1 0 0 0
1 0 0 0
1 0 0 0
1 0 0 0
1 0 0 0
1 0 0 0
1 0 0 0
0.4352941 0.372549 0.1921569 0
0.4901961 0.3058824 0.2039216 0
0.9019608 0.09803922 0 0
0.9019608 0.09803922 0 0
0.5529412 0.4470589 0 0
0.5529412 0.4470589 0 0
0.7529412 0.2470588 0 0
0.7529412 0.2470588 0 0
0.5058824 0.2470588 0.2470588 0
0.5058824 0.2470588 0.2470588 0
0.5019608 0.4980392 0 0
0.5019608 0.4980392 0 0
1 0 0 0
1 0 0 0
1 0 0 0
1 0 0 0
1 0 0 0
1 0 0 0
1 0 0 0
1 0 0 0
1 0 0 0
1 0 0 0
1 0 0 0
1 0 0 0
1 0 0 0
1 0 0 0
1 0 0 0
1 0 0 0
1 0 0 0
1 0 0 0
1 0 0 0
1 0 0 0
1 0 0 0
1 0 0 0
1 0 0 0
1 0 0 0
1 0 0 0
1 0 0 0
1 0 0 0
1 0 0 0
1 0 0 0
1 0 0 0
1 0 0 0
1 0 0 0
1 0 0 0
0.9686275 0.03137255 0 0
1 0 0 0
1 0 0 0
1 0 0 0
0.7529412 0.2470588 0 0
0.5019608 0.4980392 0 0
1 0 0 0
1 0 0 0
1 0 0 0
1 0 0 0
1 0 0 0
1 0 0 0
1 0 0 0
1 0 0 0
1 0 0 0
1 0 0 0
1 0 0 0
1 0 0 0
1 0 0 0
1 0 0 0
1 0 0 0
0.9568627 0.04313726 0 0
0.9019608 0.09803922 0 0
0.9686275 0.03137255 0 0
1 0 0 0
1 0 0 0
1 0 0 0
1 0 0 0
1 0 0 0
0.7411765 0.2588235 0 0
1 0 0 0
0.5960785 0.3647059 0.03921569 0
0.5529412 0.4470589 0 0
0.5019608 0.4980392 0 0
1 0 0 0
1 0 0 0
1 0 0 0
1 0 0 0
1 0 0 0
1 0 0 0
1 0 0 0
1 0 0 0
1 0 0 0
0.5019608 0.4980392 0 0
1 0 0 0
0.5960785 0.3647059 0.03921569 0
0.7411765 0.2588235 0 0
1 0 0 0
0.6509804 0.3490196 0 0
1 0 0 0
1 0 0 0
0.5019608 0.4980392 0 0
0.5019608 0.4980392 0 0
1 0 0 0
0.5019608 0.4980392 0 0
0.5019608 0.4980392 0 0
0.5019608 0.4980392 0 0
0.7529412 0.2470588 0 0
0.7529412 0.2470588 0 0
0.5019608 0.4980392 0 0
0.5529412 0.4470589 0 0
0.6509804 0.3490196 0 0
0.5529412 0.4470589 0 0
0.5058824 0.2470588 0.2470588 0
0.5019608 0.4980392 0 0
0.7529412 0.2470588 0 0
0.7529412 0.2470588 0 0
0.7529412 0.2470588 0 0
0.7529412 0.2470588 0 0
0.5019608 0.4980392 0 0
0.7019608 0.2980392 0 0
0.5019608 0.4980392 0 0
0.5019608 0.4980392 0 0
0.7019608 0.2980392 0 0
0.5019608 0.4980392 0 0
0.7019608 0.2980392 0 0
0.5529412 0.4470589 0 0
0.6509804 0.3490196 0 0
0.6509804 0.3490196 0 0
0.5529412 0.4470589 0 0
0.6509804 0.3490196 0 0
0.5058824 0.2470588 0.2470588 0
0.5058824 0.2470588 0.2470588 0
0.5019608 0.4980392 0 0
0.5019608 0.4980392 0 0
0.7529412 0.2470588 0 0
0.7529412 0.2470588 0 0
0.7529412 0.2470588 0 0
0.7529412 0.2470588 0 0
0.5019608 0.4980392 0 0
0.5019608 0.4980392 0 0
0.5019608 0.4980392 0 0
0.6509804 0.3490196 0 0
0.7529412 0.2470588 0 0
0.7529412 0.2470588 0 0
0.5019608 0.4980392 0 0
0.6509804 0.3490196 0 0
1 0 0 0
1 0 0 0
1 0 0 0
1 0 0 0
0.427451 0.3686275 0.2039216 0
1 0 0 0
0.6509804 0.3490196 0 0
1 0 0 0
0.7411765 0.2588235 0 0
0.6509804 0.3490196 0 0
0.5490196 0.3686275 0.08235294 0
0.6509804 0.3490196 0 0
0.5843138 0.4156863 0 0
0.5019608 0.4980392 0 0
0.5019608 0.4980392 0 0
0.7529412 0.2470588 0 0
0.7529412 0.2470588 0 0
0.7529412 0.2470588 0 0
0.7529412 0.2470588 0 0
0.5019608 0.4980392 0 0
0.5019608 0.4980392 0 0
0.5058824 0.2470588 0.2470588 0
0.5058824 0.2470588 0.2470588 0
0.5058824 0.2470588 0.2470588 0
0.5529412 0.4470589 0 0
0.5529412 0.4470589 0 0
0.5529412 0.4470589 0 0
0.6509804 0.3490196 0 0
0.6509804 0.3490196 0 0
0.6509804 0.3490196 0 0
0.6509804 0.3490196 0 0
0.6509804 0.3490196 0 0
0.6509804 0.3490196 0 0
0.6509804 0.3490196 0 0
0.6509804 0.3490196 0 0
0.6509804 0.3490196 0 0
0.6509804 0.3490196 0 0
0.6509804 0.3490196 0 0
0.5529412 0.4470589 0 0
0.6509804 0.3490196 0 0
0.5529412 0.4470589 0 0
0.5058824 0.2470588 0.2470588 0
0.6509804 0.3490196 0 0
0.6509804 0.3490196 0 0
0.6509804 0.3490196 0 0
0.5058824 0.2470588 0.2470588 0
0.5019608 0.4980392 0 0
0.5529412 0.4470589 0 0
0.5019608 0.4980392 0 0
0.7529412 0.2470588 0 0
0.5529412 0.4470589 0 0
0.6509804 0.3490196 0 0
0.5058824 0.2470588 0.2470588 0
0.7529412 0.2470588 0 0
0.7529412 0.2470588 0 0
0.5529412 0.4470589 0 0
0.6509804 0.3490196 0 0
0.5058824 0.2470588 0.2470588 0
0.5058824 0.2470588 0.2470588 0
0.5019608 0.4980392 0 0
0.5019608 0.4980392 0 0
0.5019608 0.4980392 0 0
0.7529412 0.2470588 0 0
0.7529412 0.2470588 0 0
0.7529412 0.2470588 0 0
0.7529412 0.2470588 0 0
0.7529412 0.2470588 0 0
0.7529412 0.2470588 0 0
0.7529412 0.2470588 0 0
0.5019608 0.4980392 0 0
0.5019608 0.4980392 0 0
0.5019608 0.4980392 0 0
0.6509804 0.3490196 0 0
0.5019608 0.4980392 0 0
0.5019608 0.4980392 0 0
0.6509804 0.3490196 0 0
0.6509804 0.3490196 0 0
0.6509804 0.3490196 0 0
1 0 0 0
1 0 0 0
1 0 0 0
1 0 0 0
0.4588235 0.3490196 0.1921569 0
1 0 0 0
0.6509804 0.3490196 0 0
1 0 0 0
0.7411765 0.2588235 0 0
0.5647059 0.3803922 0.05490196 0
0.5843138 0.4156863 0 0
0.6 0.4 0 0
0.6 0.4 0 0
0.6 0.4 0 0
0.6 0.4 0 0
0.6 0.4 0 0
0.6 0.4 0 0
0.5019608 0.4980392 0 0
0.5019608 0.4980392 0 0
0.6509804 0.3490196 0 0
0.6509804 0.3490196 0 0
0.5019608 0.4980392 0 0
0.6509804 0.3490196 0 0
0.5019608 0.4980392 0 0
0.6 0.4 0 0
0.6509804 0.3490196 0 0
0.5019608 0.4980392 0 0
0.6509804 0.3490196 0 0
0.6 0.4 0 0
0.6509804 0.3490196 0 0
0.454902 0.4470588 0.09803922 0
0.6 0.4 0 0
0.454902 0.4470588 0.09803922 0
0.5019608 0.4980392 0 0
1 0 0 0
1 0 0 0
1 0 0 0
1 0 0 0
1 0 0 0
1 0 0 0
1 0 0 0
0.5019608 0.4980392 0 0
0.5019608 0.4980392 0 0
0.5019608 0.4980392 0 0
0.7529412 0.2470588 0 0
0.7529412 0.2470588 0 0
0.7529412 0.2470588 0 0
0.7529412 0.2470588 0 0
0.5019608 0.4980392 0 0
0.5529412 0.4470589 0 0
0.5058824 0.2470588 0.2470588 0
0.5529412 0.4470589 0 0
0.5019608 0.4980392 0 0
0.6509804 0.3490196 0 0
0.7019608 0.2980392 0 0
0.5019608 0.4980392 0 0
0.5019608 0.4980392 0 0
0.7019608 0.2980392 0 0
0.5019608 0.4980392 0 0
0.7019608 0.2980392 0 0
0.5019608 0.4980392 0 0
0.7019608 0.2980392 0 0
0.5019608 0.4980392 0 0
0.7019608 0.2980392 0 0
0.5019608 0.4980392 0 0
0.5019608 0.4980392 0 0
0.6509804 0.3490196 0 0
0.6509804 0.3490196 0 0
0.5019608 0.4980392 0 0
0.6509804 0.3490196 0 0
0.6509804 0.3490196 0 0
0.6509804 0.3490196 0 0
0.6509804 0.3490196 0 0
0.6509804 0.3490196 0 0
0.6509804 0.3490196 0 0
0.6509804 0.3490196 0 0
0.5019608 0.4980392 0 0
0.6509804 0.3490196 0 0
0.6 0.4 0 0
0.5019608 0.4980392 0 0
0.6509804 0.3490196 0 0
0.6509804 0.3490196 0 0
0.6509804 0.3490196 0 0
0.6509804 0.3490196 0 0
0.6 0.4 0 0
0.454902 0.4470588 0.09803922 0
0.6 0.4 0 0
0.454902 0.4470588 0.09803922 0
0.7019608 0.2980392 0 0
1 0 0 0
1 0 0 0
0.7019608 0.2980392 0 0
0.7019608 0.2980392 0 0
1 0 0 0
0.7019608 0.2980392 0 0
0.7019608 0.2980392 0 0
1 0 0 0
1 0 0 0
0.7019608 0.2980392 0 0
0.7019608 0.2980392 0 0
1 0 0 0
0.7019608 0.2980392 0 0
1 0 0 0
1 0 0 0
1 0 0 0
1 0 0 0
1 0 0 0
1 0 0 0
1 0 0 0
1 0 0 0
1 0 0 0
1 0 0 0
1 0 0 0
1 0 0 0
1 0 0 0
1 0 0 0
1 0 0 0
1 0 0 0
1 0 0 0
1 0 0 0
1 0 0 0
1 0 0 0
1 0 0 0
1 0 0 0
1 0 0 0
1 0 0 0
1 0 0 0
1 0 0 0
1 0 0 0
1 0 0 0
1 0 0 0
1 0 0 0
1 0 0 0
1 0 0 0
1 0 0 0
1 0 0 0
1 0 0 0
1 0 0 0
1 0 0 0
1 0 0 0
1 0 0 0
1 0 0 0
1 0 0 0
1 0 0 0
1 0 0 0
1 0 0 0
1 0 0 0
1 0 0 0
1 0 0 0
1 0 0 0
1 0 0 0
1 0 0 0
0.6509804 0.3490196 0 0
0.6509804 0.3490196 0 0
0.6509804 0.3490196 0 0
0.6509804 0.3490196 0 0
0.6509804 0.3490196 0 0
0.6509804 0.3490196 0 0
0.6509804 0.3490196 0 0
0.6509804 0.3490196 0 0
0.6509804 0.3490196 0 0
0.6509804 0.3490196 0 0
0.6509804 0.3490196 0 0
0.6509804 0.3490196 0 0
0.6509804 0.3490196 0 0
0.6509804 0.3490196 0 0
0.6509804 0.3490196 0 0
0.6509804 0.3490196 0 0
1 0 0 0
1 0 0 0
0.7019608 0.2980392 0 0
0.7019608 0.2980392 0 0
0.7019608 0.2980392 0 0
1 0 0 0
0.6039216 0.3960785 0 0
0.5019608 0.4980392 0 0
0.6039216 0.3960785 0 0
0.5019608 0.4980392 0 0
0.6 0.4 0 0
0.5019608 0.4980392 0 0
0.6039216 0.3960785 0 0
0.5019608 0.4980392 0 0
0.6 0.4 0 0
0.6509804 0.3490196 0 0
0.6 0.4 0 0
0.7019608 0.2980392 0 0
0.6509804 0.3490196 0 0
0.7019608 0.2980392 0 0
0.7019608 0.2980392 0 0
1 0 0 0
1 0 0 0
0.6509804 0.3490196 0 0
1 0 0 0
0.5019608 0.4980392 0 0
1 0 0 0
0.7019608 0.2980392 0 0
1 0 0 0
1 0 0 0
1 0 0 0
1 0 0 0
1 0 0 0
1 0 0 0
1 0 0 0
1 0 0 0
1 0 0 0
1 0 0 0
1 0 0 0
1 0 0 0
1 0 0 0
1 0 0 0
1 0 0 0
1 0 0 0
1 0 0 0
1 0 0 0
1 0 0 0
1 0 0 0
1 0 0 0
1 0 0 0
1 0 0 0
1 0 0 0
1 0 0 0
1 0 0 0
1 0 0 0
1 0 0 0
1 0 0 0
1 0 0 0
1 0 0 0
1 0 0 0
1 0 0 0
1 0 0 0
1 0 0 0
1 0 0 0
1 0 0 0
1 0 0 0
1 0 0 0
1 0 0 0
1 0 0 0
1 0 0 0
1 0 0 0
1 0 0 0
1 0 0 0
1 0 0 0
1 0 0 0
1 0 0 0
1 0 0 0
1 0 0 0
1 0 0 0
1 0 0 0
1 0 0 0
1 0 0 0
1 0 0 0
1 0 0 0
1 0 0 0
1 0 0 0
1 0 0 0
1 0 0 0
1 0 0 0
1 0 0 0
1 0 0 0
1 0 0 0
0.5019608 0.4980392 0 0
0.5019608 0.4980392 0 0
1 0 0 0
0.5019608 0.4980392 0 0
1 0 0 0
1 0 0 0
1 0 0 0
1 0 0 0
0.5019608 0.4980392 0 0
1 0 0 0
1 0 0 0
0.5019608 0.4980392 0 0
1 0 0 0
1 0 0 0
1 0 0 0
1 0 0 0
1 0 0 0
1 0 0 0
1 0 0 0
1 0 0 0
1 0 0 0
1 0 0 0
1 0 0 0
1 0 0 0
1 0 0 0
1 0 0 0
1 0 0 0
0.5019608 0.4980392 0 0
1 0 0 0
1 0 0 0
1 0 0 0
1 0 0 0
1 0 0 0
1 0 0 0
1 0 0 0
1 0 0 0
1 0 0 0
1 0 0 0
1 0 0 0
1 0 0 0
1 0 0 0
1 0 0 0
1 0 0 0
1 0 0 0
1 0 0 0
1 0 0 0
1 0 0 0
0.5019608 0.4980392 0 0
1 0 0 0
1 0 0 0
1 0 0 0
1 0 0 0
1 0 0 0
0.5019608 0.4980392 0 0
1 0 0 0
1 0 0 0
1 0 0 0
1 0 0 0
1 0 0 0
1 0 0 0
1 0 0 0
1 0 0 0
1 0 0 0
1 0 0 0
1 0 0 0
1 0 0 0
1 0 0 0
1 0 0 0
1 0 0 0
1 0 0 0
1 0 0 0
1 0 0 0
1 0 0 0
1 0 0 0
1 0 0 0
1 0 0 0
1 0 0 0
1 0 0 0
1 0 0 0
1 0 0 0
1 0 0 0
1 0 0 0
1 0 0 0
1 0 0 0
1 0 0 0
1 0 0 0
1 0 0 0
1 0 0 0
1 0 0 0
1 0 0 0
1 0 0 0
1 0 0 0
1 0 0 0
1 0 0 0
1 0 0 0
1 0 0 0
1 0 0 0
1 0 0 0
1 0 0 0
1 0 0 0
1 0 0 0
1 0 0 0
1 0 0 0
1 0 0 0
1 0 0 0
1 0 0 0
1 0 0 0
1 0 0 0
1 0 0 0
1 0 0 0
1 0 0 0
1 0 0 0
1 0 0 0
1 0 0 0
1 0 0 0
1 0 0 0
1 0 0 0
1 0 0 0
1 0 0 0
1 0 0 0
1 0 0 0
1 0 0 0
1 0 0 0
1 0 0 0
1 0 0 0
1 0 0 0
1 0 0 0
1 0 0 0
1 0 0 0
1 0 0 0
1 0 0 0
1 0 0 0
1 0 0 0
1 0 0 0
1 0 0 0
1 0 0 0
1 0 0 0
1 0 0 0
1 0 0 0
1 0 0 0
1 0 0 0
1 0 0 0
1 0 0 0
1 0 0 0
1 0 0 0
1 0 0 0
1 0 0 0
1 0 0 0
1 0 0 0
1 0 0 0
1 0 0 0
1 0 0 0
1 0 0 0
1 0 0 0
1 0 0 0
1 0 0 0
1 0 0 0
1 0 0 0
1 0 0 0
1 0 0 0
1 0 0 0
1 0 0 0
1 0 0 0
1 0 0 0
1 0 0 0
1 0 0 0
1 0 0 0
1 0 0 0
1 0 0 0
1 0 0 0
1 0 0 0
1 0 0 0
1 0 0 0
1 0 0 0
1 0 0 0
1 0 0 0
1 0 0 0
1 0 0 0
1 0 0 0
1 0 0 0
1 0 0 0
1 0 0 0
1 0 0 0
1 0 0 0
1 0 0 0
1 0 0 0
1 0 0 0
0.6039216 0.3960785 0 0
0.6039216 0.3960785 0 0
1 0 0 0
0.4784314 0.2862745 0.2352941 0
0.4196078 0.4078431 0.172549 0
1 0 0 0
0.5019608 0.4980392 0 0
1 0 0 0
0.5921568 0.3254902 0.08235294 0
0.6784313 0.3098039 0.01176471 0
0.5098039 0.4705882 0.01960784 0
1 0 0 0
0.5019608 0.4980392 0 0
0.5019608 0.4980392 0 0
1 0 0 0
0.6039216 0.3960785 0 0
0.6784313 0.3098039 0.01176471 0
1 0 0 0
0.854902 0.145098 0 0
1 0 0 0
0.6039216 0.3960785 0 0
0.7333333 0.2666667 0 0
0.5098039 0.4705882 0.01960784 0
0.6705882 0.317647 0.01176471 0
0.8196079 0.1803922 0 0
0.6431373 0.3333333 0.02352941 0
0.8745098 0.1254902 0 0
0.7215686 0.2470588 0.03137255 0
0.5411764 0.3607843 0.09803921 0
0.6431373 0.2431373 0.1137255 0
0.5529411 0.3019608 0.145098 0
0.6235294 0.2901961 0.08627451 0
0.654902 0.3058824 0.03921569 0
1 0 0 0
0.6039216 0.3960785 0 0
1 0 0 0
0.4705882 0.4078431 0.1215686 0
0.4784314 0.2862745 0.2352941 0
1 0 0 0
1 0 0 0
1 0 0 0
1 0 0 0
1 0 0 0
0.5529412 0.4470589 0 0
0.5529412 0.4470589 0 0
1 0 0 0
1 0 0 0
1 0 0 0
1 0 0 0
1 0 0 0
1 0 0 0
0.7411765 0.2588235 0 0
1 0 0 0
1 0 0 0
1 0 0 0
1 0 0 0
0.5019608 0.4980392 0 0
0.5019608 0.4980392 0 0
0.5019608 0.4980392 0 0
0.5019608 0.4980392 0 0
0.5019608 0.4980392 0 0
0.5019608 0.4980392 0 0
0.5019608 0.4980392 0 0
0.5019608 0.4980392 0 0
0.5019608 0.4980392 0 0
0.5019608 0.4980392 0 0
0.5019608 0.4980392 0 0
0.5019608 0.4980392 0 0
0.5019608 0.4980392 0 0
0.5019608 0.4980392 0 0
0.5019608 0.4980392 0 0
0.5019608 0.4980392 0 0
0.5019608 0.4980392 0 0
0.5019608 0.4980392 0 0
0.5019608 0.4980392 0 0
0.5019608 0.4980392 0 0
0.5019608 0.4980392 0 0
0.5019608 0.4980392 0 0
0.5019608 0.4980392 0 0
0.5019608 0.4980392 0 0
0.5019608 0.4980392 0 0
0.5019608 0.4980392 0 0
0.6 0.4 0 0
0.6 0.4 0 0
0.6 0.4 0 0
0.6 0.4 0 0
0.6 0.4 0 0
0.6 0.4 0 0
0.5019608 0.4980392 0 0
0.5019608 0.4980392 0 0
1 0 0 0
1 0 0 0
0.5019608 0.4980392 0 0
0.9058824 0.09411765 0 0
0.9058824 0.09411765 0 0
0.5529412 0.4470589 0 0
0.5529412 0.4470589 0 0
0.5529412 0.4470589 0 0
0.8862745 0.1137255 0 0
1 0 0 0
0.5921569 0.4078432 0 0
0.9098039 0.09019608 0 0
0.9098039 0.09019608 0 0
1 0 0 0
1 0 0 0
1 0 0 0
0.9019608 0.09803922 0 0
0.8705882 0.1294118 0 0
1 0 0 0
0.7372549 0.2627451 0 0
1 0 0 0
0.8941177 0.1058824 0 0
0.7254902 0.2745098 0 0
0.7098039 0.2901961 0 0
0.5019608 0.4980392 0 0
0.7019608 0.2980392 0 0
0.5019608 0.4980392 0 0
0.6509804 0.3490196 0 0
0.6509804 0.3490196 0 0
0.5019608 0.4980392 0 0
0.6509804 0.3490196 0 0
0.5019608 0.4980392 0 0
0.6509804 0.3490196 0 0
0.5019608 0.4980392 0 0
0.6509804 0.3490196 0 0
0.5019608 0.4980392 0 0
0.6509804 0.3490196 0 0
0.5019608 0.4980392 0 0
0.7019608 0.2980392 0 0
0.6509804 0.3490196 0 0
0.5019608 0.4980392 0 0
0.6 0.4 0 0
0.6509804 0.3490196 0 0
0.5019608 0.4980392 0 0
0.6784313 0.2235294 0.09803921 0
0.6784313 0.2235294 0.09803921 0
0.7529412 0.2470588 0 0
0.6352941 0.2666667 0.09803921 0
0.7529412 0.2470588 0 0
0.7529412 0.2470588 0 0
0.7529412 0.2470588 0 0
0.5019608 0.4980392 0 0
0.5019608 0.4980392 0 0
0.5019608 0.4980392 0 0
0.6 0.4 0 0
0.6 0.4 0 0
0.5019608 0.4980392 0 0
0.6 0.4 0 0
0.5019608 0.4980392 0 0
0.9176471 0.08235294 0 0
1 0 0 0
1 0 0 0
0.9921569 0.007843138 0 0
0.8352941 0.1098039 0.05490196 0
0.7019608 0.2980392 0 0
0.7529412 0.2470588 0 0
0.7529412 0.2470588 0 0
0.7529412 0.2470588 0 0
0.8509804 0.1490196 0 0
0.7019608 0.2980392 0 0
1 0 0 0
1 0 0 0
0.945098 0.05490196 0 0
1 0 0 0
0.7529412 0.2470588 0 0
0.9529412 0.04705882 0 0
0.9254902 0.07450981 0 0
0.8862745 0.1137255 0 0
0.9098039 0.09019608 0 0
1 0 0 0
0.9411765 0.05882353 0 0
1 0 0 0
1 0 0 0
0.972549 0.02745098 0 0
1 0 0 0
0.9803922 0.01960784 0 0
0.8784314 0.1215686 0 0
1 0 0 0
0.9529412 0.04705882 0 0
0.7372549 0.2627451 0 0
0.5411764 0.3607843 0.09803921 0
0.6431373 0.3333333 0.02352941 0
0.6705882 0.317647 0.01176471 0
0.6431373 0.2431373 0.1137255 0
0.5098039 0.4705882 0.01960784 0
0.9176471 0.05490196 0.02745098 0
0.5921568 0.3254902 0.08235294 0
0.6941177 0.1647059 0.1411765 0
0.827451 0.172549 0 0
0.8039216 0.09803922 0.09803922 0
0.572549 0.227451 0.2 0
0.9019608 0.09803922 0 0
0.4196078 0.4078431 0.172549 0
0.8039216 0.09803922 0.09803922 0
0.4784314 0.2862745 0.2352941 0
0.5019608 0.4980392 0 0
0.9019608 0.09803922 0 0
0.6235294 0.2901961 0.08627451 0
0.9019608 0.09803922 0 0
0.5019608 0.4980392 0 0
0.6196079 0.3803922 0 0
0.9019608 0.09803922 0 0
0.5568628 0.4431373 0 0
0.9764706 0.02352941 0 0
0.5019608 0.4980392 0 0
0.5019608 0.4980392 0 0
0.5019608 0.4980392 0 0
0.5019608 0.4980392 0 0
0.5019608 0.4980392 0 0
0.5019608 0.4980392 0 0
0.5019608 0.4980392 0 0
0.5019608 0.4980392 0 0
0.5019608 0.4980392 0 0
0.5019608 0.4980392 0 0
0.5019608 0.4980392 0 0
0.5019608 0.4980392 0 0
0.5019608 0.4980392 0 0
0.5019608 0.4980392 0 0
0.5019608 0.4980392 0 0
0.5019608 0.4980392 0 0
0.5019608 0.4980392 0 0
0.5019608 0.4980392 0 0
0.5019608 0.4980392 0 0
0.5019608 0.4980392 0 0
0.5019608 0.4980392 0 0
0.5019608 0.4980392 0 0
0.5019608 0.4980392 0 0
0.5019608 0.4980392 0 0
0.5019608 0.4980392 0 0
0.5019608 0.4980392 0 0
0.5019608 0.4980392 0 0
0.5019608 0.4980392 0 0
0.5019608 0.4980392 0 0
0.5019608 0.4980392 0 0
0.5019608 0.4980392 0 0
0.5019608 0.4980392 0 0
0.5019608 0.4980392 0 0
0.5019608 0.4980392 0 0
0.5019608 0.4980392 0 0
0.5019608 0.4980392 0 0
0.5019608 0.4980392 0 0
0.7411765 0.2588235 0 0
1 0 0 0
0.6509804 0.3490196 0 0
1 0 0 0
0.6980392 0.2588235 0.04313725 0
1 0 0 0
1 0 0 0
0.5019608 0.4980392 0 0
0.5019608 0.4980392 0 0
1 0 0 0
1 0 0 0
0.5529412 0.4470589 0 0
0.6980392 0.2588235 0.04313725 0
1 0 0 0
1 0 0 0
1 0 0 0
1 0 0 0
1 0 0 0
1 0 0 0
1 0 0 0
0.5019608 0.4980392 0 0
1 0 0 0
1 0 0 0
0.7411765 0.2588235 0 0
1 0 0 0
1 0 0 0
1 0 0 0
0.7529412 0.2470588 0 0
0.9686275 0.03137255 0 0
0.9529412 0.04705882 0 0
1 0 0 0
1 0 0 0
1 0 0 0
1 0 0 0
1 0 0 0
1 0 0 0
1 0 0 0
1 0 0 0
0.9764706 0.02352941 0 0
1 0 0 0
1 0 0 0
1 0 0 0
1 0 0 0
1 0 0 0
1 0 0 0
1 0 0 0
1 0 0 0
1 0 0 0
1 0 0 0
1 0 0 0
1 0 0 0
1 0 0 0
1 0 0 0
1 0 0 0
1 0 0 0
1 0 0 0
1 0 0 0
1 0 0 0
1 0 0 0
1 0 0 0
1 0 0 0
1 0 0 0
1 0 0 0
1 0 0 0
1 0 0 0
1 0 0 0
1 0 0 0
1 0 0 0
1 0 0 0
1 0 0 0
1 0 0 0
1 0 0 0
1 0 0 0
1 0 0 0
1 0 0 0
1 0 0 0
1 0 0 0
1 0 0 0
1 0 0 0
1 0 0 0
1 0 0 0
1 0 0 0
1 0 0 0
1 0 0 0
1 0 0 0
1 0 0 0
1 0 0 0
1 0 0 0
1 0 0 0
1 0 0 0
1 0 0 0
1 0 0 0
0.5529412 0.4470589 0 0
1 0 0 0
0.5529412 0.4470589 0 0
1 0 0 0
1 0 0 0
1 0 0 0
0.4431373 0.3568628 0.2 0
0.5058824 0.282353 0.2117647 0
0.9019608 0.09803922 0 0
0.9019608 0.09803922 0 0
0.5529412 0.4470589 0 0
0.5529412 0.4470589 0 0
0.6509804 0.3490196 0 0
0.6509804 0.3490196 0 0
0.5058824 0.2470588 0.2470588 0
0.5058824 0.2470588 0.2470588 0
0.5019608 0.4980392 0 0
0.5019608 0.4980392 0 0
1 0 0 0
1 0 0 0
1 0 0 0
1 0 0 0
1 0 0 0
1 0 0 0
1 0 0 0
1 0 0 0
1 0 0 0
1 0 0 0
1 0 0 0
1 0 0 0
0.7411765 0.2588235 0 0
0.6509804 0.3490196 0 0
0.6980392 0.2588235 0.04313725 0
0.5019608 0.4980392 0 0
0.5019608 0.4980392 0 0
0.5019608 0.4980392 0 0
0.6 0.4 0 0
0.6 0.4 0 0
0.6 0.4 0 0
0.6 0.4 0 0
0.6 0.4 0 0
0.5019608 0.4980392 0 0
0.5019608 0.4980392 0 0
0.5019608 0.4980392 0 0
0.5019608 0.4980392 0 0
1 0 0 0
0.5019608 0.4980392 0 0
0.5019608 0.4980392 0 0
0.5019608 0.4980392 0 0
0.5019608 0.4980392 0 0
0.5019608 0.4980392 0 0
0.5019608 0.4980392 0 0
0.5019608 0.4980392 0 0
0.5019608 0.4980392 0 0
0.5019608 0.4980392 0 0
0.5019608 0.4980392 0 0
1 0 0 0
0.5019608 0.4980392 0 0
0.5019608 0.4980392 0 0
0.5019608 0.4980392 0 0
0.5019608 0.4980392 0 0
0.5019608 0.4980392 0 0
0.5019608 0.4980392 0 0
0.7019608 0.2980392 0 0
0.7019608 0.2980392 0 0
0.5019608 0.4980392 0 0
0.5019608 0.4980392 0 0
0.7019608 0.2980392 0 0
0.5019608 0.4980392 0 0
0.5019608 0.4980392 0 0
0.7019608 0.2980392 0 0
0.7019608 0.2980392 0 0
0.5019608 0.4980392 0 0
0.5019608 0.4980392 0 0
0.7019608 0.2980392 0 0
0.5019608 0.4980392 0 0
0.7019608 0.2980392 0 0
0.5019608 0.4980392 0 0
0.7019608 0.2980392 0 0
0.5019608 0.4980392 0 0
0.7019608 0.2980392 0 0
0.7019608 0.2980392 0 0
1 0 0 0
1 0 0 0
0.7019608 0.2980392 0 0
0.7019608 0.2980392 0 0
1 0 0 0
0.7019608 0.2980392 0 0
0.7019608 0.2980392 0 0
1 0 0 0
1 0 0 0
0.7019608 0.2980392 0 0
0.7019608 0.2980392 0 0
1 0 0 0
1 0 0 0
1 0 0 0
0.7019608 0.2980392 0 0
0.7019608 0.2980392 0 0
0.7019608 0.2980392 0 0
1 0 0 0
0.5019608 0.4980392 0 0
0.6039216 0.3960785 0 0
0.6039216 0.3960785 0 0
0.5019608 0.4980392 0 0
0.6 0.4 0 0
0.5019608 0.4980392 0 0
0.6039216 0.3960785 0 0
0.5019608 0.4980392 0 0
0.6 0.4 0 0
0.6509804 0.3490196 0 0
0.6 0.4 0 0
0.7019608 0.2980392 0 0
0.6509804 0.3490196 0 0
0.7019608 0.2980392 0 0
0.7019608 0.2980392 0 0
1 0 0 0
1 0 0 0
0.6509804 0.3490196 0 0
0.7019608 0.2980392 0 0
0.5019608 0.4980392 0 0
1 0 0 0
0.7019608 0.2980392 0 0
1 0 0 0
1 0 0 0
1 0 0 0
1 0 0 0
1 0 0 0
1 0 0 0
1 0 0 0
1 0 0 0
1 0 0 0
1 0 0 0
1 0 0 0
1 0 0 0
1 0 0 0
1 0 0 0
1 0 0 0
1 0 0 0
1 0 0 0
1 0 0 0
1 0 0 0
1 0 0 0
1 0 0 0
1 0 0 0
1 0 0 0
1 0 0 0
1 0 0 0
1 0 0 0
1 0 0 0
1 0 0 0
1 0 0 0
1 0 0 0
1 0 0 0
1 0 0 0
1 0 0 0
1 0 0 0
1 0 0 0
1 0 0 0
1 0 0 0
1 0 0 0
1 0 0 0
1 0 0 0
1 0 0 0
1 0 0 0
1 0 0 0
1 0 0 0
1 0 0 0
1 0 0 0
1 0 0 0
1 0 0 0
1 0 0 0
1 0 0 0
1 0 0 0
1 0 0 0
1 0 0 0
1 0 0 0
1 0 0 0
1 0 0 0
1 0 0 0
1 0 0 0
1 0 0 0
1 0 0 0
1 0 0 0
1 0 0 0
1 0 0 0
1 0 0 0
1 0 0 0
1 0 0 0
1 0 0 0
1 0 0 0
1 0 0 0
1 0 0 0
1 0 0 0
1 0 0 0
1 0 0 0
1 0 0 0
1 0 0 0
1 0 0 0
1 0 0 0
1 0 0 0
1 0 0 0
1 0 0 0
1 0 0 0
1 0 0 0
1 0 0 0
1 0 0 0
1 0 0 0
1 0 0 0
1 0 0 0
1 0 0 0
1 0 0 0
1 0 0 0
1 0 0 0
1 0 0 0
1 0 0 0
1 0 0 0
1 0 0 0
1 0 0 0
1 0 0 0
1 0 0 0
1 0 0 0
1 0 0 0
1 0 0 0
1 0 0 0
1 0 0 0
1 0 0 0
1 0 0 0
1 0 0 0
1 0 0 0
1 0 0 0
1 0 0 0
1 0 0 0
1 0 0 0
1 0 0 0
1 0 0 0
1 0 0 0
1 0 0 0
1 0 0 0
1 0 0 0
1 0 0 0
1 0 0 0
1 0 0 0
1 0 0 0
1 0 0 0
1 0 0 0
1 0 0 0
1 0 0 0
1 0 0 0
1 0 0 0
1 0 0 0
1 0 0 0
1 0 0 0
1 0 0 0
1 0 0 0
1 0 0 0
1 0 0 0
1 0 0 0
1 0 0 0
1 0 0 0
1 0 0 0
1 0 0 0
0.5019608 0.4980392 0 0
0.5019608 0.4980392 0 0
0.5019608 0.4980392 0 0
1 0 0 0
1 0 0 0
0.5019608 0.4980392 0 0
1 0 0 0
1 0 0 0
0.5019608 0.4980392 0 0
1 0 0 0
1 0 0 0
1 0 0 0
1 0 0 0
1 0 0 0
1 0 0 0
0.5019608 0.4980392 0 0
1 0 0 0
1 0 0 0
1 0 0 0
1 0 0 0
1 0 0 0
1 0 0 0
1 0 0 0
1 0 0 0
1 0 0 0
1 0 0 0
1 0 0 0
1 0 0 0
1 0 0 0
1 0 0 0
1 0 0 0
1 0 0 0
1 0 0 0
1 0 0 0
1 0 0 0
0.5019608 0.4980392 0 0
1 0 0 0
1 0 0 0
1 0 0 0
1 0 0 0
1 0 0 0
0.5019608 0.4980392 0 0
1 0 0 0
1 0 0 0
1 0 0 0
1 0 0 0
1 0 0 0
1 0 0 0
1 0 0 0
1 0 0 0
1 0 0 0
1 0 0 0
1 0 0 0
1 0 0 0
1 0 0 0
1 0 0 0
1 0 0 0
1 0 0 0
1 0 0 0
1 0 0 0
1 0 0 0
1 0 0 0
1 0 0 0
1 0 0 0
1 0 0 0
1 0 0 0
1 0 0 0
1 0 0 0
1 0 0 0
1 0 0 0
1 0 0 0
1 0 0 0
1 0 0 0
1 0 0 0
1 0 0 0
1 0 0 0
1 0 0 0
1 0 0 0
1 0 0 0
1 0 0 0
1 0 0 0
1 0 0 0
1 0 0 0
1 0 0 0
1 0 0 0
1 0 0 0
1 0 0 0
1 0 0 0
1 0 0 0
1 0 0 0
1 0 0 0
1 0 0 0
1 0 0 0
1 0 0 0
1 0 0 0
1 0 0 0
1 0 0 0
1 0 0 0
1 0 0 0
1 0 0 0
1 0 0 0
1 0 0 0
1 0 0 0
1 0 0 0
1 0 0 0
1 0 0 0
1 0 0 0
1 0 0 0
1 0 0 0
1 0 0 0
1 0 0 0
1 0 0 0
1 0 0 0
1 0 0 0
1 0 0 0
0.5529412 0.4470589 0 0
1 0 0 0
0.5529412 0.4470589 0 0
1 0 0 0
1 0 0 0
1 0 0 0
1 0 0 0
1 0 0 0
0.5019608 0.4980392 0 0
0.5019608 0.4980392 0 0
0.5019608 0.4980392 0 0
0.5019608 0.4980392 0 0
0.5019608 0.4980392 0 0
0.5019608 0.4980392 0 0
0.5019608 0.4980392 0 0
0.5019608 0.4980392 0 0
0.5019608 0.4980392 0 0
0.5019608 0.4980392 0 0
0.5019608 0.4980392 0 0
0.5019608 0.4980392 0 0
0.5019608 0.4980392 0 0
0.5019608 0.4980392 0 0
0.5019608 0.4980392 0 0
0.5019608 0.4980392 0 0
0.5019608 0.4980392 0 0
0.5019608 0.4980392 0 0
0.5019608 0.4980392 0 0
0.5019608 0.4980392 0 0
0.5019608 0.4980392 0 0
0.5019608 0.4980392 0 0
0.5019608 0.4980392 0 0
0.5019608 0.4980392 0 0
0.5019608 0.4980392 0 0
0.5019608 0.4980392 0 0
0.5019608 0.4980392 0 0
0.5490196 0.3686275 0.08235294 0
0.5843138 0.4156863 0 0
0.5019608 0.4980392 0 0
0.7411765 0.2588235 0 0
0.5960785 0.3647059 0.03921569 0
0.454902 0.4470588 0.09803922 0
0.454902 0.4470588 0.09803922 0
0.6 0.4 0 0
0.6 0.4 0 0
0.5019608 0.4980392 0 0
0.6509804 0.3490196 0 0
0.6 0.4 0 0
0.5019608 0.4980392 0 0
0.6509804 0.3490196 0 0
0.6509804 0.3490196 0 0
0.6509804 0.3490196 0 0
0.6509804 0.3490196 0 0
0.5019608 0.4980392 0 0
0.6509804 0.3490196 0 0
0.6509804 0.3490196 0 0
0.6509804 0.3490196 0 0
0.5019608 0.4980392 0 0
0.6509804 0.3490196 0 0
0.6509804 0.3490196 0 0
0.5019608 0.4980392 0 0
0.6509804 0.3490196 0 0
0.6509804 0.3490196 0 0
0.6509804 0.3490196 0 0
0.6509804 0.3490196 0 0
0.5019608 0.4980392 0 0
0.5019608 0.4980392 0 0
0.5019608 0.4980392 0 0
0.5019608 0.4980392 0 0
1 0 0 0
0.5019608 0.4980392 0 0
0.5019608 0.4980392 0 0
0.5019608 0.4980392 0 0
0.5019608 0.4980392 0 0
0.5019608 0.4980392 0 0
0.5019608 0.4980392 0 0
0.5019608 0.4980392 0 0
0.5019608 0.4980392 0 0
0.5019608 0.4980392 0 0
0.5019608 0.4980392 0 0
0.5019608 0.4980392 0 0
0.5019608 0.4980392 0 0
0.5019608 0.4980392 0 0
0.5019608 0.4980392 0 0
0.5019608 0.4980392 0 0
0.5019608 0.4980392 0 0
0.5019608 0.4980392 0 0
0.5019608 0.4980392 0 0
0.5019608 0.4980392 0 0
0.5019608 0.4980392 0 0
0.5019608 0.4980392 0 0
0.5019608 0.4980392 0 0
0.5019608 0.4980392 0 0
0.5019608 0.4980392 0 0
0.5019608 0.4980392 0 0
0.5019608 0.4980392 0 0
0.5019608 0.4980392 0 0
0.5019608 0.4980392 0 0
0.5019608 0.4980392 0 0
0.5019608 0.4980392 0 0
0.5019608 0.4980392 0 0
0.5019608 0.4980392 0 0
0.5019608 0.4980392 0 0
0.5019608 0.4980392 0 0
0.5019608 0.4980392 0 0
0.5019608 0.4980392 0 0
0.5019608 0.4980392 0 0
0.5019608 0.4980392 0 0
0.5019608 0.4980392 0 0
0.5019608 0.4980392 0 0
0.5019608 0.4980392 0 0
0.5019608 0.4980392 0 0
0.6509804 0.3490196 0 0
0.6 0.4 0 0
0.6 0.4 0 0
0.6509804 0.3490196 0 0
0.6 0.4 0 0
1 0 0 0
0.6509804 0.3490196 0 0
1 0 0 0
1 0 0 0
1 0 0 0
0.5019608 0.4980392 0 0
0.7019608 0.2980392 0 0
0.5019608 0.4980392 0 0
0.7019608 0.2980392 0 0
0.7019608 0.2980392 0 0
0.5019608 0.4980392 0 0
0.7019608 0.2980392 0 0
0.5019608 0.4980392 0 0
0.5019608 0.4980392 0 0
0.7019608 0.2980392 0 0
0.7019608 0.2980392 0 0
0.7019608 0.2980392 0 0
0.7019608 0.2980392 0 0
0.5019608 0.4980392 0 0
0.7019608 0.2980392 0 0
0.5019608 0.4980392 0 0
0.6 0.4 0 0
0.6509804 0.3490196 0 0
0.6 0.4 0 0
0.6509804 0.3490196 0 0
0.6 0.4 0 0
1 0 0 0
0.6509804 0.3490196 0 0
1 0 0 0
1 0 0 0
1 0 0 0
0.6 0.4 0 0
0.6 0.4 0 0
0.5019608 0.4980392 0 0
0.5019608 0.4980392 0 0
0.7529412 0.2470588 0 0
0.7529412 0.2470588 0 0
0.6784313 0.2235294 0.09803921 0
0.5019608 0.4980392 0 0
0.6784313 0.2235294 0.09803921 0
0.5019608 0.4980392 0 0
0.5019608 0.4980392 0 0
0.6 0.4 0 0
0.5019608 0.4980392 0 0
0.7529412 0.2470588 0 0
0.9176471 0.08235294 0 0
1 0 0 0
1 0 0 0
0.5019608 0.4980392 0 0
0.6 0.4 0 0
0.7529412 0.2470588 0 0
0.6196079 0.282353 0.09803921 0
0.6509804 0.3490196 0 0
0.6509804 0.3490196 0 0
0.5019608 0.4980392 0 0
0.6509804 0.3490196 0 0
0.5019608 0.4980392 0 0
0.6509804 0.3490196 0 0
0.5019608 0.4980392 0 0
0.6509804 0.3490196 0 0
0.5019608 0.4980392 0 0
0.6509804 0.3490196 0 0
0.6705883 0.3294118 0 0
0.7372549 0.2627451 0 0
0.5019608 0.4980392 0 0
0.6509804 0.3490196 0 0
0.5019608 0.4980392 0 0
0.6509804 0.3490196 0 0
0.5019608 0.4980392 0 0
0.7019608 0.2980392 0 0
0.7098039 0.2901961 0 0
0.7254902 0.2745098 0 0
0.8705882 0.1294118 0 0
0.8941177 0.1058824 0 0
0.9019608 0.09803922 0 0
1 0 0 0
1 0 0 0
0.9098039 0.09019608 0 0
0.9098039 0.09019608 0 0
0.5529412 0.4470589 0 0
1 0 0 0
1 0 0 0
1 0 0 0
1 0 0 0
0.5529412 0.4470589 0 0
0.9058824 0.09411765 0 0
0.5529412 0.4470589 0 0
0.9058824 0.09411765 0 0
1 0 0 0
0.8862745 0.1137255 0 0
1 0 0 0
0.5882353 0.4117647 0 0
0.5019608 0.4980392 0 0
0.5019608 0.4980392 0 0
0.5019608 0.4980392 0 0
0.5568628 0.4431373 0 0
0.9019608 0.09803922 0 0
0.9764706 0.02352941 0 0
0.7372549 0.2627451 0 0
1 0 0 0
0.5019608 0.4980392 0 0
0.5019608 0.4980392 0 0
0.6196079 0.3803922 0 0
0.8784314 0.1215686 0 0
1 0 0 0
0.9019608 0.09803922 0 0
0.5019608 0.4980392 0 0
0.9019608 0.09803922 0 0
0.8039216 0.09803922 0.09803922 0
0.8039216 0.09803922 0.09803922 0
0.9019608 0.09803922 0 0
0.6470588 0.2470588 0.1058824 0
0.627451 0.2941177 0.07843138 0
0.4784314 0.2862745 0.2352941 0
0.427451 0.4039215 0.1686274 0
0.5411765 0.3568628 0.1019608 0
0.5686275 0.2235294 0.2078431 0
0.6 0.317647 0.08235294 0
0.682353 0.1764706 0.1411765 0
0.827451 0.172549 0 0
0.945098 0.05490196 0 0
0.9098039 0.05490196 0.03529412 0
0.5215686 0.4588235 0.01960784 0
1 0 0 0
1 0 0 0
0.7529412 0.2470588 0 0
0.9921569 0.007843138 0 0
0.6784313 0.3098039 0.01176471 0
0.7529412 0.2470588 0 0
0.9529412 0.04705882 0 0
0.6431373 0.3333333 0.02352941 0
0.9921569 0.007843138 0 0
0.7529412 0.2470588 0 0
0.8313726 0.1137255 0.05490196 0
0.6313726 0.3490196 0.01176471 0.007843138
0.9803922 0.01960784 0 0
0.7529412 0.2470588 0 0
0.9529412 0.04705882 0 0
0.8509804 0.1490196 0 0
0.3686274 0.3490196 0.2705882 0.01176471
0.972549 0.02745098 0 0
1 0 0 0
0.9254902 0.07450981 0 0
0.9411765 0.05882353 0 0
1 0 0 0
1 0 0 0
0.8862745 0.1137255 0 0
0.9098039 0.09019608 0 0
0.6 0.317647 0.08235294 0
0.5215686 0.4588235 0.01960784 0
0.6941177 0.2980392 0.007843138 0
1 0 0 0
1 0 0 0
0.5019608 0.4980392 0 0
0.427451 0.4039215 0.1686274 0
0.6039216 0.3960785 0 0
1 0 0 0
0.4784314 0.2862745 0.2352941 0
1 0 0 0
0.6039216 0.3960785 0 0
0.5019608 0.4980392 0 0
0.5019608 0.4980392 0 0
1 0 0 0
1 0 0 0
0.6039216 0.3960785 0 0
0.6941177 0.2980392 0.007843138 0
1 0 0 0
0.854902 0.145098 0 0
1 0 0 0
0.6039216 0.3960785 0 0
0.7411765 0.2588235 0 0
0.5215686 0.4588235 0.01960784 0
0.6784313 0.3098039 0.01176471 0
0.8235294 0.1764706 0 0
0.6431373 0.3333333 0.02352941 0
0.8705882 0.1294118 0 0
0.7137255 0.254902 0.03137255 0
0.5411765 0.3568628 0.1019608 0
0.6470588 0.2470588 0.1058824 0
0.5647059 0.2862745 0.1490196 0
0.627451 0.2941177 0.07843138 0
0.6431373 0.3176471 0.03921569 0
1 0 0 0
0.6039216 0.3960785 0 0
1 0 0 0
0.4588235 0.4156862 0.1254902 0
0.4784314 0.2862745 0.2352941 0
1 0 0 0
1 0 0 0
1 0 0 0
1 0 0 0
0.7411765 0.2588235 0 0
1 0 0 0
1 0 0 0
1 0 0 0
1 0 0 0
0.4352941 0.372549 0.1921569 0
1 0 0 0
1 0 0 0
0.4784314 0.3176471 0.2039216 0
0.9019608 0.09803922 0 0
0.9019608 0.09803922 0 0
0.5529412 0.4470589 0 0
0.5529412 0.4470589 0 0
0.7529412 0.2470588 0 0
0.7529412 0.2470588 0 0
0.5058824 0.2470588 0.2470588 0
0.5058824 0.2470588 0.2470588 0
0.5019608 0.4980392 0 0
0.5019608 0.4980392 0 0
1 0 0 0
1 0 0 0
1 0 0 0
1 0 0 0
0.7529412 0.2470588 0 0
0.5019608 0.4980392 0 0
0.5019608 0.4980392 0 0
0.7529412 0.2470588 0 0
0.6313726 0.3490196 0.01176471 0.007843138
0.5019608 0.4980392 0 0
0.3686274 0.3490196 0.2705882 0.01176471
0.7529412 0.2470588 0 0
0.7529412 0.2470588 0 0
0.5019608 0.4980392 0 0
0.7529412 0.2470588 0 0
0.5019608 0.4980392 0 0
0.6313726 0.3490196 0.01176471 0.007843138
0.854902 0.08627451 0.05882353 0
0.5019608 0.4980392 0 0
0.5019608 0.4980392 0 0
1 0 0 0
1 0 0 0
1 0 0 0
1 0 0 0
1 0 0 0
1 0 0 0
1 0 0 0
1 0 0 0
1 0 0 0
1 0 0 0
1 0 0 0
1 0 0 0
1 0 0 0
1 0 0 0
1 0 0 0
1 0 0 0
1 0 0 0
1 0 0 0
1 0 0 0
1 0 0 0
1 0 0 0
1 0 0 0
1 0 0 0
1 0 0 0
1 0 0 0
1 0 0 0
1 0 0 0
1 0 0 0
1 0 0 0
1 0 0 0
1 0 0 0
1 0 0 0
1 0 0 0
1 0 0 0
1 0 0 0
1 0 0 0
1 0 0 0
1 0 0 0
1 0 0 0
1 0 0 0
1 0 0 0
1 0 0 0
1 0 0 0
1 0 0 0
1 0 0 0
1 0 0 0
1 0 0 0
0.7411765 0.2588235 0 0
0.6980392 0.2588235 0.04313725 0
0.5019608 0.4980392 0 0
0.5647059 0.3803922 0.05490196 0
0.5019608 0.4980392 0 0
0.5843138 0.4156863 0 0
0.5019608 0.4980392 0 0
0.6509804 0.3490196 0 0
0.5019608 0.4980392 0 0
0.6509804 0.3490196 0 0
0.5019608 0.4980392 0 0
0.6509804 0.3490196 0 0
0.5019608 0.4980392 0 0
0.6 0.4 0 0
0.6509804 0.3490196 0 0
0.5019608 0.4980392 0 0
0.6509804 0.3490196 0 0
0.6 0.4 0 0
0.6509804 0.3490196 0 0
0.454902 0.4470588 0.09803922 0
0.6 0.4 0 0
0.454902 0.4470588 0.09803922 0
1 0 0 0
1 0 0 0
0.4431373 0.3568628 0.2 0
0.4941176 0.2941177 0.2117647 0
0.9019608 0.09803922 0 0
0.9019608 0.09803922 0 0
0.5529412 0.4470589 0 0
0.5529412 0.4470589 0 0
0.6509804 0.3490196 0 0
0.6509804 0.3490196 0 0
0.5058824 0.2470588 0.2470588 0
0.5058824 0.2470588 0.2470588 0
0.5019608 0.4980392 0 0
0.5019608 0.4980392 0 0
1 0 0 0
1 0 0 0
1 0 0 0
1 0 0 0
0.5019608 0.4980392 0 0
0.5019608 0.4980392 0 0
1 0 0 0
0.5019608 0.4980392 0 0
0.5960785 0.3647059 0.03921569 0
0.7411765 0.2588235 0 0
1 0 0 0
0.6509804 0.3490196 0 0
1 0 0 0
1 0 0 0
0.6 0.4 0 0
0.6 0.4 0 0
0.6 0.4 0 0
0.6 0.4 0 0
0.6 0.4 0 0
0.5019608 0.4980392 0 0
0.5019608 0.4980392 0 0
0.5019608 0.4980392 0 0
0.5019608 0.4980392 0 0
1 0 0 0
0.5019608 0.4980392 0 0
0.5019608 0.4980392 0 0
0.5019608 0.4980392 0 0
0.5019608 0.4980392 0 0
0.5019608 0.4980392 0 0
0.5019608 0.4980392 0 0
0.5019608 0.4980392 0 0
0.5019608 0.4980392 0 0
0.5019608 0.4980392 0 0
0.5019608 0.4980392 0 0
1 0 0 0
0.5019608 0.4980392 0 0
0.5019608 0.4980392 0 0
0.5019608 0.4980392 0 0
0.5019608 0.4980392 0 0
0.5019608 0.4980392 0 0
0.5019608 0.4980392 0 0
0.5019608 0.4980392 0 0
0.5019608 0.4980392 0 0
0.5019608 0.4980392 0 0
0.5019608 0.4980392 0 0
1 0 0 0
0.5019608 0.4980392 0 0
0.5019608 0.4980392 0 0
0.5019608 0.4980392 0 0
0.5019608 0.4980392 0 0
0.5019608 0.4980392 0 0
0.5019608 0.4980392 0 0
0.6313726 0.3490196 0.01176471 0.007843138
0.6196079 0.282353 0.09803921 0
0.7529412 0.2470588 0 0
0.7529412 0.2470588 0 0
0.5019608 0.4980392 0 0
0.5019608 0.4980392 0 0
0.7529412 0.2470588 0 0
0.5019608 0.4980392 0 0
0.5019608 0.4980392 0 0
0.7529412 0.2470588 0 0
0.5019608 0.4980392 0 0
0.7529412 0.2470588 0 0
0.7490196 0.1529412 0.09803922 0
0.5019608 0.4980392 0 0
0.6313726 0.3490196 0.01176471 0.007843138
0.5019608 0.4980392 0 0
1 0 0 0
1 0 0 0
1 0 0 0
1 0 0 0
1 0 0 0
1 0 0 0
1 0 0 0
1 0 0 0
1 0 0 0
0.5019608 0.4980392 0 0
0.5019608 0.4980392 0 0
0.7019608 0.2980392 0 0
0.7019608 0.2980392 0 0
0.7019608 0.2980392 0 0
0.7019608 0.2980392 0 0
0.7019608 0.2980392 0 0
0.5019608 0.4980392 0 0
0.5019608 0.4980392 0 0
0.7019608 0.2980392 0 0
0.5019608 0.4980392 0 0
0.7019608 0.2980392 0 0
0.7019608 0.2980392 0 0
0.7019608 0.2980392 0 0
0.5019608 0.4980392 0 0
0.5019608 0.4980392 0 0
0.7529412 0.2470588 0 0
0.7529412 0.2470588 0 0
0.5019608 0.4980392 0 0
0.6705883 0.3294118 0 0
0.5019608 0.4980392 0 0
0.6196079 0.3803922 0 0
0.5019608 0.4980392 0 0
0.5019608 0.4980392 0 0
0.3686274 0.3490196 0.2705882 0.01176471
0.7529412 0.2470588 0 0
0.5019608 0.4980392 0 0
0.5019608 0.4980392 0 0
0.7529412 0.2470588 0 0
0.6705883 0.3294118 0 0
0.5019608 0.4980392 0 0
0.7529412 0.2470588 0 0
0.5019608 0.4980392 0 0
0.5019608 0.4980392 0 0
0.5019608 0.4980392 0 0
0.5019608 0.4980392 0 0
0.5019608 0.4980392 0 0
0.5019608 0.4980392 0 0
0.5019608 0.4980392 0 0
0.5019608 0.4980392 0 0
0.5019608 0.4980392 0 0
0.5019608 0.4980392 0 0
0.5019608 0.4980392 0 0
0.5019608 0.4980392 0 0
0.5019608 0.4980392 0 0
0.5019608 0.4980392 0 0
0.5019608 0.4980392 0 0
0.5019608 0.4980392 0 0
0.5019608 0.4980392 0 0
0.5019608 0.4980392 0 0
0.7019608 0.2980392 0 0
0.7019608 0.2980392 0 0
0.5019608 0.4980392 0 0
0.5019608 0.4980392 0 0
0.6039216 0.3960785 0 0
0.6039216 0.3960785 0 0
0.5019608 0.4980392 0 0
0.6 0.4 0 0
0.6 0.4 0 0
0.6509804 0.3490196 0 0
0.7019608 0.2980392 0 0
0.6509804 0.3490196 0 0
0.5019608 0.4980392 0 0
0.7019608 0.2980392 0 0
0.7019608 0.2980392 0 0
0.5019608 0.4980392 0 0
0.6352941 0.2666667 0.09803921 0
0.7019608 0.2980392 0 0
0.5019608 0.4980392 0 0
0.5019608 0.4980392 0 0
0.6352941 0.2666667 0.09803921 0
0.7019608 0.2980392 0 0
0.5019608 0.4980392 0 0
0.5019608 0.4980392 0 0
0.7019608 0.2980392 0 0
0.7019608 0.2980392 0 0
0.5019608 0.4980392 0 0
0.7019608 0.2980392 0 0
0.5019608 0.4980392 0 0
0.5019608 0.4980392 0 0
0.5019608 0.4980392 0 0
0.5019608 0.4980392 0 0
0.5019608 0.4980392 0 0
0.5019608 0.4980392 0 0
0.5019608 0.4980392 0 0
0.5019608 0.4980392 0 0
0.5019608 0.4980392 0 0
0.5019608 0.4980392 0 0
0.5019608 0.4980392 0 0
0.5019608 0.4980392 0 0
0.5019608 0.4980392 0 0
0.5019608 0.4980392 0 0
0.5019608 0.4980392 0 0
0.5019608 0.4980392 0 0
0.5019608 0.4980392 0 0
0.5019608 0.4980392 0 0
0.5019608 0.4980392 0 0
0.5019608 0.4980392 0 0
0.5019608 0.4980392 0 0
0.5019608 0.4980392 0 0
0.5019608 0.4980392 0 0
0.5019608 0.4980392 0 0
0.5019608 0.4980392 0 0
0.5019608 0.4980392 0 0
0.5019608 0.4980392 0 0
0.5019608 0.4980392 0 0
0.5019608 0.4980392 0 0
0.5019608 0.4980392 0 0
0.5019608 0.4980392 0 0
0.5019608 0.4980392 0 0
0.5019608 0.4980392 0 0
0.5019608 0.4980392 0 0
0.5019608 0.4980392 0 0
0.5019608 0.4980392 0 0
0.5019608 0.4980392 0 0
0.7019608 0.2980392 0 0
0.7019608 0.2980392 0 0
0.5019608 0.4980392 0 0
0.6039216 0.3960785 0 0
0.6039216 0.3960785 0 0
0.5019608 0.4980392 0 0
0.6 0.4 0 0
0.6 0.4 0 0
0.6509804 0.3490196 0 0
0.7019608 0.2980392 0 0
0.6509804 0.3490196 0 0
0.5019608 0.4980392 0 0
0.5019608 0.4980392 0 0
1 0 0 0
1 0 0 0
0.5019608 0.4980392 0 0
1 0 0 0
1 0 0 0
1 0 0 0
1 0 0 0
1 0 0 0
1 0 0 0
1 0 0 0
1 0 0 0
1 0 0 0
1 0 0 0
1 0 0 0
1 0 0 0
1 0 0 0
1 0 0 0
0.5019608 0.4980392 0 0
0.5019608 0.4980392 0 0
0.5019608 0.4980392 0 0
0.5019608 0.4980392 0 0
0.5019608 0.4980392 0 0
0.5019608 0.4980392 0 0
0.5019608 0.4980392 0 0
0.5019608 0.4980392 0 0
0.5019608 0.4980392 0 0
0.5019608 0.4980392 0 0
0.5019608 0.4980392 0 0
0.5019608 0.4980392 0 0
0.5019608 0.4980392 0 0
0.5019608 0.4980392 0 0
0.5019608 0.4980392 0 0
0.5019608 0.4980392 0 0
0.5019608 0.4980392 0 0
0.5019608 0.4980392 0 0
1 0 0 0
1 0 0 0
1 0 0 0
1 0 0 0
1 0 0 0
1 0 0 0
1 0 0 0
1 0 0 0
1 0 0 0
1 0 0 0
1 0 0 0
1 0 0 0
1 0 0 0
1 0 0 0
1 0 0 0
1 0 0 0
1 0 0 0
1 0 0 0
1 0 0 0
1 0 0 0
1 0 0 0
1 0 0 0
1 0 0 0
1 0 0 0
1 0 0 0
1 0 0 0
1 0 0 0
1 0 0 0
1 0 0 0
1 0 0 0
1 0 0 0
1 0 0 0
1 0 0 0
1 0 0 0
1 0 0 0
1 0 0 0
1 0 0 0
1 0 0 0
1 0 0 0
1 0 0 0
1 0 0 0
1 0 0 0
1 0 0 0
1 0 0 0
1 0 0 0
1 0 0 0
1 0 0 0
1 0 0 0
1 0 0 0
1 0 0 0
1 0 0 0
1 0 0 0
1 0 0 0
1 0 0 0
1 0 0 0
1 0 0 0
1 0 0 0
1 0 0 0
1 0 0 0
1 0 0 0
1 0 0 0
1 0 0 0
1 0 0 0
1 0 0 0
1 0 0 0
1 0 0 0
1 0 0 0
1 0 0 0
1 0 0 0
1 0 0 0
1 0 0 0
1 0 0 0
1 0 0 0
1 0 0 0
1 0 0 0
1 0 0 0
0.5058824 0.4941177 0 0
0.5019608 0.4980392 0 0
0.5019608 0.4980392 0 0
1 0 0 0
0.5058824 0.2470588 0.2470588 0
1 0 0 0
1 0 0 0
0.5529412 0.4470589 0 0
1 0 0 0
0.9019608 0.09803922 0 0
0.9019608 0.09803922 0 0
1 0 0 0
1 0 0 0
0.9019608 0.09803922 0 0
1 0 0 0
0.9019608 0.09803922 0 0
1 0 0 0
0.7019608 0.2980392 0 0
0.7019608 0.2980392 0 0
0.7019608 0.2980392 0 0
0.8509804 0.1490196 0 0
0.7019608 0.2980392 0 0
0.9019608 0.09803922 0 0
0.3803922 0.372549 0.2470588 0
0.5529412 0.4470589 0 0
0.5019608 0.4980392 0 0
0.7019608 0.2980392 0 0
0.8509804 0.1490196 0 0
0.8509804 0.1490196 0 0
0.8509804 0.1490196 0 0
0.8509804 0.1490196 0 0
0.5019608 0.4980392 0 0
0.5019608 0.4980392 0 0
0.5019608 0.4980392 0 0
0.8 0.2 0 0
0.5019608 0.4980392 0 0
0.8 0.2 0 0
0.5019608 0.4980392 0 0
0.8 0.2 0 0
1 0 0 0
1 0 0 0
0.8 0.2 0 0
0.5529412 0.4470589 0 0
0.5019608 0.4980392 0 0
0.7529412 0.2470588 0 0
0.7529412 0.2470588 0 0
0.7529412 0.2470588 0 0
0.5019608 0.4980392 0 0
0.5843137 0.2078431 0.2078431 0
0.5843137 0.2078431 0.2078431 0
0.6509804 0.3490196 0 0
0.8 0.2 0 0
1 0 0 0
0.5843137 0.2078431 0.2078431 0
1 0 0 0
0.6509804 0.3490196 0 0
1 0 0 0
1 0 0 0
1 0 0 0
1 0 0 0
1 0 0 0
1 0 0 0
1 0 0 0
1 0 0 0
1 0 0 0
1 0 0 0
0.9019608 0.09803922 0 0
1 0 0 0
1 0 0 0
1 0 0 0
1 0 0 0
0.9019608 0.09803922 0 0
0.5019608 0.4980392 0 0
1 0 0 0
1 0 0 0
0.9019608 0.09803922 0 0
1 0 0 0
1 0 0 0
1 0 0 0
1 0 0 0
1 0 0 0
1 0 0 0
1 0 0 0
1 0 0 0
1 0 0 0
1 0 0 0
1 0 0 0
1 0 0 0
1 0 0 0
1 0 0 0
1 0 0 0
0.9019608 0.09803922 0 0
0.5019608 0.4980392 0 0
1 0 0 0
1 0 0 0
1 0 0 0
0.5019608 0.4980392 0 0
1 0 0 0
0.5019608 0.4980392 0 0
1 0 0 0
1 0 0 0
1 0 0 0
1 0 0 0
1 0 0 0
1 0 0 0
0.5019608 0.4980392 0 0
1 0 0 0
0.6509804 0.3490196 0 0
0.3803922 0.372549 0.2470588 0
0.5058824 0.2470588 0.2470588 0
1 0 0 0
1 0 0 0
1 0 0 0
1 0 0 0
0.5058824 0.2470588 0.2470588 0
1 0 0 0
1 0 0 0
1 0 0 0
0.7019608 0.2980392 0 0
1 0 0 0
1 0 0 0
0.7019608 0.2980392 0 0
0.5019608 0.4980392 0 0
0.8509804 0.1490196 0 0
0.7019608 0.2980392 0 0
0.8509804 0.1490196 0 0
0.7019608 0.2980392 0 0
1 0 0 0
0.8509804 0.1490196 0 0
0.5019608 0.4980392 0 0
0.8 0.2 0 0
0.8 0.2 0 0
0.8 0.2 0 0
1 0 0 0
1 0 0 0
1 0 0 0
1 0 0 0
0.9019608 0.09803922 0 0
1 0 0 0
0.9019608 0.09803922 0 0
1 0 0 0
1 0 0 0
1 0 0 0
1 0 0 0
1 0 0 0
1 0 0 0
1 0 0 0
1 0 0 0
1 0 0 0
1 0 0 0
1 0 0 0
1 0 0 0
0.9019608 0.09803922 0 0
0.5019608 0.4980392 0 0
0.5019608 0.4980392 0 0
1 0 0 0
0.5843137 0.2078431 0.2078431 0
1 0 0 0
1 0 0 0
1 0 0 0
1 0 0 0
0.5019608 0.4980392 0 0
1 0 0 0
1 0 0 0
1 0 0 0
1 0 0 0
1 0 0 0
0.5019608 0.4980392 0 0
0.5019608 0.4980392 0 0
1 0 0 0
0.6509804 0.3490196 0 0
0.6509804 0.3490196 0 0
1 0 0 0
0.5843137 0.2078431 0.2078431 0
0.5843137 0.2078431 0.2078431 0
0.7529412 0.2470588 0 0
0.5019608 0.4980392 0 0
0.7529412 0.2470588 0 0
0.5019608 0.4980392 0 0
0.5058824 0.2470588 0.2470588 0
0.7529412 0.2470588 0 0
0.5019608 0.4980392 0 0
0.5019608 0.4980392 0 0
0.5019608 0.4980392 0 0
0.5019608 0.4980392 0 0
0.5019608 0.4980392 0 0
0.5019608 0.4980392 0 0
0.5019608 0.4980392 0 0
0.5019608 0.4980392 0 0
0.5019608 0.4980392 0 0
0.5019608 0.4980392 0 0
0.5019608 0.4980392 0 0
0.5019608 0.4980392 0 0
0.5019608 0.4980392 0 0
0.5019608 0.4980392 0 0
0.5019608 0.4980392 0 0
0.5019608 0.4980392 0 0
0.5019608 0.4980392 0 0
0.5019608 0.4980392 0 0
0.5019608 0.4980392 0 0
0.5019608 0.4980392 0 0
0.5019608 0.4980392 0 0
0.5019608 0.4980392 0 0
0.5019608 0.4980392 0 0
0.5019608 0.4980392 0 0
0.5019608 0.4980392 0 0
0.5019608 0.4980392 0 0
0.5019608 0.4980392 0 0
0.5019608 0.4980392 0 0
0.5019608 0.4980392 0 0
0.5019608 0.4980392 0 0
0.5019608 0.4980392 0 0
0.5019608 0.4980392 0 0
0.5019608 0.4980392 0 0
0.5019608 0.4980392 0 0
1 0 0 0
1 0 0 0
0.5019608 0.4980392 0 0
1 0 0 0
0.5019608 0.4980392 0 0
0.5019608 0.4980392 0 0
1 0 0 0
0.5019608 0.4980392 0 0
0.5019608 0.4980392 0 0
0.5019608 0.4980392 0 0
1 0 0 0
0.5019608 0.4980392 0 0
1 0 0 0
0.5843137 0.2078431 0.2078431 0
0.5843137 0.2078431 0.2078431 0
0.5882353 0.3137255 0.09803921 0
0.5019608 0.4980392 0 0
0.5019608 0.4980392 0 0
0.6509804 0.3490196 0 0
0.5019608 0.4980392 0 0
0.6509804 0.3490196 0 0
1 0 0 0
1 0 0 0
1 0 0 0
0.5019608 0.4980392 0 0
1 0 0 0
1 0 0 0
0.5019608 0.4980392 0 0
1 0 0 0
0.5019608 0.4980392 0 0
0.5019608 0.4980392 0 0
0.5019608 0.4980392 0 0
0.5019608 0.4980392 0 0
0.9019608 0.09803922 0 0
0.9019608 0.09803922 0 0
1 0 0 0
1 0 0 0
1 0 0 0
1 0 0 0
1 0 0 0
1 0 0 0
1 0 0 0
1 0 0 0
1 0 0 0
0.9019608 0.09803922 0 0
1 0 0 0
1 0 0 0
1 0 0 0
1 0 0 0
1 0 0 0
0.5019608 0.4980392 0 0
0.5019608 0.4980392 0 0
1 0 0 0
0.5019608 0.4980392 0 0
0.5019608 0.4980392 0 0
1 0 0 0
0.5019608 0.4980392 0 0
0.5019608 0.4980392 0 0
0.5019608 0.4980392 0 0
1 0 0 0
0.5019608 0.4980392 0 0
1 0 0 0
0.5843137 0.2078431 0.2078431 0
0.5843137 0.2078431 0.2078431 0
0.5882353 0.3137255 0.09803921 0
0.5019608 0.4980392 0 0
0.5019608 0.4980392 0 0
0.6509804 0.3490196 0 0
0.5019608 0.4980392 0 0
0.6509804 0.3490196 0 0
1 0 0 0
1 0 0 0
1 0 0 0
1 0 0 0
0.9764706 0.02352941 0 0
0.5019608 0.4980392 0 0
1 0 0 0
0.5019608 0.4980392 0 0
0.5019608 0.4980392 0 0
0.5019608 0.4980392 0 0
0.5019608 0.4980392 0 0
0.5019608 0.4980392 0 0
0.5019608 0.4980392 0 0
0.5019608 0.4980392 0 0
0.5019608 0.4980392 0 0
0.5019608 0.4980392 0 0
1 0 0 0
1 0 0 0
1 0 0 0
1 0 0 0
1 0 0 0
1 0 0 0
1 0 0 0
1 0 0 0
0.5058824 0.2470588 0.2470588 0
0.5529412 0.4470589 0 0
1 0 0 0
0.9019608 0.09803922 0 0
0.9019608 0.09803922 0 0
1 0 0 0
1 0 0 0
0.9019608 0.09803922 0 0
1 0 0 0
0.9019608 0.09803922 0 0
1 0 0 0
0.7019608 0.2980392 0 0
0.7019608 0.2980392 0 0
0.7019608 0.2980392 0 0
0.8509804 0.1490196 0 0
0.7019608 0.2980392 0 0
0.9019608 0.09803922 0 0
0.3803922 0.372549 0.2470588 0
0.5529412 0.4470589 0 0
0.5019608 0.4980392 0 0
0.7019608 0.2980392 0 0
0.8509804 0.1490196 0 0
0.8509804 0.1490196 0 0
0.8509804 0.1490196 0 0
0.8509804 0.1490196 0 0
0.5019608 0.4980392 0 0
0.5019608 0.4980392 0 0
0.5019608 0.4980392 0 0
0.8 0.2 0 0
0.5019608 0.4980392 0 0
0.8 0.2 0 0
0.5019608 0.4980392 0 0
0.8 0.2 0 0
0.8 0.2 0 0
1 0 0 0
1 0 0 0
0.7803922 0.2196078 0 0
0.5019608 0.4980392 0 0
0.7529412 0.2470588 0 0
0.7529412 0.2470588 0 0
0.7529412 0.2470588 0 0
0.5019608 0.4980392 0 0
0.5843137 0.2078431 0.2078431 0
0.5843137 0.2078431 0.2078431 0
0.6509804 0.3490196 0 0
1 0 0 0
1 0 0 0
0.5843137 0.2078431 0.2078431 0
1 0 0 0
0.6509804 0.3490196 0 0
1 0 0 0
1 0 0 0
0.5019608 0.4980392 0 0
1 0 0 0
1 0 0 0
1 0 0 0
1 0 0 0
1 0 0 0
1 0 0 0
1 0 0 0
1 0 0 0
1 0 0 0
1 0 0 0
1 0 0 0
1 0 0 0
1 0 0 0
1 0 0 0
1 0 0 0
1 0 0 0
1 0 0 0
1 0 0 0
0.9019608 0.09803922 0 0
1 0 0 0
0.9019608 0.09803922 0 0
0.5019608 0.4980392 0 0
1 0 0 0
1 0 0 0
0.9019608 0.09803922 0 0
0.5019608 0.4980392 0 0
1 0 0 0
1 0 0 0
1 0 0 0
1 0 0 0
0.9019608 0.09803922 0 0
1 0 0 0
1 0 0 0
1 0 0 0
1 0 0 0
1 0 0 0
1 0 0 0
0.8 0.2 0 0
1 0 0 0
1 0 0 0
1 0 0 0
0.5019608 0.4980392 0 0
1 0 0 0
1 0 0 0
1 0 0 0
1 0 0 0
0.5019608 0.4980392 0 0
1 0 0 0
0.6509804 0.3490196 0 0
1 0 0 0
1 0 0 0
1 0 0 0
1 0 0 0
1 0 0 0
1 0 0 0
1 0 0 0
1 0 0 0
0.9019608 0.09803922 0 0
1 0 0 0
1 0 0 0
1 0 0 0
1 0 0 0
1 0 0 0
1 0 0 0
1 0 0 0
1 0 0 0
1 0 0 0
1 0 0 0
1 0 0 0
1 0 0 0
1 0 0 0
1 0 0 0
1 0 0 0
0.9019608 0.09803922 0 0
1 0 0 0
0.9019608 0.09803922 0 0
1 0 0 0
0.5019608 0.4980392 0 0
0.9019608 0.09803922 0 0
1 0 0 0
0.5019608 0.4980392 0 0
1 0 0 0
1 0 0 0
1 0 0 0
1 0 0 0
0.8 0.2 0 0
1 0 0 0
0.5843137 0.2078431 0.2078431 0
1 0 0 0
1 0 0 0
1 0 0 0
0.8 0.2 0 0
0.8 0.2 0 0
0.3803922 0.372549 0.2470588 0
0.5019608 0.4980392 0 0
0.5019608 0.4980392 0 0
0.5019608 0.4980392 0 0
1 0 0 0
1 0 0 0
1 0 0 0
1 0 0 0
1 0 0 0
0.5019608 0.4980392 0 0
0.5019608 0.4980392 0 0
1 0 0 0
0.6509804 0.3490196 0 0
0.6509804 0.3490196 0 0
1 0 0 0
0.5843137 0.2078431 0.2078431 0
0.5843137 0.2078431 0.2078431 0
0.7529412 0.2470588 0 0
0.5019608 0.4980392 0 0
0.7529412 0.2470588 0 0
0.5019608 0.4980392 0 0
0.7529412 0.2470588 0 0
0.5019608 0.4980392 0 0
0.5058824 0.2470588 0.2470588 0
1 0 0 0
0.5058824 0.2470588 0.2470588 0
1 0 0 0
0.7019608 0.2980392 0 0
0.8509804 0.1490196 0 0
0.8509804 0.1490196 0 0
0.8509804 0.1490196 0 0
0.7019608 0.2980392 0 0
0.7019608 0.2980392 0 0
0.7019608 0.2980392 0 0
1 0 0 0
1 0 0 0
1 0 0 0
1 0 0 0
1 0 0 0
1 0 0 0
1 0 0 0
1 0 0 0
0.5058824 0.2470588 0.2470588 0
0.9019608 0.09803922 0 0
0.5019608 0.4980392 0 0
0.5019608 0.4980392 0 0
0.9019608 0.09803922 0 0
0.9764706 0.02352941 0 0
0.9019608 0.09803922 0 0
0.8862745 0.1137255 0 0
1 0 0 0
1 0 0 0
1 0 0 0
1 0 0 0
1 0 0 0
1 0 0 0
1 0 0 0
1 0 0 0
1 0 0 0
1 0 0 0
1 0 0 0
1 0 0 0
1 0 0 0
1 0 0 0
1 0 0 0
1 0 0 0
1 0 0 0
1 0 0 0
1 0 0 0
1 0 0 0
1 0 0 0
1 0 0 0
1 0 0 0
1 0 0 0
1 0 0 0
1 0 0 0
1 0 0 0
1 0 0 0
1 0 0 0
1 0 0 0
1 0 0 0
1 0 0 0
1 0 0 0
1 0 0 0
1 0 0 0
1 0 0 0
1 0 0 0
1 0 0 0
1 0 0 0
1 0 0 0
0.5019608 0.4980392 0 0
1 0 0 0
0.5019608 0.4980392 0 0
1 0 0 0
0.5019608 0.4980392 0 0
0.5019608 0.4980392 0 0
0.5019608 0.4980392 0 0
0.5019608 0.4980392 0 0
0.9019608 0.09803922 0 0
0.9019608 0.09803922 0 0
0.5019608 0.4980392 0 0
0.6509804 0.3490196 0 0
0.6509804 0.3490196 0 0
1 0 0 0
1 0 0 0
0.6509804 0.3490196 0 0
0.5843137 0.2078431 0.2078431 0
0.5843137 0.2078431 0.2078431 0
0.5019608 0.4980392 0 0
0.7529412 0.2470588 0 0
0.5019608 0.4980392 0 0
0.7529412 0.2470588 0 0
0.5019608 0.4980392 0 0
0.7529412 0.2470588 0 0
1 0 0 0
1 0 0 0
0.9058824 0.09411765 0 0
0.9607843 0.03921569 0 0
0.5529412 0.4470589 0 0
1 0 0 0
0.5529412 0.4470589 0 0
0.8156863 0.1843137 0 0
0.5529412 0.4470589 0 0
0.9490196 0.05098039 0 0
1 0 0 0
1 0 0 0
0.9568627 0.04313726 0 0
1 0 0 0
0.5529412 0.4470589 0 0
0.8117647 0.1882353 0 0
0.5529412 0.4470589 0 0
0.5529412 0.4470589 0 0
0.5019608 0.4980392 0 0
0.5019608 0.4980392 0 0
0.7529412 0.2470588 0 0
0.7529412 0.2470588 0 0
0.5019608 0.4980392 0 0
0.7529412 0.2470588 0 0
0.5843137 0.2078431 0.2078431 0
0.5843137 0.2078431 0.2078431 0
1 0 0 0
0.6509804 0.3490196 0 0
1 0 0 0
0.6509804 0.3490196 0 0
0.5019608 0.4980392 0 0
0.5019608 0.4980392 0 0
1 0 0 0
1 0 0 0
0.5019608 0.4980392 0 0
1 0 0 0
0.5019608 0.4980392 0 0
0.5019608 0.4980392 0 0
1 0 0 0
0.5019608 0.4980392 0 0
0.5019608 0.4980392 0 0
0.5019608 0.4980392 0 0
1 0 0 0
0.5019608 0.4980392 0 0
1 0 0 0
0.5843137 0.2078431 0.2078431 0
0.5843137 0.2078431 0.2078431 0
0.5882353 0.3137255 0.09803921 0
0.5019608 0.4980392 0 0
0.5019608 0.4980392 0 0
0.6509804 0.3490196 0 0
0.5019608 0.4980392 0 0
0.6509804 0.3490196 0 0
1 0 0 0
1 0 0 0
1 0 0 0
1 0 0 0
1 0 0 0
0.5019608 0.4980392 0 0
0.5019608 0.4980392 0 0
1 0 0 0
0.5019608 0.4980392 0 0
0.5019608 0.4980392 0 0
1 0 0 0
0.5019608 0.4980392 0 0
0.5019608 0.4980392 0 0
0.5019608 0.4980392 0 0
1 0 0 0
0.5019608 0.4980392 0 0
1 0 0 0
0.5843137 0.2078431 0.2078431 0
0.5843137 0.2078431 0.2078431 0
0.5882353 0.3137255 0.09803921 0
0.5019608 0.4980392 0 0
0.5019608 0.4980392 0 0
0.6509804 0.3490196 0 0
0.5019608 0.4980392 0 0
0.6509804 0.3490196 0 0
1 0 0 0
1 0 0 0
1 0 0 0
1 0 0 0
0.9058824 0.09411765 0 0
1 0 0 0
0.9529412 0.04705882 0 0
0.5529412 0.4470589 0 0
1 0 0 0
0.5529412 0.4470589 0 0
0.8156863 0.1843137 0 0
0.5529412 0.4470589 0 0
1 0 0 0
1 0 0 0
0.9490196 0.05098039 0 0
0.9529412 0.04705882 0 0
0.5529412 0.4470589 0 0
1 0 0 0
0.5529412 0.4470589 0 0
0.8117647 0.1882353 0 0
0.5529412 0.4470589 0 0
1 0 0 0
1 0 0 0
1 0 0 0
1 0 0 0
1 0 0 0
1 0 0 0
1 0 0 0
1 0 0 0
0.9019608 0.09803922 0 0
1 0 0 0
1 0 0 0
1 0 0 0
1 0 0 0
1 0 0 0
0.5019608 0.4980392 0 0
0.9764706 0.02352941 0 0
1 0 0 0
0.5019608 0.4980392 0 0
0.5019608 0.4980392 0 0
0.5019608 0.4980392 0 0
0.5019608 0.4980392 0 0
0.5019608 0.4980392 0 0
0.5019608 0.4980392 0 0
0.5019608 0.4980392 0 0
0.5019608 0.4980392 0 0
0.5019608 0.4980392 0 0
1 0 0 0
1 0 0 0
1 0 0 0
1 0 0 0
1 0 0 0
1 0 0 0
0.9764706 0.02352941 0 0
0.8862745 0.1137255 0 0
0.9019608 0.09803922 0 0
0.9019608 0.09803922 0 0
0.5019608 0.4980392 0 0
1 0 0 0
0.9019608 0.09803922 0 0
0.5019608 0.4980392 0 0
1 0 0 0
1 0 0 0
1 0 0 0
1 0 0 0
1 0 0 0
1 0 0 0
1 0 0 0
1 0 0 0
1 0 0 0
1 0 0 0
1 0 0 0
1 0 0 0
1 0 0 0
1 0 0 0
1 0 0 0
1 0 0 0
1 0 0 0
1 0 0 0
1 0 0 0
1 0 0 0
1 0 0 0
1 0 0 0
1 0 0 0
1 0 0 0
1 0 0 0
1 0 0 0
1 0 0 0
1 0 0 0
1 0 0 0
1 0 0 0
1 0 0 0
1 0 0 0
1 0 0 0
1 0 0 0
1 0 0 0
1 0 0 0
1 0 0 0
1 0 0 0
0.8 0.2 0 0
0.9019608 0.09803922 0 0
0.5019608 0.4980392 0 0
0.8 0.2 0 0
0.5019608 0.4980392 0 0
0.5019608 0.4980392 0 0
0.5019608 0.4980392 0 0
0.5019608 0.4980392 0 0
0.5019608 0.4980392 0 0
0.5019608 0.4980392 0 0
0.5019608 0.4980392 0 0
0.5019608 0.4980392 0 0
0.5019608 0.4980392 0 0
1 0 0 0
1 0 0 0
1 0 0 0
1 0 0 0
1 0 0 0
1 0 0 0
1 0 0 0
0.9764706 0.02352941 0 0
0.5019608 0.4980392 0 0
1 0 0 0
0.5019608 0.4980392 0 0
0.5019608 0.4980392 0 0
0.5019608 0.4980392 0 0
0.5019608 0.4980392 0 0
0.5019608 0.4980392 0 0
0.5019608 0.4980392 0 0
0.5019608 0.4980392 0 0
0.5019608 0.4980392 0 0
0.5019608 0.4980392 0 0
1 0 0 0
1 0 0 0
1 0 0 0
1 0 0 0
1 0 0 0
1 0 0 0
1 0 0 0
1 0 0 0
1 0 0 0
1 0 0 0
1 0 0 0
1 0 0 0
1 0 0 0
1 0 0 0
1 0 0 0
1 0 0 0
1 0 0 0
1 0 0 0
0.9019608 0.09803922 0 0
1 0 0 0
1 0 0 0
0.5019608 0.4980392 0 0
1 0 0 0
1 0 0 0
1 0 0 0
1 0 0 0
1 0 0 0
0.9019608 0.09803922 0 0
0.5019608 0.4980392 0 0
0.5019608 0.4980392 0 0
0.5019608 0.4980392 0 0
0.5019608 0.4980392 0 0
0.5019608 0.4980392 0 0
0.5019608 0.4980392 0 0
0.5019608 0.4980392 0 0
0.5019608 0.4980392 0 0
0.5019608 0.4980392 0 0
0.5019608 0.4980392 0 0
0.5019608 0.4980392 0 0
0.5019608 0.4980392 0 0
1 0 0 0
1 0 0 0
1 0 0 0
1 0 0 0
1 0 0 0
1 0 0 0
1 0 0 0
0.9019608 0.09803922 0 0
0.5019608 0.4980392 0 0
1 0 0 0
0.5019608 0.4980392 0 0
0.5019608 0.4980392 0 0
0.5019608 0.4980392 0 0
0.5019608 0.4980392 0 0
0.5019608 0.4980392 0 0
0.5019608 0.4980392 0 0
0.5019608 0.4980392 0 0
0.5019608 0.4980392 0 0
0.5019608 0.4980392 0 0
1 0 0 0
1 0 0 0
1 0 0 0
1 0 0 0
1 0 0 0
1 0 0 0
0.9019608 0.09803922 0 0
0.5019608 0.4980392 0 0
0.5019608 0.4980392 0 0
0.5019608 0.4980392 0 0
0.5019608 0.4980392 0 0
0.5019608 0.4980392 0 0
0.5019608 0.4980392 0 0
0.5019608 0.4980392 0 0
0.5019608 0.4980392 0 0
0.5019608 0.4980392 0 0
0.5019608 0.4980392 0 0
0.5019608 0.4980392 0 0
0.5019608 0.4980392 0 0
1 0 0 0
1 0 0 0
1 0 0 0
1 0 0 0
1 0 0 0
1 0 0 0
1 0 0 0
0.5019608 0.4980392 0 0
1 0 0 0
1 0 0 0
1 0 0 0
1 0 0 0
1 0 0 0
1 0 0 0
1 0 0 0
1 0 0 0
0.5019608 0.4980392 0 0
1 0 0 0
1 0 0 0
1 0 0 0
1 0 0 0
1 0 0 0
0.5019608 0.4980392 0 0
0.7529412 0.2470588 0 0
0.7529412 0.2470588 0 0
0.5019608 0.4980392 0 0
0.7529412 0.2470588 0 0
0.5019608 0.4980392 0 0
0.5843137 0.2078431 0.2078431 0
0.5843137 0.2078431 0.2078431 0
0.6509804 0.3490196 0 0
1 0 0 0
0.6509804 0.3490196 0 0
1 0 0 0
0.5019608 0.4980392 0 0
0.6509804 0.3490196 0 0
1 0 0 0
0.509804 0.4901961 0 0
0.5019608 0.4980392 0 0
1 0 0 0
1 0 0 0
1 0 0 0
0.5058824 0.4941177 0 0
0.509804 0.4901961 0 0
0.5058824 0.4941177 0 0
1 0 0 0
1 0 0 0
0.5058824 0.4941177 0 0
0.5058824 0.4941177 0 0
1 0 0 0
0.5019608 0.4980392 0 0
0.5019608 0.4980392 0 0
1 0 0 0
1 0 0 0
0.5019608 0.4980392 0 0
0.509804 0.4901961 0 0
1 0 0 0
0.509804 0.4901961 0 0
0.5058824 0.4941177 0 0
1 0 0 0
0.5058824 0.4941177 0 0
0.5058824 0.4941177 0 0
1 0 0 0
1 0 0 0
0.5019608 0.4980392 0 0
0.5019608 0.4980392 0 0
0.9019608 0.09803922 0 0
0.5019608 0.4980392 0 0
0.5019608 0.4980392 0 0
0.5019608 0.4980392 0 0
0.5019608 0.4980392 0 0
0.5019608 0.4980392 0 0
0.5019608 0.4980392 0 0
0.5019608 0.4980392 0 0
0.5019608 0.4980392 0 0
0.5019608 0.4980392 0 0
0.5019608 0.4980392 0 0
1 0 0 0
1 0 0 0
1 0 0 0
1 0 0 0
1 0 0 0
1 0 0 0
0.5019608 0.4980392 0 0
0.5019608 0.4980392 0 0
0.9019608 0.09803922 0 0
0.5019608 0.4980392 0 0
0.5019608 0.4980392 0 0
0.5019608 0.4980392 0 0
0.5019608 0.4980392 0 0
0.5019608 0.4980392 0 0
0.5019608 0.4980392 0 0
0.5019608 0.4980392 0 0
0.5019608 0.4980392 0 0
0.5019608 0.4980392 0 0
0.5019608 0.4980392 0 0
1 0 0 0
1 0 0 0
1 0 0 0
1 0 0 0
1 0 0 0
1 0 0 0
0.8 0.2 0 0
0.5019608 0.4980392 0 0
0.9019608 0.09803922 0 0
0.8 0.2 0 0
0.5019608 0.4980392 0 0
0.5019608 0.4980392 0 0
0.5019608 0.4980392 0 0
0.5019608 0.4980392 0 0
0.5019608 0.4980392 0 0
0.5019608 0.4980392 0 0
0.5019608 0.4980392 0 0
0.5019608 0.4980392 0 0
0.5019608 0.4980392 0 0
1 0 0 0
1 0 0 0
1 0 0 0
1 0 0 0
1 0 0 0
1 0 0 0
0.6509804 0.3490196 0 0
1 0 0 0
0.5019608 0.4980392 0 0
0.6509804 0.3490196 0 0
1 0 0 0
0.5843137 0.2078431 0.2078431 0
0.5843137 0.2078431 0.2078431 0
0.7529412 0.2470588 0 0
0.5019608 0.4980392 0 0
0.7529412 0.2470588 0 0
0.5019608 0.4980392 0 0
0.7529412 0.2470588 0 0
0.5019608 0.4980392 0 0
1 0 0 0
0.5019608 0.4980392 0 0
0.9019608 0.09803922 0 0
1 0 0 0
0.5019608 0.4980392 0 0
0.5019608 0.4980392 0 0
0.5019608 0.4980392 0 0
0.5019608 0.4980392 0 0
0.5019608 0.4980392 0 0
0.5019608 0.4980392 0 0
0.5019608 0.4980392 0 0
0.5019608 0.4980392 0 0
0.5019608 0.4980392 0 0
1 0 0 0
1 0 0 0
1 0 0 0
1 0 0 0
1 0 0 0
1 0 0 0
1 0 0 0
0.5019608 0.4980392 0 0
0.9764706 0.02352941 0 0
1 0 0 0
0.5019608 0.4980392 0 0
0.5019608 0.4980392 0 0
0.5019608 0.4980392 0 0
0.5019608 0.4980392 0 0
0.5019608 0.4980392 0 0
0.5019608 0.4980392 0 0
0.5019608 0.4980392 0 0
0.5019608 0.4980392 0 0
0.5019608 0.4980392 0 0
1 0 0 0
1 0 0 0
1 0 0 0
1 0 0 0
1 0 0 0
1 0 0 0
1 0 0 0
0.5019608 0.4980392 0 0
1 0 0 0
1 0 0 0
1 0 0 0
1 0 0 0
1 0 0 0
1 0 0 0
1 0 0 0
1 0 0 0
1 0 0 0
1 0 0 0
1 0 0 0
1 0 0 0
1 0 0 0
1 0 0 0
1 0 0 0
1 0 0 0
1 0 0 0
1 0 0 0
1 0 0 0
1 0 0 0
1 0 0 0
1 0 0 0
1 0 0 0
1 0 0 0
1 0 0 0
1 0 0 0
1 0 0 0
1 0 0 0
1 0 0 0
1 0 0 0
1 0 0 0
1 0 0 0
1 0 0 0
1 0 0 0
1 0 0 0
1 0 0 0
1 0 0 0
1 0 0 0
1 0 0 0
1 0 0 0
1 0 0 0
1 0 0 0
1 0 0 0
1 0 0 0
1 0 0 0
1 0 0 0
1 0 0 0
0.9019608 0.09803922 0 0
1 0 0 0
1 0 0 0
0.9019608 0.09803922 0 0
0.9019608 0.09803922 0 0
0.6117647 0.3882353 0 0
0.9019608 0.09803922 0 0
0.8862745 0.1137255 0 0
0.9058824 0.09411765 0 0
1 0 0 0
1 0 0 0
0.5019608 0.4980392 0 0
1 0 0 0
0.5019608 0.4980392 0 0
0.5019608 0.4980392 0 0
0.5019608 0.4980392 0 0
0.5019608 0.4980392 0 0
0.5019608 0.4980392 0 0
0.9019608 0.09803922 0 0
0.9019608 0.09803922 0 0
1 0 0 0
1 0 0 0
0.5019608 0.4980392 0 0
1 0 0 0
0.5019608 0.4980392 0 0
0.5019608 0.4980392 0 0
0.5019608 0.4980392 0 0
0.5019608 0.4980392 0 0
0.5019608 0.4980392 0 0
0.9019608 0.09803922 0 0
0.9019608 0.09803922 0 0
1 0 0 0
0.5019608 0.4980392 0 0
0.5019608 0.4980392 0 0
1 0 0 0
1 0 0 0
0.5019608 0.4980392 0 0
0.5019608 0.4980392 0 0
0.5019608 0.4980392 0 0
0.5019608 0.4980392 0 0
0.9019608 0.09803922 0 0
0.9019608 0.09803922 0 0
0.9019608 0.09803922 0 0
1 0 0 0
0.9058824 0.09411765 0 0
0.8862745 0.1137255 0 0
0.9019608 0.09803922 0 0
0.9019608 0.09803922 0 0
0.9019608 0.09803922 0 0
1 0 0 0
1 0 0 0
1 0 0 0
1 0 0 0
1 0 0 0
1 0 0 0
1 0 0 0
1 0 0 0
1 0 0 0
1 0 0 0
1 0 0 0
1 0 0 0
1 0 0 0
1 0 0 0
1 0 0 0
1 0 0 0
1 0 0 0
1 0 0 0
1 0 0 0
1 0 0 0
1 0 0 0
1 0 0 0
1 0 0 0
1 0 0 0
1 0 0 0
1 0 0 0
1 0 0 0
1 0 0 0
1 0 0 0
1 0 0 0
1 0 0 0
1 0 0 0
1 0 0 0
1 0 0 0
1 0 0 0
1 0 0 0
1 0 0 0
1 0 0 0
1 0 0 0
1 0 0 0
1 0 0 0
1 0 0 0
1 0 0 0
0.5019608 0.4980392 0 0
0.5019608 0.4980392 0 0
0.9019608 0.09803922 0 0
0.9019608 0.09803922 0 0
0.5019608 0.4980392 0 0
0.5019608 0.4980392 0 0
0.5019608 0.4980392 0 0
1 0 0 0
0.5019608 0.4980392 0 0
1 0 0 0
1 0 0 0
1 0 0 0
0.5019608 0.4980392 0 0
0.5019608 0.4980392 0 0
1 0 0 0
1 0 0 0
0.5019608 0.4980392 0 0
0.5019608 0.4980392 0 0
0.5019608 0.4980392 0 0
0.9019608 0.09803922 0 0
0.5019608 0.4980392 0 0
0.9019608 0.09803922 0 0
1 0 0 0
0.5019608 0.4980392 0 0
0.5019608 0.4980392 0 0
1 0 0 0
1 0 0 0
0.5019608 0.4980392 0 0
0.5019608 0.4980392 0 0
0.5019608 0.4980392 0 0
0.9019608 0.09803922 0 0
0.5019608 0.4980392 0 0
0.9019608 0.09803922 0 0
128
56 56 56 56
56 56 56 56
56 56 56 56
24 39 56 56
24 39 56 56
24 39 56 56
24 39 56 56
24 39 56 56
24 39 56 56
24 39 56 56
24 39 56 56
24 39 56 56
24 39 56 56
24 39 56 56
24 39 56 56
24 39 56 56
24 39 56 56
24 39 56 56
24 39 56 56
24 39 56 56
24 39 56 56
24 39 56 56
24 39 56 56
24 39 56 56
24 39 56 56
24 39 56 56
24 39 56 56
24 39 56 56
24 39 56 56
24 39 56 56
24 39 56 56
24 39 56 56
24 39 56 56
24 39 56 56
24 39 56 56
56 66 56 56
56 66 56 56
56 66 56 56
56 66 56 56
66 56 56 56
56 66 56 56
56 66 56 56
56 66 56 56
56 66 56 56
56 66 56 56
66 56 56 56
56 66 56 56
56 66 56 56
56 66 56 56
56 66 56 56
56 66 56 56
56 66 56 56
56 66 56 56
56 66 56 56
56 66 56 56
56 66 56 56
66 56 56 56
66 56 56 56
66 56 56 56
66 56 56 56
66 56 56 56
66 56 56 56
66 56 56 56
66 56 56 56
56 66 56 56
56 66 56 56
66 56 56 56
66 56 56 56
56 66 56 56
56 66 56 56
56 56 56 56
56 56 56 56
56 56 56 56
56 66 56 56
56 56 56 56
56 56 56 56
56 56 56 56
56 56 56 56
56 56 56 56
56 56 56 56
56 56 56 56
56 56 56 56
56 56 56 56
56 56 56 56
56 56 56 56
56 56 56 56
56 56 56 56
56 56 56 56
56 56 56 56
56 56 56 56
56 56 56 56
56 56 56 56
56 66 56 56
66 56 56 56
56 66 56 56
56 56 56 56
56 56 56 56
56 56 56 56
56 66 56 56
56 66 56 56
56 66 56 56
56 56 56 56
56 66 56 56
56 66 56 56
56 66 56 56
56 66 56 56
56 66 56 56
56 66 56 56
56 56 56 56
56 56 56 56
56 66 56 56
56 66 56 56
66 56 56 56
56 66 56 56
66 56 56 56
66 56 56 56
56 66 56 56
56 66 56 56
56 66 56 56
66 56 56 56
66 56 56 56
56 66 56 56
56 66 56 56
56 66 56 56
56 66 56 56
66 56 56 56
66 56 56 56
66 56 56 56
56 66 56 56
56 66 56 56
56 66 56 56
66 56 56 56
66 56 56 56
66 56 56 56
66 56 56 56
66 56 56 56
66 56 56 56
66 56 56 56
66 56 56 56
66 56 56 56
68 56 56 56
68 56 56 56
68 56 56 56
68 56 56 56
68 56 56 56
56 68 56 56
56 68 56 56
56 56 56 56
56 56 56 56
56 56 56 56
56 56 56 56
56 56 56 56
56 56 56 56
56 56 56 56
56 56 56 56
56 56 56 56
56 56 56 56
56 56 56 56
56 56 56 56
56 56 56 56
56 56 56 56
56 56 56 56
56 56 56 56
56 70 44 56
56 70 44 56
70 80 56 56
70 80 56 56
80 70 56 56
80 70 56 56
80 84 56 56
80 84 56 56
84 86 80 56
84 86 80 56
84 86 56 56
84 86 56 56
86 56 56 56
86 56 56 56
86 56 56 56
86 56 56 56
56 56 56 56
56 56 56 56
56 56 56 56
56 56 56 56
56 56 56 56
56 56 56 56
56 56 56 56
56 56 56 56
56 56 56 56
56 56 56 56
56 56 56 56
56 56 56 56
56 56 56 56
56 56 56 56
56 56 56 56
56 56 56 56
56 56 56 56
56 56 56 56
56 56 56 56
56 56 56 56
56 56 56 56
56 56 56 56
56 56 56 56
56 56 56 56
56 56 56 56
56 56 56 56
56 56 56 56
56 56 56 56
56 56 56 56
56 66 56 56
56 56 56 56
56 56 56 56
56 56 56 56
56 66 56 56
56 66 56 56
56 56 56 56
56 56 56 56
56 56 56 56
56 56 56 56
56 56 56 56
56 56 56 56
56 56 56 56
56 56 56 56
56 56 56 56
56 56 56 56
56 56 56 56
56 56 56 56
56 56 56 56
56 56 56 56
67 56 56 56
56 67 56 56
56 67 56 56
56 67 56 56
67 56 56 56
67 56 56 56
67 56 56 56
67 56 56 56
67 56 56 56
67 56 56 56
56 56 56 56
56 67 66 56
66 56 56 56
56 66 56 56
66 56 56 56
66 56 56 56
66 56 56 56
66 56 56 56
66 56 56 56
66 56 56 56
66 56 56 56
66 56 56 56
66 56 56 56
56 66 56 56
67 56 56 56
56 67 66 56
67 56 56 56
67 56 56 56
56 44 56 56
67 56 56 56
67 56 56 56
71 79 56 56
71 79 56 56
79 56 56 56
71 79 56 56
56 44 56 56
44 56 56 56
44 56 56 56
44 56 56 56
7 25 56 56
25 7 56 56
7 25 56 56
25 44 56 56
25 44 7 56
25 44 56 56
44 25 56 56
44 25 56 56
44 56 56 56
44 56 56 56
23 43 56 56
23 6 56 56
23 43 56 56
23 43 56 56
23 6 56 56
23 43 56 56
23 6 56 56
25 7 56 56
7 25 56 56
7 25 56 56
25 7 56 56
7 25 56 56
25 44 7 56
25 44 7 56
25 44 56 56
25 44 56 56
44 25 56 56
44 25 56 56
44 56 56 56
44 56 56 56
44 56 56 56
44 56 56 56
44 56 56 56
56 44 56 56
44 56 56 56
44 25 56 56
25 44 56 56
56 44 56 56
56 56 56 56
56 56 56 56
56 56 56 56
56 56 56 56
70 56 44 56
56 56 56 56
56 44 56 56
56 56 56 56
67 56 56 56
56 44 56 56
56 66 67 56
56 44 56 56
66 56 56 56
44 56 56 56
44 56 56 56
44 56 56 56
44 56 56 56
44 25 56 56
44 25 56 56
25 44 56 56
25 44 56 56
25 44 7 56
25 44 7 56
25 44 7 56
25 7 56 56
25 7 56 56
25 7 56 56
7 25 56 56
7 2 56 56
7 2 56 56
7 25 56 56
7 25 56 56
7 2 56 56
7 2 56 56
7 25 56 56
7 2 56 56
7 2 56 56
7 25 56 56
25 7 56 56
7 2 56 56
25 7 56 56
25 44 7 56
7 25 56 56
7 2 56 56
7 25 56 56
25 44 7 56
25 44 56 56
25 7 56 56
25 44 56 56
44 25 56 56
25 7 56 56
7 25 56 56
25 44 7 56
44 25 56 56
44 56 56 56
25 7 56 56
7 25 56 56
25 44 7 56
25 44 7 56
25 44 56 56
25 44 56 56
25 44 56 56
44 25 56 56
44 25 56 56
44 25 56 56
44 56 56 56
44 56 56 56
44 56 56 56
44 56 56 56
44 56 56 56
44 56 56 56
44 56 56 56
56 44 56 56
44 56 56 56
44 56 56 56
56 44 56 56
56 44 56 56
56 44 56 56
56 56 56 56
56 56 56 56
56 56 56 56
56 56 56 56
72 56 44 56
56 56 56 56
56 44 56 56
56 56 56 56
69 56 56 56
56 66 69 56
66 56 56 56
24 39 56 56
24 39 56 56
24 39 56 56
24 39 56 56
24 39 56 56
24 39 56 56
2 7 56 56
2 7 56 56
7 2 56 56
7 2 56 56
2 7 56 56
7 2 56 56
2 7 56 56
2 7 56 56
7 2 56 56
2 7 56 56
7 2 56 56
2 7 56 56
7 2 56 56
2 7 11 56
2 7 56 56
2 7 11 56
71 79 56 56
79 56 56 56
79 56 56 56
79 56 56 56
79 56 56 56
79 56 56 56
79 56 56 56
79 56 56 56
71 79 56 56
44 56 56 56
56 44 56 56
44 56 56 56
44 56 56 56
44 25 56 56
44 25 56 56
25 44 56 56
25 44 56 56
25 44 7 56
25 7 56 56
7 25 56 56
7 25 56 56
23 6 56 56
23 43 56 56
23 43 56 56
23 6 56 56
23 43 56 56
23 6 56 56
23 43 56 56
23 6 56 56
23 43 56 56
23 6 56 56
2 7 56 56
2 7 56 56
7 2 56 56
7 2 56 56
2 7 56 56
7 25 56 56
7 2 56 56
7 25 56 56
7 2 56 56
7 25 56 56
7 25 56 56
7 2 56 56
2 7 56 56
7 25 56 56
2 7 56 56
2 7 56 56
7 2 56 56
7 2 56 56
7 25 56 56
7 2 56 56
2 7 56 56
2 7 11 56
2 7 56 56
2 7 11 56
23 6 56 56
23 56 56 56
23 56 56 56
23 6 56 56
23 6 56 56
23 56 56 56
23 6 56 56
23 6 56 56
23 56 56 56
23 56 56 56
23 6 56 56
23 6 56 56
23 56 56 56
23 6 56 56
43 56 56 56
43 56 56 56
43 56 56 56
43 56 56 56
43 56 56 56
43 56 56 56
43 56 56 56
43 56 56 56
43 56 56 56
43 56 56 56
43 56 56 56
43 56 56 56
43 56 56 56
43 56 56 56
43 56 56 56
43 56 56 56
43 56 56 56
43 56 56 56
43 56 56 56
43 56 56 56
43 56 56 56
43 56 56 56
43 56 56 56
43 56 56 56
43 56 56 56
43 56 56 56
43 56 56 56
43 56 56 56
43 56 56 56
43 56 56 56
43 56 56 56
43 56 56 56
43 56 56 56
43 56 56 56
43 56 56 56
43 56 56 56
43 56 56 56
43 56 56 56
43 56 56 56
43 56 56 56
43 56 56 56
43 56 56 56
43 56 56 56
43 56 56 56
43 56 56 56
43 56 56 56
43 56 56 56
43 56 56 56
43 56 56 56
43 56 56 56
7 2 56 56
7 2 56 56
7 25 56 56
7 25 56 56
7 2 56 56
7 25 56 56
7 2 56 56
7 25 56 56
7 2 56 56
7 25 56 56
7 25 56 56
7 2 56 56
7 25 56 56
7 2 56 56
7 25 56 56
7 2 56 56
23 56 56 56
23 56 56 56
23 6 56 56
23 6 56 56
23 6 56 56
23 56 56 56
6 23 56 56
6 23 56 56
6 23 56 56
6 23 56 56
23 6 56 56
6 23 56 56
6 23 56 56
6 23 56 56
23 6 56 56
23 6 56 56
23 6 56 56
23 6 56 56
23 6 56 56
23 6 56 56
23 6 56 56
23 56 56 56
23 56 56 56
23 6 56 56
23 56 56 56
6 23 56 56
23 56 56 56
23 6 56 56
43 56 56 56
43 56 56 56
43 56 56 56
43 56 56 56
43 56 56 56
43 56 56 56
43 56 56 56
43 56 56 56
43 56 56 56
43 56 56 56
43 56 56 56
43 56 56 56
43 56 56 56
43 56 56 56
43 56 56 56
43 56 56 56
43 56 56 56
43 56 56 56
43 56 56 56
43 56 56 56
43 56 56 56
43 56 56 56
43 56 56 56
43 56 56 56
43 56 56 56
43 56 56 56
43 56 56 56
43 56 56 56
43 56 56 56
43 56 56 56
43 56 56 56
43 56 56 56
43 56 56 56
43 56 56 56
43 56 56 56
43 56 56 56
43 56 56 56
43 56 56 56
43 56 56 56
43 56 56 56
43 56 56 56
43 56 56 56
43 56 56 56
43 56 56 56
43 56 56 56
43 56 56 56
43 56 56 56
43 56 56 56
43 56 56 56
43 56 56 56
43 56 56 56
43 56 56 56
43 56 56 56
43 56 56 56
43 56 56 56
43 56 56 56
43 56 56 56
43 56 56 56
43 56 56 56
43 56 56 56
43 56 56 56
43 56 56 56
43 56 56 56
43 56 56 56
23 43 56 56
23 43 56 56
43 56 56 56
23 43 56 56
43 56 56 56
43 56 56 56
43 56 56 56
43 56 56 56
23 43 56 56
43 56 56 56
43 56 56 56
23 43 56 56
43 56 56 56
43 56 56 56
43 56 56 56
43 56 56 56
43 56 56 56
43 56 56 56
43 56 56 56
43 56 56 56
43 56 56 56
43 56 56 56
43 56 56 56
43 56 56 56
43 56 56 56
43 56 56 56
43 56 56 56
23 43 56 56
43 56 56 56
43 56 56 56
43 56 56 56
43 56 56 56
43 56 56 56
43 56 56 56
43 56 56 56
43 56 56 56
43 56 56 56
43 56 56 56
43 56 56 56
43 56 56 56
43 56 56 56
43 56 56 56
43 56 56 56
43 56 56 56
43 56 56 56
43 56 56 56
43 56 56 56
23 43 56 56
43 56 56 56
43 56 56 56
43 56 56 56
43 56 56 56
43 56 56 56
23 43 56 56
43 56 56 56
43 56 56 56
43 56 56 56
43 56 56 56
43 56 56 56
43 56 56 56
43 56 56 56
43 56 56 56
43 56 56 56
43 56 56 56
43 56 56 56
43 56 56 56
43 56 56 56
43 56 56 56
43 56 56 56
43 56 56 56
43 56 56 56
43 56 56 56
43 56 56 56
43 56 56 56
43 56 56 56
43 56 56 56
43 56 56 56
43 56 56 56
43 56 56 56
43 56 56 56
43 56 56 56
43 56 56 56
43 56 56 56
43 56 56 56
43 56 56 56
43 56 56 56
43 56 56 56
43 56 56 56
43 56 56 56
43 56 56 56
43 56 56 56
43 56 56 56
43 56 56 56
43 56 56 56
43 56 56 56
43 56 56 56
43 56 56 56
43 56 56 56
43 56 56 56
43 56 56 56
43 56 56 56
43 56 56 56
43 56 56 56
43 56 56 56
43 56 56 56
43 56 56 56
43 56 56 56
43 56 56 56
43 56 56 56
43 56 56 56
43 56 56 56
43 56 56 56
43 56 56 56
43 56 56 56
43 56 56 56
43 56 56 56
43 56 56 56
43 56 56 56
43 56 56 56
43 56 56 56
43 56 56 56
43 56 56 56
43 56 56 56
43 56 56 56
43 56 56 56
43 56 56 56
43 56 56 56
43 56 56 56
43 56 56 56
43 56 56 56
43 56 56 56
43 56 56 56
43 56 56 56
43 56 56 56
43 56 56 56
43 56 56 56
43 56 56 56
43 56 56 56
43 56 56 56
43 56 56 56
43 56 56 56
43 56 56 56
43 56 56 56
43 56 56 56
43 56 56 56
43 56 56 56
43 56 56 56
43 56 56 56
43 56 56 56
43 56 56 56
43 56 56 56
43 56 56 56
43 56 56 56
43 56 56 56
43 56 56 56
43 56 56 56
43 56 56 56
43 56 56 56
43 56 56 56
43 56 56 56
43 56 56 56
43 56 56 56
43 56 56 56
43 56 56 56
43 56 56 56
43 56 56 56
43 56 56 56
43 56 56 56
43 56 56 56
43 56 56 56
43 56 56 56
43 56 56 56
43 56 56 56
43 56 56 56
43 56 56 56
43 56 56 56
43 56 56 56
43 56 56 56
43 56 56 56
43 56 56 56
43 56 56 56
43 56 56 56
43 56 56 56
43 56 56 56
43 56 56 56
43 56 56 56
6 56 56 56
6 23 56 56
6 23 56 56
6 56 56 56
0 1 6 56
6 0 1 56
6 56 56 56
6 23 56 56
6 56 56 56
6 0 1 56
6 0 1 56
6 0 1 56
6 56 56 56
6 23 56 56
6 23 56 56
6 56 56 56
6 23 56 56
6 0 1 56
6 56 56 56
6 0 56 56
6 56 56 56
6 23 56 56
6 0 56 56
6 0 1 56
6 0 1 56
6 0 56 56
6 0 1 56
6 0 56 56
6 0 1 56
0 6 1 56
0 1 6 56
0 6 1 56
0 1 6 56
6 0 1 56
6 56 56 56
6 23 56 56
6 56 56 56
6 0 1 56
0 1 6 56
68 56 56 56
68 56 56 56
68 56 56 56
68 56 56 56
68 56 56 56
56 68 56 56
56 68 56 56
56 56 56 56
56 56 56 56
56 56 56 56
56 56 56 56
69 56 56 56
69 56 56 56
69 56 56 56
69 56 56 56
69 56 56 56
69 56 56 56
69 56 56 56
57 71 56 56
71 79 56 56
71 79 56 56
57 71 56 56
45 57 56 56
45 57 56 56
26 45 56 56
26 45 56 56
9 26 56 56
9 26 56 56
1 9 56 56
1 9 56 56
9 26 56 56
1 9 56 56
26 45 56 56
9 26 56 56
1 9 56 56
1 9 56 56
9 26 56 56
26 45 56 56
26 45 56 56
45 57 56 56
45 57 56 56
57 71 56 56
57 71 56 56
71 79 56 56
24 39 56 56
24 39 56 56
24 39 56 56
24 39 56 56
24 39 56 56
24 39 56 56
1 9 56 56
1 9 56 56
1 56 56 56
1 56 56 56
1 9 56 56
1 0 56 56
1 0 56 56
0 1 56 56
0 1 56 56
0 1 56 56
1 0 56 56
0 56 56 56
0 1 56 56
0 1 56 56
0 1 56 56
0 56 56 56
0 56 56 56
0 56 56 56
0 2 56 56
0 2 56 56
0 56 56 56
0 2 56 56
0 56 56 56
0 2 56 56
0 2 56 56
0 2 56 56
2 7 56 56
0 2 56 56
2 7 56 56
7 2 56 56
7 2 56 56
2 7 56 56
7 2 56 56
2 7 56 56
7 2 56 56
2 7 56 56
7 2 56 56
2 7 56 56
7 2 56 56
2 7 56 56
2 12 56 56
7 2 56 56
2 7 56 56
2 7 56 56
7 2 56 56
2 7 56 56
2 11 7 56
2 11 7 56
2 11 56 56
2 12 7 56
11 24 56 56
11 24 56 56
11 24 56 56
11 24 56 56
11 24 56 56
11 24 56 56
24 39 56 56
24 39 56 56
11 24 56 56
24 39 56 56
11 24 56 56
0 2 56 56
0 56 56 56
0 56 56 56
0 2 56 56
0 12 2 56
2 12 56 56
0 2 56 56
0 2 56 56
0 2 56 56
0 2 56 56
2 12 56 56
0 56 56 56
0 56 56 56
0 1 56 56
0 56 56 56
0 2 56 56
0 2 56 56
0 2 56 56
0 2 56 56
0 2 56 56
0 56 56 56
0 2 56 56
0 56 56 56
0 56 56 56
0 2 56 56
0 56 56 56
0 2 56 56
0 1 56 56
0 56 56 56
0 6 56 56
0 1 56 56
0 6 1 56
6 0 1 56
6 0 1 56
0 1 6 56
6 0 1 56
0 1 6 56
6 0 1 56
0 6 1 56
0 1 56 56
1 5 6 56
0 1 6 56
1 13 56 56
6 0 1 56
1 5 6 56
0 1 6 56
1 9 56 56
1 13 56 56
0 1 6 56
1 13 56 56
1 9 56 56
0 1 56 56
1 13 56 56
0 1 56 56
1 0 56 56
1 9 56 56
12 28 56 56
12 28 56 56
12 28 56 56
12 28 56 56
12 28 56 56
12 28 56 56
12 28 56 56
12 28 56 56
12 28 56 56
12 28 56 56
12 28 56 56
12 28 56 56
12 28 56 56
12 28 56 56
12 28 56 56
12 28 56 56
12 28 56 56
12 28 56 56
12 28 56 56
12 28 56 56
12 28 56 56
12 28 56 56
12 28 56 56
12 28 56 56
12 28 56 56
12 28 56 56
12 28 56 56
12 28 56 56
12 28 56 56
12 28 56 56
12 28 56 56
12 28 56 56
12 28 56 56
12 28 56 56
12 28 56 56
12 28 56 56
69 56 56 56
69 56 56 56
56 44 56 56
69 56 56 56
56 69 66 56
69 56 56 56
69 56 56 56
56 66 56 56
56 66 56 56
66 56 56 56
66 56 56 56
66 56 56 56
56 69 66 56
66 56 56 56
66 56 56 56
66 56 56 56
66 56 56 56
66 56 56 56
66 56 56 56
66 56 56 56
56 66 56 56
56 56 56 56
56 56 56 56
69 56 56 56
56 56 56 56
69 56 56 56
56 56 56 56
56 66 56 56
56 66 56 56
56 69 56 56
69 56 56 56
69 56 56 56
69 56 56 56
69 56 56 56
69 56 56 56
56 56 56 56
56 56 56 56
56 56 56 56
56 69 56 56
56 56 56 56
56 56 56 56
56 56 56 56
56 56 56 56
56 56 56 56
56 56 56 56
56 56 56 56
56 56 56 56
56 56 56 56
56 56 56 56
56 56 56 56
56 56 56 56
56 56 56 56
56 56 56 56
56 56 56 56
56 56 56 56
56 56 56 56
56 56 56 56
56 56 56 56
56 56 56 56
56 56 56 56
56 56 56 56
56 56 56 56
56 56 56 56
56 56 56 56
56 56 56 56
56 56 56 56
56 56 56 56
56 56 56 56
56 56 56 56
56 56 56 56
56 56 56 56
56 56 56 56
56 56 56 56
56 56 56 56
56 56 56 56
56 56 56 56
56 56 56 56
56 56 56 56
56 56 56 56
56 56 56 56
56 56 56 56
56 56 56 56
56 56 56 56
56 56 56 56
56 56 56 56
56 56 56 56
56 56 56 56
56 56 56 56
56 56 56 56
56 56 56 56
56 56 56 56
56 56 56 56
56 68 56 56
56 56 56 56
56 68 56 56
56 56 56 56
68 56 56 56
56 56 56 56
56 72 44 56
56 72 44 56
72 81 56 56
72 81 56 56
72 81 56 56
72 81 56 56
81 85 56 56
81 85 56 56
85 87 81 56
85 87 81 56
85 87 56 56
85 87 56 56
87 56 56 56
87 56 56 56
87 56 56 56
87 56 56 56
68 56 56 56
68 56 56 56
68 56 56 56
68 56 56 56
69 56 56 56
69 56 56 56
69 56 56 56
69 56 56 56
69 56 56 56
56 44 56 56
56 69 66 56
56 66 56 56
56 66 56 56
56 66 56 56
24 39 56 56
24 39 56 56
24 39 56 56
24 39 56 56
24 39 56 56
12 28 56 56
12 28 56 56
28 42 56 56
28 42 56 56
42 56 56 56
28 42 56 56
12 28 56 56
28 42 56 56
28 42 56 56
12 28 56 56
12 28 56 56
12 28 56 56
12 28 56 56
28 42 56 56
28 42 56 56
42 56 56 56
28 42 56 56
12 28 56 56
28 42 56 56
28 42 56 56
12 28 56 56
12 28 56 56
22 5 56 56
22 5 56 56
22 41 56 56
22 41 56 56
22 5 56 56
22 41 56 56
22 41 56 56
22 5 56 56
22 5 56 56
22 41 56 56
22 41 56 56
22 5 56 56
22 41 56 56
22 5 56 56
22 41 56 56
22 5 56 56
22 41 56 56
22 5 56 56
22 5 56 56
22 56 56 56
22 56 56 56
22 5 56 56
22 5 56 56
22 56 56 56
22 5 56 56
22 5 56 56
22 56 56 56
22 56 56 56
22 5 56 56
22 5 56 56
22 56 56 56
22 56 56 56
22 56 56 56
22 5 56 56
22 5 56 56
22 5 56 56
22 56 56 56
5 22 56 56
5 22 56 56
5 22 56 56
5 22 56 56
22 5 56 56
5 22 56 56
5 22 56 56
5 22 56 56
22 5 56 56
22 5 56 56
22 5 56 56
22 5 56 56
22 5 56 56
22 5 56 56
22 5 56 56
22 56 56 56
22 56 56 56
22 5 56 56
22 5 56 56
5 22 56 56
22 56 56 56
22 5 56 56
41 56 56 56
41 56 56 56
41 56 56 56
41 56 56 56
41 56 56 56
41 56 56 56
41 56 56 56
41 56 56 56
41 56 56 56
41 56 56 56
41 56 56 56
41 56 56 56
41 56 56 56
41 56 56 56
41 56 56 56
41 56 56 56
41 56 56 56
41 56 56 56
41 56 56 56
41 56 56 56
41 56 56 56
41 56 56 56
41 56 56 56
41 56 56 56
41 56 56 56
41 56 56 56
41 56 56 56
41 56 56 56
41 56 56 56
41 56 56 56
41 56 56 56
41 56 56 56
41 56 56 56
41 56 56 56
41 56 56 56
41 56 56 56
41 56 56 56
41 56 56 56
41 56 56 56
41 56 56 56
41 56 56 56
41 56 56 56
41 56 56 56
41 56 56 56
41 56 56 56
41 56 56 56
41 56 56 56
41 56 56 56
41 56 56 56
41 56 56 56
41 56 56 56
41 56 56 56
41 56 56 56
41 56 56 56
41 56 56 56
41 56 56 56
41 56 56 56
41 56 56 56
41 56 56 56
41 56 56 56
41 56 56 56
41 56 56 56
41 56 56 56
41 56 56 56
41 56 56 56
41 56 56 56
41 56 56 56
41 56 56 56
41 56 56 56
41 56 56 56
41 56 56 56
41 56 56 56
41 56 56 56
41 56 56 56
41 56 56 56
41 56 56 56
41 56 56 56
41 56 56 56
41 56 56 56
41 56 56 56
41 56 56 56
41 56 56 56
41 56 56 56
41 56 56 56
41 56 56 56
41 56 56 56
41 56 56 56
41 56 56 56
41 56 56 56
41 56 56 56
41 56 56 56
41 56 56 56
41 56 56 56
41 56 56 56
41 56 56 56
41 56 56 56
41 56 56 56
41 56 56 56
41 56 56 56
41 56 56 56
41 56 56 56
41 56 56 56
41 56 56 56
41 56 56 56
41 56 56 56
41 56 56 56
41 56 56 56
41 56 56 56
41 56 56 56
41 56 56 56
41 56 56 56
41 56 56 56
41 56 56 56
41 56 56 56
41 56 56 56
41 56 56 56
41 56 56 56
41 56 56 56
41 56 56 56
41 56 56 56
41 56 56 56
41 56 56 56
41 56 56 56
41 56 56 56
41 56 56 56
41 56 56 56
41 56 56 56
41 56 56 56
41 56 56 56
41 56 56 56
41 56 56 56
41 56 56 56
41 56 56 56
41 56 56 56
41 56 56 56
41 56 56 56
41 56 56 56
41 56 56 56
41 56 56 56
22 41 56 56
22 41 56 56
22 41 56 56
41 56 56 56
41 56 56 56
22 41 56 56
41 56 56 56
41 56 56 56
22 41 56 56
41 56 56 56
41 56 56 56
41 56 56 56
41 56 56 56
41 56 56 56
41 56 56 56
22 41 56 56
41 56 56 56
41 56 56 56
41 56 56 56
41 56 56 56
41 56 56 56
41 56 56 56
41 56 56 56
41 56 56 56
41 56 56 56
41 56 56 56
41 56 56 56
41 56 56 56
41 56 56 56
41 56 56 56
41 56 56 56
41 56 56 56
41 56 56 56
41 56 56 56
41 56 56 56
22 41 56 56
41 56 56 56
41 56 56 56
41 56 56 56
41 56 56 56
41 56 56 56
22 41 56 56
41 56 56 56
41 56 56 56
41 56 56 56
41 56 56 56
41 56 56 56
41 56 56 56
41 56 56 56
41 56 56 56
41 56 56 56
41 56 56 56
41 56 56 56
41 56 56 56
41 56 56 56
41 56 56 56
41 56 56 56
41 56 56 56
41 56 56 56
41 56 56 56
41 56 56 56
41 56 56 56
41 56 56 56
41 56 56 56
41 56 56 56
41 56 56 56
41 56 56 56
41 56 56 56
41 56 56 56
41 56 56 56
41 56 56 56
41 56 56 56
41 56 56 56
41 56 56 56
41 56 56 56
41 56 56 56
41 56 56 56
41 56 56 56
41 56 56 56
41 56 56 56
41 56 56 56
41 56 56 56
41 56 56 56
41 56 56 56
41 56 56 56
41 56 56 56
41 56 56 56
41 56 56 56
41 56 56 56
41 56 56 56
41 56 56 56
41 56 56 56
41 56 56 56
41 56 56 56
41 56 56 56
41 56 56 56
41 56 56 56
41 56 56 56
41 56 56 56
41 56 56 56
41 56 56 56
41 56 56 56
41 56 56 56
41 56 56 56
41 56 56 56
41 56 56 56
41 56 56 56
41 56 56 56
41 56 56 56
41 56 56 56
41 56 56 56
41 56 56 56
41 56 56 56
41 56 56 56
56 56 56 56
56 68 56 56
56 56 56 56
56 68 56 56
68 56 56 56
68 56 56 56
68 56 56 56
68 56 56 56
68 56 56 56
57 71 56 56
71 79 56 56
71 79 56 56
57 71 56 56
45 57 56 56
45 57 56 56
26 45 56 56
26 45 56 56
9 26 56 56
9 26 56 56
1 9 56 56
1 9 56 56
9 26 56 56
1 9 56 56
26 45 56 56
9 26 56 56
1 9 56 56
1 9 56 56
9 26 56 56
26 45 56 56
26 45 56 56
45 57 56 56
45 57 56 56
57 71 56 56
57 71 56 56
71 79 56 56
56 66 56 56
56 66 67 56
66 56 56 56
56 66 56 56
67 56 56 56
56 67 66 56
2 7 11 56
2 7 11 56
2 7 56 56
2 7 56 56
2 7 56 56
7 2 56 56
2 7 56 56
2 7 56 56
7 2 56 56
7 25 56 56
7 25 56 56
7 2 56 56
2 7 56 56
7 2 56 56
7 25 56 56
7 2 56 56
2 7 56 56
7 25 56 56
7 2 56 56
2 7 56 56
7 2 56 56
7 25 56 56
7 2 56 56
7 25 56 56
12 28 56 56
12 28 56 56
28 42 56 56
28 42 56 56
42 56 56 56
28 42 56 56
12 28 56 56
28 42 56 56
28 42 56 56
12 28 56 56
12 28 56 56
8 27 56 56
8 27 56 56
8 27 56 56
8 27 56 56
8 27 56 56
8 27 56 56
8 27 56 56
8 27 56 56
8 27 56 56
8 27 56 56
8 27 56 56
8 27 56 56
8 27 56 56
8 27 56 56
8 27 56 56
8 27 56 56
8 27 56 56
8 27 56 56
8 27 56 56
8 27 56 56
8 27 56 56
8 27 56 56
8 27 56 56
8 27 56 56
8 27 56 56
8 27 56 56
8 27 56 56
8 27 56 56
8 27 56 56
8 27 56 56
8 27 56 56
8 27 56 56
8 27 56 56
8 27 56 56
8 27 56 56
8 27 56 56
39 24 56 56
24 39 56 56
24 39 56 56
39 24 56 56
24 39 56 56
39 56 56 56
39 24 56 56
39 56 56 56
39 56 56 56
39 56 56 56
12 28 56 56
12 28 56 56
12 28 56 56
12 28 56 56
2 12 56 56
12 28 56 56
2 12 56 56
2 7 56 56
2 7 56 56
2 12 56 56
12 28 56 56
12 28 56 56
2 12 56 56
12 28 56 56
12 28 56 56
12 28 56 56
24 39 56 56
39 24 56 56
24 39 56 56
39 24 56 56
24 39 56 56
39 56 56 56
39 24 56 56
39 56 56 56
39 56 56 56
39 56 56 56
24 39 56 56
24 39 56 56
11 24 56 56
11 24 56 56
11 24 56 56
11 24 56 56
2 11 7 56
11 24 56 56
2 11 7 56
2 7 56 56
11 24 56 56
24 39 56 56
11 24 56 56
11 24 56 56
0 2 56 56
0 56 56 56
0 56 56 56
2 7 56 56
2 7 56 56
2 11 56 56
2 0 7 56
7 2 56 56
7 2 56 56
2 7 56 56
7 2 56 56
2 7 56 56
7 2 56 56
2 7 56 56
7 2 56 56
2 7 56 56
7 2 56 56
0 2 56 56
0 2 56 56
2 7 56 56
7 2 56 56
2 7 56 56
7 2 56 56
2 7 56 56
0 2 56 56
0 2 56 56
0 2 56 56
0 2 56 56
0 2 56 56
0 2 56 56
0 56 56 56
0 56 56 56
0 1 56 56
0 1 56 56
0 1 56 56
0 56 56 56
0 56 56 56
0 56 56 56
0 56 56 56
0 1 56 56
1 0 56 56
0 1 56 56
1 0 56 56
1 56 56 56
1 0 56 56
1 56 56 56
0 1 56 56
1 9 56 56
1 9 56 56
1 9 56 56
0 1 56 56
1 10 56 56
1 0 56 56
0 1 56 56
0 56 56 56
1 9 56 56
1 9 56 56
0 1 56 56
0 1 56 56
0 56 56 56
1 10 56 56
1 9 56 56
1 10 56 56
1 5 6 56
1 5 6 56
1 10 56 56
0 1 5 56
0 1 5 56
0 1 5 56
5 0 1 56
0 5 1 56
0 1 5 56
5 0 1 56
0 5 1 56
0 1 56 56
0 1 56 56
0 1 5 56
5 0 1 56
0 56 56 56
0 56 56 56
0 2 56 56
0 5 56 56
5 0 1 56
0 2 56 56
0 5 56 56
5 0 1 56
0 2 56 56
0 2 56 56
0 8 2 56
2 0 8 7
0 2 56 56
0 2 56 56
0 2 56 56
0 2 56 56
2 8 0 7
0 2 56 56
0 56 56 56
0 2 56 56
0 2 56 56
0 56 56 56
0 56 56 56
0 2 56 56
0 2 56 56
5 0 1 56
5 0 1 56
5 0 1 56
5 56 56 56
5 56 56 56
5 22 56 56
5 0 1 56
5 22 56 56
5 56 56 56
0 1 5 56
5 56 56 56
5 22 56 56
5 22 56 56
5 22 56 56
5 56 56 56
5 56 56 56
5 22 56 56
5 0 1 56
5 56 56 56
5 0 56 56
5 56 56 56
5 22 56 56
5 0 56 56
5 0 1 56
5 0 1 56
5 0 56 56
5 0 1 56
5 0 56 56
5 0 1 56
0 5 1 56
0 1 5 56
0 5 1 56
0 1 5 56
5 0 1 56
5 56 56 56
5 22 56 56
5 56 56 56
5 0 1 56
0 1 5 56
56 56 56 56
67 56 56 56
56 56 56 56
67 56 56 56
67 56 56 56
67 56 56 56
67 56 56 56
67 56 56 56
67 56 56 56
56 70 44 56
56 56 56 56
56 56 56 56
56 70 44 56
70 80 56 56
70 80 56 56
80 70 56 56
80 70 56 56
80 84 56 56
80 84 56 56
84 86 80 56
84 86 80 56
84 86 56 56
84 86 56 56
86 56 56 56
86 56 56 56
86 56 56 56
86 56 56 56
8 27 56 56
8 27 56 56
8 27 56 56
8 27 56 56
2 0 8 7
8 27 56 56
2 8 0 7
8 27 56 56
8 27 56 56
8 27 56 56
8 27 56 56
8 27 56 56
2 0 8 7
8 2 0 56
2 7 56 56
2 7 56 56
41 56 56 56
41 56 56 56
41 56 56 56
41 56 56 56
41 56 56 56
41 56 56 56
41 56 56 56
41 56 56 56
41 56 56 56
41 56 56 56
41 56 56 56
41 56 56 56
41 56 56 56
41 56 56 56
41 56 56 56
41 56 56 56
41 56 56 56
41 56 56 56
41 56 56 56
41 56 56 56
41 56 56 56
41 56 56 56
41 56 56 56
41 56 56 56
41 56 56 56
41 56 56 56
41 56 56 56
41 56 56 56
41 56 56 56
41 56 56 56
41 56 56 56
41 56 56 56
41 56 56 56
41 56 56 56
41 56 56 56
41 56 56 56
41 56 56 56
41 56 56 56
41 56 56 56
41 56 56 56
41 56 56 56
41 56 56 56
41 56 56 56
41 56 56 56
41 56 56 56
41 56 56 56
41 56 56 56
69 56 56 56
56 69 66 56
56 66 56 56
56 66 69 56
56 66 56 56
66 56 56 56
2 7 56 56
7 2 56 56
2 7 56 56
7 2 56 56
2 7 56 56
7 2 56 56
2 7 56 56
2 7 56 56
7 2 56 56
2 7 56 56
7 2 56 56
2 7 56 56
7 2 56 56
2 7 11 56
2 7 56 56
2 7 11 56
56 56 56 56
56 56 56 56
56 72 44 56
56 72 44 56
72 81 56 56
72 81 56 56
72 81 56 56
72 81 56 56
81 85 56 56
81 85 56 56
85 87 81 56
85 87 81 56
85 87 56 56
85 87 56 56
87 56 56 56
87 56 56 56
87 56 56 56
87 56 56 56
56 66 56 56
56 66 56 56
67 56 56 56
56 66 56 56
56 67 66 56
67 56 56 56
67 56 56 56
56 44 56 56
67 56 56 56
67 56 56 56
24 39 56 56
24 39 56 56
24 39 56 56
24 39 56 56
24 39 56 56
27 40 56 56
8 27 56 56
8 27 56 56
27 40 56 56
40 56 56 56
27 40 56 56
8 27 56 56
27 40 56 56
27 40 56 56
8 27 56 56
8 27 56 56
27 40 56 56
8 27 56 56
8 27 56 56
27 40 56 56
40 56 56 56
27 40 56 56
8 27 56 56
27 40 56 56
27 40 56 56
8 27 56 56
8 27 56 56
27 40 56 56
8 27 56 56
8 27 56 56
27 40 56 56
40 56 56 56
27 40 56 56
8 27 56 56
27 40 56 56
27 40 56 56
8 27 56 56
8 27 56 56
2 0 8 7
2 0 7 56
8 27 56 56
8 27 56 56
8 27 56 56
8 27 56 56
8 27 56 56
8 27 56 56
8 27 56 56
8 27 56 56
8 27 56 56
8 27 56 56
2 0 7 56
2 7 56 56
2 0 8 7
2 7 56 56
56 56 56 56
56 56 56 56
56 56 56 56
56 56 56 56
56 56 56 56
56 56 56 56
56 56 56 56
56 56 56 56
56 56 56 56
12 28 56 56
12 28 56 56
12 28 56 56
12 28 56 56
2 12 56 56
2 12 56 56
12 28 56 56
12 28 56 56
12 28 56 56
12 28 56 56
12 28 56 56
12 28 56 56
2 12 56 56
2 12 56 56
2 7 56 56
2 7 56 56
8 27 56 56
8 27 56 56
8 27 56 56
0 2 56 56
8 27 56 56
0 2 56 56
2 7 56 56
2 7 56 56
2 8 0 7
8 27 56 56
8 27 56 56
8 27 56 56
8 27 56 56
0 2 56 56
8 27 56 56
8 27 56 56
8 27 56 56
8 27 56 56
8 27 56 56
8 27 56 56
8 27 56 56
8 27 56 56
8 27 56 56
8 27 56 56
8 27 56 56
8 27 56 56
8 27 56 56
8 27 56 56
8 27 56 56
8 27 56 56
8 27 56 56
8 27 56 56
8 27 56 56
8 27 56 56
22 5 56 56
22 5 56 56
5 22 56 56
5 22 56 56
5 22 56 56
5 22 56 56
5 22 56 56
22 5 56 56
22 5 56 56
22 5 56 56
22 5 56 56
22 5 56 56
12 28 56 56
12 28 56 56
12 28 56 56
12 28 56 56
2 12 7 56
2 12 56 56
2 7 56 56
2 7 56 56
2 12 7 56
12 28 56 56
12 28 56 56
12 28 56 56
12 28 56 56
2 12 56 56
12 28 56 56
12 28 56 56
12 28 56 56
12 28 56 56
12 28 56 56
12 28 56 56
12 28 56 56
12 28 56 56
12 28 56 56
12 28 56 56
12 28 56 56
12 28 56 56
12 28 56 56
12 28 56 56
12 28 56 56
12 28 56 56
12 28 56 56
12 28 56 56
12 28 56 56
12 28 56 56
12 28 56 56
12 28 56 56
12 28 56 56
12 28 56 56
12 28 56 56
12 28 56 56
12 28 56 56
12 28 56 56
12 28 56 56
12 28 56 56
12 28 56 56
12 28 56 56
12 28 56 56
12 28 56 56
12 28 56 56
12 28 56 56
12 28 56 56
12 28 56 56
6 23 56 56
23 6 56 56
23 6 56 56
6 23 56 56
6 23 56 56
6 23 56 56
6 23 56 56
23 6 56 56
23 6 56 56
23 6 56 56
23 6 56 56
23 6 56 56
71 79 56 56
71 79 56 56
79 56 56 56
79 56 56 56
71 79 56 56
79 56 56 56
79 56 56 56
79 56 56 56
79 56 56 56
79 56 56 56
56 56 56 56
56 56 56 56
56 56 56 56
56 56 56 56
56 56 56 56
56 56 56 56
56 56 56 56
56 56 56 56
56 56 56 56
8 27 56 56
8 27 56 56
8 27 56 56
8 27 56 56
8 27 56 56
8 27 56 56
8 27 56 56
8 27 56 56
8 27 56 56
8 27 56 56
8 27 56 56
8 27 56 56
8 27 56 56
8 27 56 56
8 27 56 56
8 27 56 56
8 27 56 56
8 27 56 56
43 56 56 56
43 56 56 56
43 56 56 56
43 56 56 56
43 56 56 56
43 56 56 56
43 56 56 56
43 56 56 56
43 56 56 56
43 56 56 56
43 56 56 56
43 56 56 56
43 56 56 56
43 56 56 56
43 56 56 56
43 56 56 56
43 56 56 56
43 56 56 56
43 56 56 56
43 56 56 56
43 56 56 56
43 56 56 56
43 56 56 56
43 56 56 56
43 56 56 56
43 56 56 56
43 56 56 56
43 56 56 56
43 56 56 56
43 56 56 56
43 56 56 56
43 56 56 56
43 56 56 56
43 56 56 56
43 56 56 56
43 56 56 56
43 56 56 56
43 56 56 56
41 56 56 56
41 56 56 56
41 56 56 56
41 56 56 56
41 56 56 56
41 56 56 56
41 56 56 56
41 56 56 56
41 56 56 56
41 56 56 56
41 56 56 56
41 56 56 56
41 56 56 56
41 56 56 56
41 56 56 56
41 56 56 56
41 56 56 56
41 56 56 56
41 56 56 56
41 56 56 56
41 56 56 56
41 56 56 56
41 56 56 56
41 56 56 56
41 56 56 56
41 56 56 56
41 56 56 56
41 56 56 56
41 56 56 56
41 56 56 56
41 56 56 56
41 56 56 56
41 56 56 56
41 56 56 56
41 56 56 56
41 56 56 56
41 56 56 56
41 56 56 56
45 26 56 56
26 9 56 56
9 26 56 56
45 56 56 56
3 32 50 56
0 56 56 56
0 56 56 56
0 1 56 56
0 56 56 56
0 3 56 56
0 3 56 56
0 56 56 56
0 56 56 56
0 3 56 56
0 56 56 56
0 3 56 56
0 56 56 56
3 0 56 56
3 0 56 56
3 0 56 56
3 14 56 56
3 0 56 56
0 3 56 56
32 50 3 56
0 1 56 56
32 50 56 56
3 0 56 56
3 14 56 56
3 14 56 56
3 14 56 56
3 14 56 56
3 14 56 56
3 14 56 56
3 14 56 56
14 3 56 56
3 14 56 56
14 3 56 56
3 14 56 56
32 50 56 56
14 56 56 56
14 56 56 56
14 3 56 56
32 14 56 56
32 50 56 56
50 58 56 56
50 58 56 56
50 58 56 56
32 50 56 56
47 14 29 56
47 14 29 56
47 62 56 56
14 3 56 56
14 56 56 56
47 14 29 56
47 56 56 56
47 62 56 56
14 56 56 56
14 56 56 56
14 56 56 56
14 56 56 56
14 56 56 56
14 56 56 56
14 56 56 56
14 56 56 56
14 56 56 56
14 56 56 56
14 29 56 56
14 56 56 56
14 56 56 56
14 56 56 56
14 56 56 56
14 29 56 56
14 29 56 56
14 56 56 56
14 56 56 56
14 29 56 56
14 56 56 56
14 56 56 56
14 56 56 56
14 56 56 56
14 56 56 56
14 56 56 56
14 56 56 56
14 56 56 56
14 56 56 56
14 56 56 56
14 56 56 56
14 56 56 56
14 56 56 56
14 56 56 56
14 56 56 56
14 29 56 56
14 29 56 56
29 56 56 56
29 56 56 56
29 56 56 56
29 47 56 56
29 56 56 56
29 47 56 56
29 56 56 56
29 56 56 56
29 56 56 56
29 56 56 56
29 56 56 56
29 56 56 56
29 47 56 56
47 56 56 56
47 62 56 56
32 50 3 56
3 32 50 56
0 56 56 56
0 56 56 56
0 56 56 56
0 56 56 56
3 32 50 56
0 56 56 56
0 56 56 56
0 56 56 56
3 0 56 56
0 56 56 56
0 56 56 56
3 0 56 56
3 14 56 56
3 14 56 56
3 0 56 56
3 14 56 56
3 0 56 56
0 56 56 56
3 14 56 56
3 14 56 56
14 3 56 56
14 3 56 56
32 50 56 56
14 56 56 56
14 56 56 56
14 56 56 56
14 56 56 56
14 29 56 56
14 56 56 56
14 29 56 56
14 56 56 56
14 56 56 56
14 56 56 56
14 56 56 56
14 56 56 56
14 56 56 56
14 56 56 56
14 56 56 56
14 56 56 56
14 56 56 56
14 56 56 56
14 56 56 56
14 29 56 56
14 29 56 56
14 29 56 56
29 56 56 56
47 14 29 56
29 56 56 56
29 56 56 56
29 56 56 56
29 56 56 56
29 47 56 56
29 56 56 56
29 56 56 56
29 56 56 56
29 56 56 56
29 56 56 56
29 47 56 56
29 47 56 56
47 56 56 56
47 62 56 56
47 62 56 56
47 56 56 56
47 14 29 56
47 14 29 56
50 58 56 56
32 50 56 56
50 58 56 56
32 50 56 56
3 32 50 56
50 58 56 56
32 50 56 56
57 71 56 56
57 71 56 56
71 79 56 56
71 79 56 56
57 71 56 56
45 57 56 56
45 57 56 56
57 71 56 56
45 57 56 56
45 57 56 56
26 45 56 56
26 45 56 56
26 45 56 56
26 45 56 56
9 26 56 56
9 26 56 56
57 71 56 56
71 79 56 56
71 79 56 56
57 71 56 56
57 71 56 56
57 71 56 56
45 57 56 56
45 57 56 56
45 57 56 56
26 45 56 56
26 45 56 56
45 57 56 56
26 45 56 56
9 26 56 56
9 26 56 56
26 45 56 56
65 76 56 56
76 56 56 56
76 56 56 56
65 76 56 56
76 56 56 56
49 65 56 56
65 76 56 56
76 56 56 56
65 76 56 56
49 65 56 56
49 65 56 56
49 56 56 56
30 49 56 56
49 56 56 56
49 16 30 56
49 16 30 56
59 53 65 56
36 53 56 56
36 53 56 56
59 53 56 56
36 53 56 56
59 53 56 56
59 56 56 56
59 56 56 56
59 56 56 56
35 48 56 56
48 56 56 56
48 56 56 56
35 48 56 56
48 56 56 56
35 48 56 56
13 35 56 56
13 35 56 56
13 35 56 56
1 13 56 56
1 13 56 56
17 56 56 56
17 56 56 56
17 56 56 56
17 56 56 56
17 56 56 56
17 56 56 56
17 56 56 56
17 56 56 56
17 56 56 56
17 1 56 56
17 56 56 56
17 56 56 56
17 56 56 56
76 56 56 56
76 56 56 56
65 76 56 56
65 76 56 56
76 56 56 56
49 65 56 56
65 76 56 56
76 56 56 56
65 76 56 56
49 65 56 56
49 65 56 56
49 56 56 56
30 49 56 56
49 56 56 56
49 16 30 56
49 16 30 56
59 53 65 56
36 53 56 56
36 53 56 56
59 53 56 56
36 53 56 56
59 53 56 56
59 56 56 56
59 56 56 56
59 56 56 56
18 56 56 56
1 0 56 56
1 9 56 56
18 56 56 56
18 37 56 56
18 37 56 56
37 54 56 56
37 54 56 56
54 63 56 56
54 63 56 56
63 75 56 56
63 75 56 56
63 75 56 56
75 56 56 56
75 56 56 56
75 56 56 56
75 56 56 56
75 56 56 56
75 56 56 56
0 56 56 56
0 56 56 56
4 36 53 56
0 1 56 56
0 56 56 56
0 4 56 56
0 4 56 56
0 56 56 56
0 56 56 56
0 4 56 56
0 56 56 56
0 4 56 56
0 56 56 56
4 0 56 56
4 0 56 56
4 0 56 56
4 16 56 56
4 0 56 56
0 4 56 56
36 53 4 56
0 1 56 56
36 53 56 56
4 0 56 56
4 16 56 56
4 16 56 56
4 16 56 56
4 16 56 56
4 16 56 56
4 16 56 56
4 16 56 56
16 4 56 56
4 16 56 56
16 4 56 56
4 16 56 56
36 53 56 56
16 4 56 56
16 56 56 56
16 56 56 56
16 36 56 56
36 53 56 56
53 59 56 56
53 59 56 56
53 59 56 56
36 53 56 56
49 16 30 56
49 16 30 56
49 65 56 56
16 56 56 56
16 56 56 56
49 16 30 56
49 56 56 56
49 65 56 56
16 56 56 56
16 56 56 56
30 49 56 56
16 56 56 56
16 56 56 56
16 56 56 56
16 56 56 56
16 56 56 56
16 56 56 56
16 56 56 56
16 56 56 56
16 56 56 56
16 56 56 56
16 56 56 56
16 56 56 56
16 56 56 56
16 56 56 56
16 56 56 56
16 56 56 56
16 56 56 56
16 56 56 56
16 30 56 56
16 56 56 56
16 30 56 56
16 30 56 56
16 56 56 56
16 56 56 56
16 30 56 56
16 30 56 56
16 56 56 56
16 56 56 56
16 56 56 56
16 56 56 56
16 30 56 56
16 56 56 56
16 56 56 56
30 56 56 56
30 56 56 56
30 56 56 56
16 56 56 56
16 4 56 56
30 56 56 56
30 56 56 56
30 56 56 56
30 49 56 56
30 56 56 56
30 56 56 56
30 56 56 56
30 56 56 56
30 49 56 56
49 56 56 56
49 65 56 56
17 56 56 56
17 56 56 56
17 56 56 56
17 56 56 56
17 56 56 56
17 56 56 56
17 56 56 56
17 56 56 56
17 1 56 56
17 56 56 56
17 56 56 56
17 56 56 56
17 56 56 56
16 56 56 56
16 56 56 56
16 56 56 56
16 56 56 56
16 56 56 56
16 56 56 56
16 56 56 56
16 56 56 56
16 56 56 56
16 56 56 56
16 56 56 56
16 30 56 56
16 56 56 56
16 30 56 56
16 56 56 56
16 30 56 56
16 30 56 56
16 56 56 56
16 30 56 56
30 56 56 56
30 56 56 56
30 56 56 56
16 56 56 56
36 53 56 56
16 56 56 56
49 16 30 56
30 56 56 56
30 56 56 56
16 56 56 56
16 4 56 56
16 4 56 56
36 53 4 56
4 16 56 56
4 16 56 56
30 49 56 56
30 56 56 56
30 56 56 56
30 56 56 56
30 56 56 56
30 56 56 56
30 49 56 56
30 49 56 56
49 56 56 56
49 65 56 56
49 65 56 56
49 56 56 56
49 16 30 56
49 16 30 56
53 59 56 56
36 53 56 56
53 59 56 56
36 53 56 56
53 59 56 56
36 53 56 56
4 36 53 56
0 56 56 56
4 36 53 56
0 56 56 56
4 0 56 56
4 16 56 56
4 16 56 56
4 16 56 56
4 0 56 56
4 0 56 56
4 0 56 56
0 56 56 56
0 56 56 56
0 56 56 56
0 56 56 56
0 56 56 56
0 56 56 56
0 56 56 56
0 56 56 56
4 36 53 56
17 1 56 56
1 9 56 56
1 9 56 56
17 1 56 56
1 0 56 56
17 1 56 56
1 0 56 56
17 56 56 56
17 56 56 56
17 56 56 56
17 56 56 56
17 56 56 56
17 56 56 56
17 56 56 56
17 56 56 56
17 56 56 56
17 56 56 56
17 56 56 56
17 56 56 56
17 56 56 56
17 56 56 56
17 56 56 56
17 56 56 56
17 56 56 56
17 56 56 56
17 56 56 56
17 56 56 56
17 56 56 56
17 56 56 56
17 56 56 56
17 56 56 56
17 56 56 56
17 56 56 56
17 56 56 56
17 56 56 56
17 56 56 56
17 56 56 56
17 56 56 56
17 56 56 56
17 56 56 56
17 56 56 56
17 56 56 56
17 56 56 56
17 56 56 56
17 56 56 56
17 56 56 56
48 56 56 56
35 48 56 56
48 56 56 56
35 48 56 56
48 56 56 56
35 48 56 56
13 35 56 56
13 35 56 56
13 35 56 56
1 13 56 56
1 13 56 56
29 47 56 56
47 62 56 56
47 62 56 56
47 56 56 56
47 56 56 56
47 62 56 56
47 14 29 56
47 14 29 56
32 50 56 56
50 58 56 56
32 50 56 56
50 58 56 56
32 50 56 56
50 58 56 56
1 56 56 56
1 56 56 56
1 15 56 56
1 0 56 56
0 1 56 56
1 56 56 56
0 1 56 56
1 0 56 56
0 1 56 56
1 17 56 56
1 56 56 56
1 56 56 56
1 0 56 56
1 56 56 56
0 1 56 56
1 0 56 56
0 1 56 56
0 1 56 56
32 50 56 56
32 50 56 56
50 58 56 56
50 58 56 56
32 50 56 56
50 58 56 56
47 14 29 56
47 14 29 56
47 56 56 56
47 62 56 56
47 56 56 56
47 62 56 56
29 47 56 56
62 74 56 56
74 56 56 56
74 56 56 56
62 74 56 56
74 56 56 56
47 62 56 56
62 74 56 56
74 56 56 56
62 74 56 56
47 62 56 56
47 62 56 56
47 56 56 56
29 47 56 56
47 56 56 56
47 14 29 56
47 14 29 56
58 50 62 56
32 50 56 56
32 50 56 56
58 50 56 56
32 50 56 56
58 50 56 56
58 56 56 56
58 56 56 56
58 56 56 56
74 56 56 56
74 56 56 56
62 74 56 56
62 74 56 56
74 56 56 56
47 62 56 56
62 74 56 56
74 56 56 56
62 74 56 56
47 62 56 56
47 62 56 56
47 56 56 56
29 47 56 56
47 56 56 56
47 14 29 56
47 14 29 56
58 50 62 56
32 50 56 56
32 50 56 56
58 50 56 56
32 50 56 56
58 50 56 56
58 56 56 56
58 56 56 56
58 56 56 56
1 56 56 56
1 15 56 56
1 56 56 56
1 0 56 56
0 1 56 56
1 56 56 56
0 1 56 56
1 0 56 56
0 1 56 56
1 56 56 56
1 56 56 56
1 17 56 56
1 0 56 56
0 1 56 56
1 56 56 56
0 1 56 56
1 0 56 56
0 1 56 56
15 56 56 56
15 56 56 56
15 56 56 56
15 56 56 56
15 56 56 56
15 56 56 56
15 56 56 56
15 56 56 56
15 1 56 56
15 56 56 56
15 56 56 56
15 56 56 56
15 56 56 56
1 56 56 56
1 9 56 56
1 0 56 56
1 56 56 56
19 33 56 56
19 33 56 56
33 51 56 56
33 51 56 56
51 60 56 56
51 60 56 56
60 73 56 56
60 73 56 56
60 73 56 56
73 56 56 56
73 56 56 56
73 56 56 56
73 56 56 56
73 56 56 56
73 56 56 56
1 0 56 56
1 0 56 56
15 1 56 56
15 1 56 56
1 9 56 56
15 56 56 56
15 1 56 56
1 9 56 56
15 56 56 56
15 56 56 56
15 56 56 56
15 56 56 56
15 56 56 56
15 56 56 56
15 56 56 56
15 56 56 56
15 56 56 56
15 56 56 56
15 56 56 56
15 56 56 56
15 56 56 56
15 56 56 56
15 56 56 56
15 56 56 56
15 56 56 56
15 56 56 56
15 56 56 56
15 56 56 56
15 56 56 56
15 56 56 56
15 56 56 56
15 56 56 56
15 56 56 56
15 56 56 56
15 56 56 56
15 56 56 56
15 56 56 56
15 56 56 56
15 56 56 56
15 56 56 56
15 56 56 56
15 56 56 56
15 56 56 56
15 56 56 56
15 56 56 56
15 56 56 56
19 33 56 56
1 10 56 56
1 9 56 56
19 33 56 56
19 33 56 56
19 33 56 56
33 51 56 56
33 51 56 56
51 60 56 56
51 60 56 56
60 73 56 56
60 73 56 56
60 73 56 56
73 56 56 56
73 56 56 56
73 56 56 56
73 56 56 56
73 56 56 56
73 56 56 56
1 56 56 56
1 0 56 56
1 9 56 56
1 56 56 56
19 33 56 56
19 33 56 56
33 51 56 56
33 51 56 56
51 60 56 56
51 60 56 56
60 73 56 56
60 73 56 56
60 73 56 56
73 56 56 56
73 56 56 56
73 56 56 56
73 56 56 56
73 56 56 56
73 56 56 56
15 56 56 56
15 56 56 56
15 56 56 56
15 56 56 56
15 56 56 56
15 56 56 56
15 56 56 56
15 56 56 56
15 56 56 56
15 56 56 56
15 56 56 56
15 56 56 56
15 1 56 56
29 56 56 56
29 56 56 56
29 47 56 56
29 56 56 56
29 56 56 56
29 56 56 56
29 56 56 56
29 56 56 56
17 1 56 56
1 9 56 56
21 38 56 56
21 38 56 56
38 55 56 56
38 55 56 56
55 64 56 56
55 64 56 56
64 78 56 56
64 78 56 56
78 83 56 56
78 83 56 56
78 83 56 56
83 56 56 56
83 56 56 56
83 56 56 56
83 56 56 56
83 56 56 56
83 56 56 56
18 56 56 56
1 13 56 56
1 9 56 56
18 56 56 56
18 37 56 56
18 37 56 56
37 54 56 56
37 54 56 56
54 63 56 56
54 63 56 56
63 75 56 56
63 75 56 56
63 75 56 56
75 56 56 56
75 56 56 56
75 56 56 56
75 56 56 56
75 56 56 56
75 56 56 56
15 1 56 56
1 9 56 56
20 34 56 56
20 34 56 56
34 52 56 56
34 52 56 56
52 61 56 56
52 61 56 56
61 77 56 56
61 77 56 56
77 82 56 56
77 82 56 56
77 82 56 56
82 56 56 56
82 56 56 56
82 56 56 56
82 56 56 56
82 56 56 56
82 56 56 56
30 56 56 56
30 49 56 56
30 56 56 56
30 56 56 56
30 56 56 56
30 56 56 56
30 56 56 56
30 56 56 56
29 56 56 56
29 56 56 56
29 47 56 56
29 56 56 56
29 56 56 56
29 56 56 56
29 56 56 56
29 56 56 56
36 53 56 56
53 59 56 56
53 59 56 56
36 53 56 56
53 59 56 56
36 53 56 56
49 16 30 56
49 16 30 56
49 65 56 56
49 56 56 56
49 65 56 56
49 56 56 56
30 49 56 56
49 65 56 56
71 56 56 56
71 57 56 56
79 71 56 56
79 56 56 56
71 56 56 56
57 56 56 56
57 45 56 56
71 57 56 56
57 45 56 56
57 56 56 56
45 56 56 56
45 26 56 56
45 26 56 56
45 56 56 56
9 26 56 56
26 9 56 56
71 56 56 56
79 56 56 56
79 71 56 56
71 57 56 56
71 56 56 56
71 57 56 56
57 45 56 56
57 56 56 56
57 45 56 56
45 26 56 56
45 56 56 56
57 56 56 56
21 38 56 56
1 9 56 56
17 1 56 56
21 38 56 56
38 55 56 56
38 55 56 56
55 64 56 56
55 64 56 56
64 78 56 56
64 78 56 56
78 83 56 56
78 83 56 56
78 83 56 56
83 56 56 56
83 56 56 56
83 56 56 56
83 56 56 56
83 56 56 56
83 56 56 56
20 34 56 56
1 9 56 56
15 1 56 56
20 34 56 56
34 52 56 56
34 52 56 56
52 61 56 56
52 61 56 56
61 77 56 56
61 77 56 56
77 82 56 56
77 82 56 56
77 82 56 56
82 56 56 56
82 56 56 56
82 56 56 56
82 56 56 56
82 56 56 56
82 56 56 56
19 33 56 56
1 9 56 56
1 10 56 56
19 33 56 56
19 33 56 56
19 33 56 56
33 51 56 56
33 51 56 56
51 60 56 56
51 60 56 56
60 73 56 56
60 73 56 56
60 73 56 56
73 56 56 56
73 56 56 56
73 56 56 56
73 56 56 56
73 56 56 56
73 56 56 56
49 65 56 56
49 56 56 56
30 49 56 56
49 65 56 56
49 56 56 56
49 16 30 56
49 16 30 56
53 59 56 56
36 53 56 56
53 59 56 56
36 53 56 56
53 59 56 56
36 53 56 56
18 56 56 56
1 9 56 56
1 13 56 56
18 56 56 56
18 37 56 56
18 37 56 56
37 54 56 56
37 54 56 56
54 63 56 56
54 63 56 56
63 75 56 56
63 75 56 56
63 75 56 56
75 56 56 56
75 56 56 56
75 56 56 56
75 56 56 56
75 56 56 56
75 56 56 56
18 56 56 56
1 9 56 56
1 0 56 56
18 56 56 56
18 37 56 56
18 37 56 56
37 54 56 56
37 54 56 56
54 63 56 56
54 63 56 56
63 75 56 56
63 75 56 56
63 75 56 56
75 56 56 56
75 56 56 56
75 56 56 56
75 56 56 56
75 56 56 56
75 56 56 56
30 56 56 56
30 49 56 56
30 56 56 56
30 56 56 56
30 56 56 56
30 56 56 56
30 56 56 56
30 56 56 56
15 56 56 56
15 56 56 56
15 56 56 56
15 56 56 56
15 56 56 56
15 56 56 56
15 56 56 56
15 56 56 56
15 56 56 56
15 56 56 56
15 56 56 56
15 56 56 56
15 56 56 56
15 56 56 56
15 56 56 56
15 56 56 56
15 56 56 56
15 56 56 56
15 56 56 56
15 56 56 56
15 56 56 56
15 56 56 56
15 56 56 56
15 56 56 56
15 56 56 56
15 56 56 56
15 56 56 56
15 56 56 56
15 56 56 56
15 56 56 56
15 56 56 56
15 56 56 56
15 56 56 56
15 56 56 56
15 56 56 56
15 56 56 56
15 56 56 56
15 56 56 56
15 56 56 56
15 56 56 56
15 56 56 56
15 1 56 56
15 56 56 56
15 56 56 56
15 1 56 56
15 1 56 56
15 1 56 56
15 1 56 56
1 0 56 56
1 0 56 56
46 56 56 56
46 56 56 56
31 46 56 56
46 56 56 56
31 46 56 56
31 46 56 56
10 31 56 56
10 31 56 56
10 31 56 56
1 10 56 56
1 10 56 56
46 56 56 56
46 56 56 56
31 46 56 56
46 56 56 56
31 46 56 56
31 46 56 56
10 31 56 56
10 31 56 56
10 31 56 56
1 10 56 56
1 10 56 56
48 56 56 56
35 48 56 56
35 48 56 56
48 56 56 56
48 56 56 56
35 48 56 56
13 35 56 56
13 35 56 56
13 35 56 56
1 13 56 56
1 13 56 56
17 1 56 56
1 56 56 56
1 0 56 56
1 0 56 56
17 1 56 56
17 1 56 56
17 1 56 56
17 56 56 56
17 56 56 56
17 56 56 56
17 56 56 56
17 56 56 56
17 56 56 56
17 56 56 56
17 56 56 56
17 56 56 56
17 56 56 56
17 56 56 56
17 56 56 56
17 56 56 56
17 56 56 56
17 56 56 56
17 56 56 56
17 56 56 56
17 56 56 56
17 56 56 56
17 56 56 56
17 56 56 56
17 56 56 56
17 56 56 56
17 56 56 56
17 56 56 56
17 56 56 56
17 56 56 56
17 56 56 56
17 56 56 56
17 56 56 56
17 56 56 56
17 56 56 56
17 56 56 56
17 56 56 56
17 56 56 56
17 56 56 56
17 56 56 56
17 56 56 56
17 56 56 56
17 56 56 56
17 56 56 56
17 56 56 56
17 56 56 56
10 31 56 56
10 31 56 56
1 10 56 56
1 10 56 56
31 46 56 56
10 31 56 56
31 46 56 56
46 56 56 56
31 46 56 56
46 56 56 56
46 56 56 56
48 56 56 56
35 48 56 56
35 48 56 56
48 56 56 56
48 56 56 56
13 35 56 56
35 48 56 56
13 35 56 56
1 13 56 56
13 35 56 56
1 13 56 56
46 56 56 56
31 46 56 56
31 46 56 56
46 56 56 56
46 56 56 56
10 31 56 56
31 46 56 56
10 31 56 56
1 10 56 56
10 31 56 56
1 10 56 56
512
88
b_Root
B_Pelvis
B_Spine
B_Left_Wing_0
B_Right_Wing_0
B_Left_Thigh
B_Right_Thigh
b_Neck_0
B_Hair_13
B_Tail_0
B_Hair_19
B_Hair_7
B_Hair_10
B_Hair_16
B_Left_Wing_1
B_Left_Wing_9
B_Right_Wing_1
B_Right_Wing_9
B_Hair_39
B_Hair_34
B_Hair_22
B_Hair_28
B_Left_Calf
B_Right_Calf
B_Hair_8
b_Neck_1
B_Tail_1
B_Hair_14
B_Hair_11
B_Left_Wing_2
B_Right_Wing_2
B_Hair_20
B_Left_Wing_3
B_Hair_35
B_Hair_23
B_Hair_17
B_Right_Wing_3
B_Hair_40
B_Hair_29
B_Hair_9
B_Hair_15
b_Left_Foot
B_Hair_12
b_Right_Foot
b_Neck_2
B_Tail_2
B_Hair_21
B_Left_Wing_6
B_Hair_18
B_Right_Wing_6
B_Left_Wing_4
B_Hair_36
B_Hair_24
B_Right_Wing_4
B_Hair_41
B_Hair_30
b_Head
B_Tail_3
B_Left_Wing_5
B_Right_Wing_5
B_Hair_37
B_Hair_25
B_Left_Wing_7
B_Hair_42
B_Hair_31
B_Right_Wing_7
B_Jaw
B_Hair_1
B_Hair_0
B_Hair_2
B_Hair_44
B_Tail_4
B_Hair_3
B_Hair_38
B_Left_Wing_8
B_Hair_43
B_Right_Wing_8
B_Hair_26
B_Hair_32
B_Tail_5
B_Hair_45
B_Hair_4
B_Hair_27
B_Hair_33
B_Hair_46
B_Hair_5
B_Hair_47
B_Hair_6
1024
88
-1
0
0
0
0
1
1
2
2
1
1
2
2
1
3
1
4
1
1
1
1
1
5
6
11
7
9
8
12
14
16
10
14
19
20
13
16
18
21
24
27
22
28
23
25
26
31
29
35
30
32
33
34
36
37
38
44
45
50
53
51
52
47
54
55
49
56
56
56
56
56
57
56
60
62
63
65
61
64
71
70
72
77
78
80
81
84
85
2048
88
0.9999826 0.005901882 -4.656613E-10 0
-0.005901882 0.9999826 -1.331553E-07 0
-3.202137E-10 1.331557E-07 1 0
0.04065417 0.1162209 5.080178E-09 1

-0.9541903 -0.2991939 0.002089282 0
0.2991947 -0.9541923 7.09115E-05 0
0.00197236 0.0006927652 0.9999978 0
0.04103021 0.1169815 5.012173E-09 1

0.8915812 -0.4528608 2.432033E-07 0
0.4528608 0.8915812 -1.046564E-07 0
-1.694407E-07 2.034469E-07 1 0
-0.005440973 0.1159488 5.101645E-09 1

0.03659762 -0.3932897 0.918686 0
0.9927572 -0.0909559 -0.07848667 0
0.114428 0.9149047 0.3871124 0
0.008546785 0.1392443 -0.02408177 1

0.00745329 -0.455126 -0.8903959 0
-0.999665 0.01868316 -0.01791799 0
0.02479044 0.890231 -0.4548343 0
0.008546785 0.1392443 0.0237762 1

-0.9129407 0.4080921 0.0006463016 0
-0.4080924 -0.9129406 -0.0004597995 0
0.0004023939 -0.0006835207 0.9999995 0
0.03060703 0.1000681 -0.02452885 1

-0.9115828 0.4111163 0.0006464847 0
-0.4111167 -0.9115829 -0.0004593123 0
0.0004004928 -0.0006844819 0.9999995 0
0.03073397 0.1001899 0.0247321 1

0.6695397 -0.7427764 6.155168E-07 0
0.7427764 0.6695397 1.275704E-07 0
-5.068691E-07 3.717778E-07 1 0
-0.0443044 0.1356887 -5.390976E-09 1

-0.5786183 0.8136377 0.05652377 0
-0.8114858 -0.5812673 0.0601612 0
0.08180483 -0.01105786 0.996587 0
-0.04137013 0.1182845 -0.02611365 1

-0.9072053 -0.4204709 0.01352787 0
0.01237777 0.005464014 0.9999084 0
-0.4205063 0.9072897 0.0002474625 0
0.09268543 0.1331783 -0.0001131058 1

-0.7906216 0.5725904 0.2169285 0
-0.6098222 -0.7682167 -0.1948342 0
0.05508791 -0.2863279 0.9565467 0
0.06384644 0.1202194 -0.01946547 1

-0.5467793 0.8372769 -6.318258E-07 0
-0.8372769 -0.5467793 5.564062E-07 0
1.203968E-07 8.332445E-07 1 0
-0.05947874 0.1161684 2.706961E-09 1

-0.6025426 0.7894459 -0.1171216 0
0.2038689 0.0103671 -0.9789432 0
-0.7716086 -0.6137325 -0.1671901 0
-0.04146622 0.1180166 0.02525292 1

-0.7462214 0.6553129 -0.1171287 0
-0.6522375 -0.75493 -0.06831583 0
-0.1331922 0.025417 0.9907642 0
0.06628232 0.1221595 0.01919893 1

0.2656032 -0.6558505 0.7066218 0
0.9441358 0.02862557 -0.3283107 0
0.1950954 0.7543477 0.6268151 0
0.007246498 0.1532182 -0.05672334 1

-0.2787047 -0.7676291 0.5771219 0
0.8702655 -0.4560083 -0.1862658 0
0.4061553 0.450336 0.7951323 0
0.08683762 0.1444758 -0.009096605 1

0.2387143 -0.7414916 -0.6270611 0
-0.9683351 -0.1331529 -0.2111816 0
0.07309445 0.6576172 -0.7497979 0
0.008282024 0.1554153 0.05541262 1

-0.03524749 -0.7755023 -0.6303602 0
-0.9403848 0.2392412 -0.241744 0
0.3382812 0.5842602 -0.737703 0
0.08958123 0.144172 0.01203593 1

-0.8687857 -0.2814452 -0.407431 0
-0.4432468 0.07515229 0.8932437 0
-0.2207798 0.9566301 -0.1900409 0
0.1087551 0.116368 0.02014493 1

-0.8676368 -0.3222454 0.378635 0
0.4193397 -0.0651177 0.9054908 0
-0.2671345 0.9444139 0.1916288 0
0.1076948 0.1164855 -0.02174159 1

-0.9787113 0.09328839 0.1828163 0
0.1776766 -0.06077885 0.98221 0
0.1027402 0.9937823 0.04290976 0
0.1158348 0.1405023 -0.01511624 1

-0.976989 0.09382605 -0.1915444 0
-0.1887464 0.03792328 0.9812934 0
0.09933479 0.9948664 -0.01934127 0
0.1147796 0.1406192 0.01299931 1

-0.4701359 0.8825403 0.009747209 0
-0.8825397 -0.4702008 0.005921232 0
0.009808875 -0.005818519 0.9999349 0
0.08805677 0.07438757 -0.02457027 1

-0.4737918 0.8806367 0.0007927821 0
-0.880637 -0.473792 2.864184E-05 0
0.000400836 -0.000684583 0.9999995 0
0.08792937 0.07439506 0.02469153 1

-0.2612164 0.9652804 -6.401755E-07 0
-0.9652804 -0.2612164 2.812814E-07 0
1.042912E-07 6.914242E-07 1 0
-0.0421825 0.08968283 1.98127E-08 1

0.6400897 -0.7682971 0.002207926 0
0.7683001 0.6400844 -0.002697855 0
0.0006594956 0.003423218 0.9999939 0
-0.07344063 0.168012 -3.84025E-08 1

-0.9870888 0.1601464 -0.003007937 0
-0.003532012 -0.002988027 0.9999893 0
0.1601358 0.9870889 0.003515046 0
0.1313582 0.1511023 -0.0006898223 1

-0.242737 0.9700671 0.007020488 0
-0.9677843 -0.2426518 0.06718528 0
0.06687773 0.009514034 0.9977158 0
-0.02907548 0.1009953 -0.0273147 1

-0.2566446 0.9661997 0.0243242 0
0.1598911 0.06726419 -0.9848403 0
-0.9531885 -0.2488646 -0.1717497 0
-0.02881435 0.1014402 0.02771219 1

-0.2431087 -0.8304533 0.5012435 0
0.9397215 -0.3297386 -0.09053123 0
0.2404613 0.4490208 0.8605571 0
-0.01085794 0.1979232 -0.104889 1

-0.2973735 -0.801304 -0.5191159 0
-0.9547231 0.2447022 0.1691883 0
-0.008542398 0.5459239 -0.8377913 0
-0.007989574 0.2059578 0.09815516 1

-0.6812423 0.726402 0.09082524 0
-0.7287518 -0.6611471 -0.1783413 0
-0.06949864 -0.1876827 0.9797677 0
0.09292889 0.09915712 -0.02744503 1

-0.9437031 -0.1091783 0.3122569 0
0.314041 -0.5922883 0.7420055 0
0.1039353 0.7982947 0.5932309 0
0.01261964 0.1563635 -0.0610778 1

-0.9146888 0.1406647 0.3788904 0
0.3704653 -0.08292847 0.9251366 0
0.161555 0.9865782 0.02374235 0
0.1770767 0.1422544 -0.05201976 1

-0.9942901 -0.04912853 0.09473296 0
0.09807057 -0.07067886 0.9926662 0
-0.04207262 0.9962885 0.07509332 0
0.1577997 0.1365024 -0.0229551 1

-0.6824355 0.7300403 0.03638149 0
-0.7309452 -0.681513 -0.03548569 0
-0.00111151 -0.0508096 0.9987075 0
0.0940496 0.09777499 0.02355735 1

-0.9795612 -0.1312955 -0.1523881 0
-0.1996397 0.5419909 0.8163271 0
-0.02458704 0.8300648 -0.5571251 0
0.01383019 0.1595008 0.05861445 1

-0.912119 0.07386605 -0.4032154 0
-0.396577 0.08996367 0.9135827 0
0.1037574 0.9932022 -0.05276401 0
0.1789201 0.1390982 0.05304993 1

-0.9963186 -0.04266395 -0.07435828 0
-0.07797542 0.0905375 0.9928357 0
-0.03562614 0.9949788 -0.09353086 0
0.1586612 0.136405 0.02160259 1

-0.6018439 0.7986137 -4.637473E-07 0
-0.7986137 -0.6018439 5.570978E-07 0
1.658026E-07 7.056412E-07 1 0
-0.03451122 0.06133486 3.844866E-08 1

-0.6795141 0.7326488 0.03856235 0
-0.7306081 -0.6805407 0.05546285 0
0.06687803 0.009513829 0.9977159 0
-0.02411028 0.08115125 -0.0274583 1

-0.6711065 0.7413606 0.0009215775 0
0.7413611 0.6711062 0.00057823 0
-0.0001898013 0.001071279 -0.9999992 0
0.1172891 0.0195143 -0.02520239 1

-0.682534 0.7304839 -0.02325362 0
0.1489468 0.1078796 -0.9829428 0
-0.7155153 -0.6743554 -0.1824347 0
-0.02337126 0.08094862 0.02719607 1

-0.6736118 0.7390851 0.000775995 0
-0.7390854 -0.673612 -0.0001663911 0
0.0003997416 -0.0006856096 0.9999994 0
0.1174703 0.01948733 0.0246421 1

0.8452905 -0.5343066 0.0008157208 0
0.5343072 0.8452901 -0.0008952127 0
-0.0002112029 0.00119256 0.9999993 0
-0.09898269 0.19867 -8.814772E-05 1

-0.7344425 0.6786684 0.001896933 0
0.0003955224 -0.002367103 0.9999971 0
0.6786711 0.734441 0.001470048 0
0.2438595 0.13285 -0.0003470021 1

-0.8629752 0.3318475 0.380987 0
-0.4564436 -0.8353851 -0.3062541 0
0.2166411 -0.4381885 0.8723859 0
0.133606 0.05578347 -0.03286823 1

-0.6337242 -0.6710696 0.3847848 0
0.7500766 -0.6547034 0.09353256 0
0.1891531 0.3478922 0.918255 0
0.02435346 0.2545516 -0.1470011 1

-0.9053395 0.3425565 -0.2510291 0
-0.3741368 -0.9230185 0.08977064 0
-0.200953 0.1751922 0.9638077 0
0.1339021 0.05514252 0.02143276 1

-0.6631857 -0.6109239 -0.4323857 0
-0.7368459 0.6342822 0.2339752 0
0.1313135 0.4737705 -0.8708035 0
0.03224123 0.2616735 0.1368502 1

-0.9333145 -0.339083 0.1180944 0
0.3161751 -0.6202475 0.7178617 0
-0.1701669 0.7073299 0.686096 0
0.07368723 0.1634285 -0.08128414 1

-0.790616 0.4964816 0.3583745 0
0.3679795 -0.08254609 0.9261625 0
0.4894052 0.8641138 -0.1174327 0
0.2359373 0.1332025 -0.07640149 1

-0.9862447 -0.1440301 0.08110031 0
0.09203932 -0.07097547 0.9932224 0
-0.1372979 0.9870247 0.0832556 0
0.2311962 0.1401289 -0.02994809 1

-0.9435012 -0.2564472 -0.20986 0
-0.3179127 0.5218709 0.7915696 0
-0.09347599 0.8135636 -0.5739135 0
0.07721812 0.167997 0.06847557 1

-0.763185 0.5260081 -0.3753187 0
-0.3892592 0.08936921 0.9167827 0
0.5157771 0.8457711 0.1365482 0
0.2370381 0.1343916 0.07874189 1

-0.9836992 -0.1773942 -0.02945877 0
-0.04635079 0.09184454 0.9946941 0
-0.1737474 0.9798451 -0.09856966 0
0.2311932 0.1395109 0.02701587 1

0.9990594 0.04336796 0.0001573598 0
-0.04336787 0.9990587 -0.001201003 0
-0.0002092971 0.001193048 0.9999993 0
-0.1326365 0.2199425 -0.0001206172 1

-0.9720932 0.2345844 0.002362427 0
0.001514076 -0.00379653 0.9999917 0
0.2345913 0.9720884 0.003335362 0
0.3249602 0.05790808 -0.0005564613 1

-0.8455738 -0.5336597 -0.01456952 0
0.3668451 -0.6006533 0.7103798 0
-0.3878523 0.5953344 0.7036673 0
0.129555 0.1837259 -0.08835325 1

-0.8781404 -0.463322 -0.1191764 0
-0.3725426 0.5059812 0.7779427 0
-0.300137 0.727541 -0.6169299 0
0.1336956 0.1833478 0.08103769 1

-0.9228182 0.02472182 0.3844419 0
0.380904 -0.09068224 0.9201569 0
0.05761016 0.9955733 0.07426652 0
0.2870744 0.10109 -0.09958126 1

-0.9174489 0.384464 0.1023491 0
0.08045141 -0.07266193 0.9941064 0
0.3896352 0.920276 0.03573291 0
0.3086645 0.1514423 -0.03631843 1

-0.6211511 -0.7399323 0.2582078 0
0.7763984 -0.6258534 0.07424831 0
0.1066615 0.2465918 0.9632317 0
0.09300643 0.3272503 -0.1886858 1

-0.8907086 0.2082878 -0.4040473 0
-0.3933838 0.09221466 0.9147379 0
0.2277879 0.9737111 -0.0001993799 0
0.287235 0.09979454 0.1034277 1

-0.9039134 0.4198388 -0.08171037 0
-0.04733792 0.09166647 0.9946641 0
0.4250888 0.9029582 -0.06298422 0
0.3083746 0.1534294 0.0293275 1

-0.6731686 -0.679856 -0.29093 0
-0.7290584 0.6759994 0.1072324 0
0.1237659 0.2842905 -0.9507164 0
0.1040858 0.3278565 0.1836917 1

0.9999473 -0.0102743 0.0002220246 0
0.01027457 0.9999467 -0.001194277 0
-0.0002097427 0.001196495 0.9999993 0
-0.1484871 0.2139452 -0.0001167943 1

-0.587767 0.6174375 0.5227826 0
0.5676789 0.7751563 -0.277262 0
-0.57643 0.133807 -0.8061172 0
-0.1469641 0.2156131 -0.005784196 1

-0.6148935 -0.7886103 0.0008083938 0
0.7886106 -0.6148927 0.0009018028 0
-0.0002140961 0.00119202 0.9999993 0
-0.1423564 0.2273545 -0.0001314645 1

-0.5869278 0.5554587 -0.5890518 0
-0.6132746 -0.7800032 -0.1244572 0
-0.5285931 0.2882031 0.7984537 0
-0.1464914 0.2156303 0.005749277 1

-0.8531001 -0.2077792 0.4785903 0
-0.2526902 0.9670643 -0.03057751 0
-0.4564741 -0.1470206 -0.8775058 0
-0.1355378 0.2219589 -0.0073603 1

-0.9852569 -0.1710791 -0.0009179056 0
-0.0002826637 -0.003737433 0.999993 0
-0.1710815 0.9852502 0.003633929 0
0.4358096 0.03115803 -0.0008258527 1

-0.8528945 -0.208922 -0.4784589 0
0.2527045 -0.9671336 -0.02816307 0
-0.4568499 -0.1449289 0.8776582 0
-0.1355408 0.2219755 0.006639659 1

-0.8609664 -0.3629174 0.3564104 0
0.413568 -0.0915061 0.9058629 0
-0.2961394 0.9273179 0.2288745 0
0.3665679 0.09896039 -0.132698 1

-0.6108661 -0.7915874 -0.01524056 0
0.7888018 -0.6068357 -0.09768157 0
0.06807495 -0.07169206 0.9951007 0
0.1608128 0.4080231 -0.2168724 1

-0.8782575 -0.3265805 -0.3492977 0
-0.3976893 0.09322146 0.9127721 0
-0.2655313 0.9405612 -0.2117499 0
0.3626273 0.08216441 0.1376275 1

-0.6526864 -0.7576277 -0.001009215 0
-0.7525492 0.6484642 -0.1147355 0
0.08758128 -0.0741268 -0.9933959 0
0.1775704 0.4020711 0.2154502 1

-0.727173 0.6745911 0.127069 0
0.09879117 -0.08033958 0.9918595 0
0.6793086 0.733807 -0.008222886 0
0.3791938 0.1218865 -0.04418656 1

-0.7076385 0.6980225 -0.1096034 0
-0.05840655 0.09680226 0.9935886 0
0.7041572 0.7095032 -0.02773197 0
0.3784799 0.1208678 0.03566474 1

-0.6882378 -0.7254729 -0.004242245 0
-0.001092928 -0.004810686 0.9999879 0
-0.7254848 0.688234 0.002517965 0
0.5479195 0.05062466 -0.0007213952 1

-0.1790253 -0.9358769 0.3034554 0
-0.8668082 0.2959419 0.4013259 0
-0.4653968 -0.19119 -0.8642062 0
-0.1188996 0.2260113 -0.01669436 1

-0.1788932 -0.9365984 -0.3012994 0
0.8666366 -0.2949814 0.4024024 0
-0.465767 -0.18913 0.8644601 0
-0.1189066 0.2260502 0.01597116 1

-0.3717544 0.9214556 0.1127728 0
0.09967319 -0.08115783 0.9917046 0
0.922965 0.3799113 -0.06167369 0
0.4579899 0.04878829 -0.05795568 1

-0.36 0.9261475 -0.1124794 0
-0.0592422 0.09762652 0.9934583 0
0.9310697 0.3643087 0.01972136 0
0.455577 0.0448184 0.04760592 1

-0.1674997 -0.976175 0.1379382 0
-0.8897622 0.2099399 0.4052766 0
-0.4245795 -0.05484838 -0.9037277 0
-0.1145689 0.2486506 -0.02403507 1

-0.1674384 -0.9765015 -0.1356813 0
0.889589 -0.2089696 0.4061573 0
-0.4249666 -0.05269432 0.9036742 0
-0.1145791 0.2487071 0.02325977 1

-0.8232335 -0.5648083 -0.05725484 0
-0.5656154 0.8073831 0.1679662 0
-0.04864194 0.1706597 -0.9841284 0
-0.110187 0.2741887 -0.02764369 1

-0.823257 -0.5646729 0.0582489 0
0.5655451 -0.806978 0.1701335 0
-0.04906422 0.1730059 0.9836982 0
-0.1101988 0.2742536 0.02680934 1

4096
88
0.9999826 -0.005901882 -3.202137E-10 0
0.005901882 0.9999826 1.331557E-07 0
-4.656613E-10 -1.331553E-07 1 0
-0.04133938 -0.1159789 -2.054264E-08 1

-0.9541903 0.2991947 0.00197236 0
-0.2991939 -0.9541923 0.0006927652 0
0.002089282 7.09115E-05 0.9999978 0
0.07415076 0.09934679 -0.000161972 1

0.8915812 0.4528608 -1.694407E-07 0
-0.4528608 0.8915812 2.034469E-07 0
2.432033E-07 -1.046564E-07 1 0
0.05735974 -0.1009138 -2.961301E-08 1

0.03659762 0.9927572 0.1144279 0
-0.3932897 -0.0909559 0.9149044 0
0.918686 -0.07848667 0.3871123 0
0.07657416 0.002290113 -0.1190509 1

0.00745329 -0.999665 0.02479044 0
-0.455126 0.01868316 0.8902313 0
-0.8903959 -0.01791799 -0.4548344 0
0.08448026 0.006368425 -0.1133573 1

-0.9129407 -0.4080926 0.0004023938 0
0.4080921 -0.9129407 -0.000683521 0
0.0006463016 -0.0004597997 0.9999999 0
-0.01287876 0.1038355 0.02458493 1

-0.9115828 -0.4111167 0.000400493 0
0.4111163 -0.9115829 -0.0006844822 0
0.0006464847 -0.0004593123 0.9999998 0
-0.01318913 0.103978 -0.02467582 1

0.6695397 0.7427764 -5.068691E-07 0
-0.7427764 0.6695397 3.717778E-07 0
6.155168E-07 1.275704E-07 1 0
0.1304499 -0.05794072 -6.751161E-08 1

-0.5786181 -0.8114858 0.08180483 0
0.8136375 -0.5812673 -0.01105786 0
0.05652376 0.0601612 0.996587 0
-0.1187022 0.03675466 0.03071678 1

-0.9072053 0.01237777 -0.4205063 0
-0.4204709 0.005464014 0.9072899 0
0.01352787 0.9999084 0.0002474625 0
0.1400838 -0.001761831 -0.08185653 1

-0.7906216 -0.6098222 0.05508791 0
0.5725904 -0.7682167 -0.2863279 0
0.2169285 -0.1948342 0.9565467 0
-0.01413551 0.127497 0.04952464 1

-0.5467793 -0.8372769 1.203968E-07 0
0.8372769 -0.5467793 8.332445E-07 0
-6.318258E-07 5.564062E-07 1 0
-0.1297868 0.01371829 -9.234257E-08 1

-0.6025426 0.2038689 -0.7716087 0
0.7894459 0.0103671 -0.6137326 0
-0.1171216 -0.9789432 -0.1671901 0
-0.1151953 0.03195136 0.04465699 1

-0.7462214 -0.6522377 -0.1331923 0
0.6553129 -0.7549303 0.02541701 0
-0.1171287 -0.06831585 0.9907644 0
-0.02834267 0.1367653 -0.01329825 1

0.2656034 0.9441362 0.1950954 0
-0.6558509 0.02862558 0.7543477 0
0.7066224 -0.3283108 0.6268152 0
0.1386456 -0.02985053 -0.08143852 1

-0.2787046 0.8702654 0.4061554 0
-0.767629 -0.4560082 0.450336 0
0.5771218 -0.1862658 0.7951325 0
0.1403557 -0.01138399 -0.09309923 1

0.2387143 -0.9683353 0.07309446 0
-0.7414917 -0.1331529 0.6576174 0
-0.627061 -0.2111817 -0.749798 0
0.1480092 0.04041591 -0.06126091 1

-0.03524749 -0.9403851 0.3382813 0
-0.7755023 0.2392412 0.5842605 0
-0.6303602 -0.2417441 -0.7377031 0
0.1225502 0.05265857 -0.1056587 1

-0.868786 -0.4432469 -0.2207799 0
-0.2814453 0.07515231 0.9566302 0
-0.4074311 0.8932439 -0.190041 0
0.1354437 0.02146566 -0.08348189 1

-0.867637 0.4193399 -0.2671345 0
-0.3222455 -0.06511772 0.9444141 0
0.3786351 0.9054912 0.1916289 0
0.139209 -0.0178886 -0.07707523 1

-0.9787113 0.1776767 0.1027402 0
0.09328839 -0.06077886 0.9937825 0
0.1828163 0.9822103 0.04290977 0
0.103025 0.002805766 -0.150881 1

-0.9769893 -0.1887465 0.09933481 0
0.09382611 0.0379233 0.9948665 0
-0.1915444 0.9812938 -0.01934128 0
0.1014346 0.003575351 -0.1510475 1

-0.4701359 -0.8825398 0.009808873 0
0.8825405 -0.470201 -0.005818518 0
0.009747215 0.005921233 0.999935 0
-0.02401192 0.1128362 0.02413776 1

-0.4737918 -0.880637 0.0004008363 0
0.8806367 -0.473792 -0.0006845832 0
0.0007927821 2.864184E-05 0.9999998 0
-0.02387439 0.1126809 -0.02467584 1

-0.2612164 -0.9652804 1.042912E-07 0
0.9652804 -0.2612164 6.914242E-07 0
-6.401755E-07 2.812814E-07 1 0
-0.09758784 -0.01729131 -7.742232E-08 1

0.6400897 0.7682999 0.0006594956 0
-0.7682971 0.6400843 0.003423218 0
0.002207926 -0.002697855 0.9999939 0
0.1760917 -0.05111741 -0.0005266695 1

-0.9870889 -0.003532012 0.1601357 0
0.1601465 -0.002988028 0.9870892 0
-0.003007937 0.9999893 0.003515046 0
0.1054616 0.001605271 -0.1701842 1

-0.2427367 -0.9677843 0.06687774 0
0.9700667 -0.2426519 0.009514028 0
0.007020473 0.06718528 0.9977158 0
-0.1048381 -0.001796931 0.02823594 1

-0.2566445 0.1598911 -0.9531889 0
0.9661998 0.06726419 -0.2488648 0
0.02432422 -0.9848403 -0.1717497 0
-0.1060807 0.02507593 0.002538957 1

-0.2431087 0.9397217 0.2404614 0
-0.8304538 -0.3297387 0.4490206 0
0.5012441 -0.09053107 0.8605574 0
0.2143014 0.06597064 0.004002381 1

-0.2973735 -0.9547233 -0.008542416 0
-0.8013039 0.2447023 0.5459242 0
-0.5191157 0.1691883 -0.8377914 0
0.2136128 -0.07463287 -0.03027205 1

-0.6812425 -0.7287518 -0.06949866 0
0.7264021 -0.6611471 -0.1876827 0
0.09082527 -0.1783413 0.9797679 0
-0.006228149 0.1283849 0.05195827 1

-0.9437035 0.3140413 0.1039353 0
-0.1091783 -0.5922889 0.7982948 0
0.3122571 0.7420062 0.593231 0
0.04805268 0.1339694 -0.08990258 1

-0.914689 0.3704656 0.161555 0
0.1406648 -0.08292853 0.9865784 0
0.3788905 0.9251373 0.02374236 0
0.1616697 -0.00567846 -0.1677176 1

-0.9942899 0.09807061 -0.04207262 0
-0.04912853 -0.0706789 0.9962889 0
0.09473292 0.9926665 0.07509334 0
0.1657793 0.01695909 -0.127633 1

-0.6824355 -0.7309455 -0.001111527 0
0.7300403 -0.6815132 -0.05080958 0
0.03638152 -0.03548571 0.998708 0
-0.008053973 0.136216 -0.01845447 1

-0.9795609 -0.1996397 -0.02458703 0
-0.1312955 0.541991 0.8300648 0
-0.1523881 0.8163271 -0.557125 0
0.04342138 -0.1315355 -0.09940033 1

-0.9121194 -0.396577 0.1037575 0
0.07386604 0.08996366 0.9932025 0
-0.4032156 0.9135827 -0.05276405 0
0.1743124 0.009976288 -0.1539178 1

-0.9963189 -0.07797548 -0.03562617 0
-0.04266395 0.09053754 0.9949794 0
-0.07435828 0.9928363 -0.09353092 0
0.165503 -0.02142593 -0.1280472 1

-0.6018439 -0.7986137 1.658026E-07 0
0.7986137 -0.6018439 7.056412E-07 0
-4.637473E-07 5.570978E-07 1 0
-0.06975321 0.009352885 -7.600702E-08 1

-0.6795139 -0.7306081 0.06687802 0
0.7326485 -0.6805407 0.009513816 0
0.03856233 0.05546285 0.9977157 0
-0.07477976 0.03913447 0.02823597 1

-0.6711064 0.7413614 -0.0001897992 0
0.7413605 0.6711064 0.001071276 0
0.0009215813 0.0005782303 -0.9999994 0
0.06426954 -0.1000352 -0.02520102 1

-0.6825341 0.1489469 -0.7155156 0
0.7304839 0.1078796 -0.6743556 0
-0.02325365 -0.9829431 -0.1824348 0
-0.07445095 0.02148056 0.04282717 1

-0.6736119 -0.7390855 0.0003997417 0
0.7390852 -0.6736122 -0.0006856101 0
0.0007759951 -0.000166391 0.9999999 0
0.06470746 0.09995162 -0.02467569 1

0.8452904 0.5343071 -0.0002112025 0
-0.5343065 0.84529 0.00119256 0
0.0008157206 -0.0008952122 0.9999993 0
0.1898199 -0.1150467 -0.0001696837 1

-0.7344425 0.0003955236 0.6786712 0
0.6786686 -0.002367102 0.7344414 0
0.001896933 0.9999969 0.001470047 0
0.08894023 0.0005650201 -0.2630703 1

-0.8629755 -0.4564435 0.2166413 0
0.3318478 -0.8353851 -0.4381887 0
0.3809871 -0.306254 0.8723863 0
0.1093094 0.09751824 0.02417292 1

-0.6337242 0.7500768 0.1891531 0
-0.6710699 -0.6547037 0.347892 0
0.3847852 0.09353292 0.918255 0
0.2428191 0.1621384 0.04182148 1

-0.9053398 -0.3741371 -0.2009531 0
0.3425564 -0.9230188 0.1751922 0
-0.2510293 0.0897707 0.9638081 0
0.1077177 0.09907129 -0.003409595 1

-0.6631858 -0.736846 0.1313134 0
-0.6109239 0.6342821 0.4737706 0
-0.4323856 0.2339749 -0.8708034 0
0.2404165 -0.1742375 -0.00903729 1

-0.9333151 0.3161754 -0.170167 0
-0.339083 -0.6202481 0.7073299 0
0.1180946 0.7178624 0.6860961 0
0.1337885 0.136419 -0.04729002 1

-0.7906162 0.3679796 0.4894051 0
0.4964818 -0.08254612 0.8641137 0
0.3583746 0.926163 -0.1174327 0
0.1477836 -0.00506452 -0.2395431 1

-0.9862447 0.09203937 -0.1372978 0
-0.1440302 -0.0709755 0.9870251 0
0.08110027 0.9932227 0.08325561 0
0.2506276 0.0184117 -0.1040747 1

-0.9435009 -0.3179127 -0.09347595 0
-0.2564472 0.5218709 0.8135636 0
-0.20986 0.7915697 -0.5739135 0
0.130308 -0.1173273 -0.09015913 1

-0.7631854 -0.3892593 0.5157773 0
0.5260084 0.0893692 0.8457714 0
-0.3753189 0.9167829 0.1365483 0
0.1397661 0.00806959 -0.2466755 1

-0.983699 -0.04635084 -0.1737474 0
-0.1773943 0.09184458 0.9798453 0
-0.02945874 0.9946946 -0.09856969 0
0.2529687 -0.02896988 -0.09386697 1

0.9990591 -0.04336781 -0.0002092967 0
0.04336799 0.9990584 0.001193048 0
0.0001573598 -0.001201002 0.9999993 0
0.1229733 -0.2254877 -0.0001695453 1

-0.9720931 0.001514078 0.2345914 0
0.2345843 -0.003796529 0.9720889 0
0.002362427 0.9999914 0.00333536 0
0.3023084 0.0002842979 -0.1325229 1

-0.8455741 0.3668453 -0.3878524 0
-0.5336597 -0.6006538 0.5953342 0
-0.0145693 0.7103805 0.7036673 0
0.2063082 0.1255934 0.003041212 1

-0.8781402 -0.3725426 -0.3001368 0
-0.463322 0.5059814 0.727541 0
-0.1191764 0.7779428 -0.6169298 0
0.2120103 -0.1060059 -0.04327154 1

-0.9228185 0.3809041 0.05761004 0
0.02472196 -0.09068227 0.9955731 0
0.384442 0.9201573 0.07426656 0
0.3007016 -0.008550325 -0.1097853 1

-0.9174489 0.08045147 0.3896351 0
0.3844641 -0.07266197 0.9202761 0
0.1023491 0.9941068 0.03573295 0
0.2286769 0.02227599 -0.2583375 1

-0.6211513 0.7763987 0.1066615 0
-0.7399326 -0.6258537 0.2465916 0
0.2582083 0.07424862 0.9632323 0
0.3486344 0.1466104 0.09113085 1

-0.890709 -0.3933839 0.2277879 0
0.2082879 0.09221469 0.9737112 0
-0.4040475 0.9147384 -0.0001993651 0
0.2768464 0.009181807 -0.1625791 1

-0.9039132 -0.04733796 0.4250885 0
0.4198391 0.09166648 0.902958 0
-0.08171038 0.9946644 -0.06298425 0
0.2167245 -0.02863755 -0.2677796 1

-0.6731688 -0.7290583 0.1237658 0
-0.679856 0.6759992 0.2842904 0
-0.2909299 0.1072322 -0.950716 0
0.3464038 -0.1654438 0.06854989 1

0.9999471 0.01027454 -0.0002097422 0
-0.01027433 0.9999464 0.001196495 0
0.0002220249 -0.001194276 0.9999993 0
0.1506774 -0.2124082 -0.0001703341 1

-0.5877666 0.5676783 -0.5764297 0
0.6174373 0.7751558 0.133807 0
0.5227824 -0.2772619 -0.8061169 0
-0.2164843 -0.08530913 -0.1182277 1

-0.614893 0.7886101 -0.0002140957 0
-0.7886099 -0.6148925 0.00119202 0
0.0008083933 0.0009018024 0.9999993 0
0.09176014 0.2520624 -0.0001700246 1

-0.5869277 -0.6132743 -0.5285929 0
0.5554586 -0.7800029 0.2882031 0
-0.5890518 -0.1244572 0.7984537 0
-0.2023669 0.07906839 -0.1441702 1

-0.8530999 -0.2526901 -0.456474 0
-0.2077792 0.9670637 -0.1470207 0
0.4785903 -0.0305775 -0.877506 0
-0.06598629 -0.2491225 -0.03569566 1

-0.985257 -0.000282663 -0.1710814 0
-0.1710793 -0.003737434 0.9852507 0
-0.0009179051 0.9999928 0.003633929 0
0.434714 0.001065495 0.04386333 1

-0.8528941 0.2527045 -0.4568497 0
-0.208922 -0.9671335 -0.1449288 0
-0.4784589 -0.02816307 0.8776582 0
-0.06604961 0.2491187 -0.03557848 1

-0.8609665 0.4135682 -0.2961396 0
-0.362917 -0.09150615 0.9273176 0
0.3564104 0.9058635 0.2288746 0
0.3988119 -0.02233911 0.04715871 1

-0.6108662 0.7888022 0.06807505 0
-0.7915877 -0.606836 -0.07169233 0
-0.01524024 -0.0976814 0.9951016 0
0.4179159 0.09956929 0.2341148 1

-0.8782579 -0.3976894 -0.2655316 0
-0.3265805 0.09322147 0.9405615 0
-0.3492979 0.9127724 -0.2117501 0
0.3933865 0.01093089 0.04815091 1

-0.6526868 -0.7525492 0.08758108 0
-0.7576278 0.6484641 -0.07412681 0
-0.001009244 -0.1147356 -0.9933956 0
0.4207354 -0.1023784 0.2282797 1

-0.7271731 0.09879123 0.6793086 0
0.6745913 -0.0803396 0.7338071 0
0.127069 0.9918599 -0.008222871 0
0.1991306 0.01615818 -0.347394 1

-0.7076386 -0.05840659 0.7041567 0
0.6980227 0.09680229 0.7095028 0
-0.1096035 0.9935891 -0.02773196 0
0.1873674 -0.02503069 -0.3512761 1

-0.6882378 -0.001092927 -0.7254845 0
-0.7254734 -0.004810687 0.6882342 0
-0.004242247 0.9999878 0.002517965 0
0.4138225 0.001563771 0.3626671 1

-0.1790254 -0.8668079 -0.4653967 0
-0.9358764 0.2959418 -0.1911901 0
0.3034554 0.4013259 -0.8642066 0
0.1952986 -0.1632494 -0.02655175 1

-0.1788932 0.866636 -0.4657668 0
-0.9365982 -0.2949812 -0.1891299 0
-0.3012994 0.4024023 0.8644599 0
0.1952587 0.1633025 -0.02643634 1

-0.3717547 0.09967326 0.9229651 0
0.9214562 -0.08115786 0.3799113 0
0.1127728 0.991705 -0.06167368 0
0.1318394 0.01578518 -0.444818 1

-0.3600003 -0.05924225 0.9310697 0
0.9261475 0.09762659 0.3643084 0
-0.1124795 0.993459 0.01972134 0
0.1278539 -0.02468066 -0.4414403 1

-0.1674998 -0.889762 -0.4245796 0
-0.9761748 0.2099397 -0.05484849 0
0.1379382 0.4052767 -0.9037282 0
0.2268516 -0.1443998 -0.05672667 1

-0.1674383 0.8895885 -0.4249664 0
-0.9765015 -0.2089697 -0.05269427 0
-0.1356813 0.4061572 0.903674 0
0.2268338 0.1444533 -0.05660607 1

-0.8232339 -0.5656153 -0.04864207 0
-0.5648086 0.8073826 0.1706597 0
-0.05725507 0.1679662 -0.9841291 0
0.06257173 -0.2790554 -0.07935762 1

-0.8232567 0.5655448 -0.04906416 0
-0.5646729 -0.8069783 0.1730059 0
0.05824885 0.1701334 0.9836978 0
0.06258015 0.2790779 -0.0792266 1

